Submission_ID,Submission_Title,Submission_Text,Subreddit
7l7ag5,What did I get?,"awww I've done my own xanax detox before. It took me like 3 months but I was drinking at the same time and they're like substitutes for each other. So I never had a seizure but I also did it slow. If you need help with xanax absolutely get help--one of the few drugs that causes death from withdrawal not to mention it's deadly complications.

Please care for yourself. You sound like you might be a codependent.  I am too. It's not easy. But you have to put yourself first sometimes.",opiates
7o8vtx,When you're trying to register...,"awww I've done my own xanax detox before. It took me like 3 months but I was drinking at the same time and they're like substitutes for each other. So I never had a seizure but I also did it slow. If you need help with xanax absolutely get help--one of the few drugs that causes death from withdrawal not to mention it's deadly complications.

Please care for yourself. You sound like you might be a codependent.  I am too. It's not easy. But you have to put yourself first sometimes.",opiates
840ko4,Are some drug users seeking validation from their dealers?,"awww I've done my own xanax detox before. It took me like 3 months but I was drinking at the same time and they're like substitutes for each other. So I never had a seizure but I also did it slow. If you need help with xanax absolutely get help--one of the few drugs that causes death from withdrawal not to mention it's deadly complications.

Please care for yourself. You sound like you might be a codependent.  I am too. It's not easy. But you have to put yourself first sometimes.",opiates
