Comment_ID,Comment_Submission,Comment_Text,Subreddit
dwozxac,Lost my job of 4 years--the one thing is was proud of in my life,"Eventually we all have a moment like this, maybe not getting fired, but a moment that makes us feel so low and defeated that we need to make a change.  This was your wake up call.  You can absolutely turn your life around.  Use the feelings as motivation to change.  It will get better.",opiates
dwp03wn,DNC Chair on Oklahoma Teachers’ Walkout #okdemocrats,I was proud to see all the support our teachers got today.  We just need to remember this is bigger than one day of support.,okdemocrats
dwqfq8r,"What parents have you met that make you think, “Yep, that kid is FUCKED”?",I love this!  Do you mind me asking if they are accepting of your relationships now?,AskReddit
dwqkvnm,"What parents have you met that make you think, “Yep, that kid is FUCKED”?",I wish you all the luck and happiness in the world.  Hopefully someday they will fully accept you and your partnerships.  I cannot imagine the amount of courage it takes to come out.,AskReddit
dwr4t2u,"What parents have you met that make you think, “Yep, that kid is FUCKED”?",Pretty sure they moved across the street from me.  When we first moved here they would just walk into our house without knocking.  They stole a bunch of Pokémon cards from my son and their littlest tried to climb the gate to get into our pool.  I have very firm boundaries set now!,AskReddit
dwrmzia,For those worrying about bringing Kratom on board a plane:,I have traveled many times with kratom and never had an issue.  I even called TSA to make sure it was cool and they said is it legal?  I said yes where I’m from and where I’m going and they said no problem then.  It’s always been super easy.,kratom
dwrn9m8,Kratom & Bipolar Disorder?,I have bipolar 2 and I also take traditional meds but kratom has helped me immensely with my anxiety and depression,kratom
dwrqrmk,Kratom - Also an oneirogen?,"Yes kratom gives me very vivid, very strange dreams.",kratom
dwrrg6l,"Hey guys don't be like me, I just want to mention something to watch out for.",Mirilax is your friend,kratom
dwspinb,"When you're high, you think everybody knows it although no one does, and when you're drunk you think no one knows it although everybody does.",I have a year and four months clean from a pill addiction.  I hid the addiction for years and no one suspected a thing including close family members but now that I am sober they often think I’m high.  I think that they see the changes in me now and assume something must be up.  Nothing is more frustrating than to be sober and be accused of being high.,Showerthoughts
dwv0zyk,Oklahoma governor compares teachers to 'a teenage kid that wants a better car',The governor is so out of touch it is scary.,news
dwvb6r1,Oklahoma governor compares teachers to 'a teenage kid that wants a better car',Lol that she is.,news
dww165e,I made a Louis Vuitton Leather Wallet out of an old broken Louis Vuitton Bag,Wow this is great.  I’m so impressed with your skill!,DIY
dwx2xwo,My dick after 3 days off opiates,Exactly the same for us ladies,opiates
dwx3osy,I have never done any opiates. I've been browsing this sub for ~2 hours now.,Stay away!  I wish I had never picked up.  I have a hard fought year and four months clean.  Please take heed.,opiates
dwx3s5g,I have never done any opiates. I've been browsing this sub for ~2 hours now.,They are also highly addictive.  It is the rare person who can chip and remain a chipper.,opiates
dwx64wr,I have never done any opiates. I've been browsing this sub for ~2 hours now.,Good points.,opiates
dwx6fj3,I never loved pink so much 💕 she took off one of my doses a day but at least I still get 90. She told me I'm too young to need that much 😂.,I wish with all my heart I could have gotten my scripts under control.  Now here I am in chronic pain and no meds.  I regret my inability to control myself so that I would have had them when I need them.  I wish you all the luck in the world.  Just remember the pain you were in those two weeks and try to never get back to that place.  Much love.,opiates
dwx6nva,Why do you go on one last binge before rehab?,Somehow going out with a bang (no pun intended) makes it easier.  Knowing that it will be your last time helps to prepare you mentally.  I never knew my last time was my last time and I wish I had that opportunity but there is no going back now.,opiates
dwx6xaq,going to end up homeless soon..any tips?,Please don’t.  It’s never too late to turn things around.,opiates
dwx72yb,Is making the jump from prescription pills to heroin really as big of a deal as it's made out to be?,"Yes it is a big deal.  With prescription pills you know what you are getting.  Heroin, not so much.  It could be laced with fentanyl or carfentanyl.  It is much easier to determine how much you are taking when you are taking regulated meds.  Good luck.",opiates
dwx8l1z,I never loved pink so much 💕 she took off one of my doses a day but at least I still get 90. She told me I'm too young to need that much 😂.,Amen to that my friend.,opiates
dwxaspv,"I need to quit, at least for awhile. What has worked for you?",Taper if you can.  It can be very difficult but it does work if you stick to the routine.  It will dramatically decrease the withdrawals.  Good luck,opiates
dwxgjgh,[UPDATE] I [24F] am moving in with my boyfriend [24M] of 1 year in the spring. My mother [60sF] has a very traditional opinion on cohabiting and will not take this news well.,"Good for you, so happy things are working out",relationships
dwxgobl,Escape from Hell,Great story!,shortscarystories
