Submission_ID,Submission_Title,Submission_Text,Subreddit
4y7fbx,Out of nowhere,"Eventually we all have a moment like this, maybe not getting fired, but a moment that makes us feel so low and defeated that we need to make a change.  This was your wake up call.  You can absolutely turn your life around.  Use the feelings as motivation to change.  It will get better.",OpiatesRecovery
4zt21b,Nope not today.,"Eventually we all have a moment like this, maybe not getting fired, but a moment that makes us feel so low and defeated that we need to make a change.  This was your wake up call.  You can absolutely turn your life around.  Use the feelings as motivation to change.  It will get better.",opiates
664wx5,5 months,"Eventually we all have a moment like this, maybe not getting fired, but a moment that makes us feel so low and defeated that we need to make a change.  This was your wake up call.  You can absolutely turn your life around.  Use the feelings as motivation to change.  It will get better.",opiates
669tt7,This shit cracked me up.,"Eventually we all have a moment like this, maybe not getting fired, but a moment that makes us feel so low and defeated that we need to make a change.  This was your wake up call.  You can absolutely turn your life around.  Use the feelings as motivation to change.  It will get better.",opiates
67y1ay,Sober/not sober/ somewhere in the middle,"Eventually we all have a moment like this, maybe not getting fired, but a moment that makes us feel so low and defeated that we need to make a change.  This was your wake up call.  You can absolutely turn your life around.  Use the feelings as motivation to change.  It will get better.",opiates
684790,When I'm 80,"Eventually we all have a moment like this, maybe not getting fired, but a moment that makes us feel so low and defeated that we need to make a change.  This was your wake up call.  You can absolutely turn your life around.  Use the feelings as motivation to change.  It will get better.",opiates
6anb6n,This song played a huge part in my recovery,"Eventually we all have a moment like this, maybe not getting fired, but a moment that makes us feel so low and defeated that we need to make a change.  This was your wake up call.  You can absolutely turn your life around.  Use the feelings as motivation to change.  It will get better.",opiates
6bjbw7,Guilt and self hatred,"Eventually we all have a moment like this, maybe not getting fired, but a moment that makes us feel so low and defeated that we need to make a change.  This was your wake up call.  You can absolutely turn your life around.  Use the feelings as motivation to change.  It will get better.",opiates
6dba4y,Important to keep in mind,"Eventually we all have a moment like this, maybe not getting fired, but a moment that makes us feel so low and defeated that we need to make a change.  This was your wake up call.  You can absolutely turn your life around.  Use the feelings as motivation to change.  It will get better.",opiates
6g2rhp,Quick question,"Eventually we all have a moment like this, maybe not getting fired, but a moment that makes us feel so low and defeated that we need to make a change.  This was your wake up call.  You can absolutely turn your life around.  Use the feelings as motivation to change.  It will get better.",opiates
6o1xht,Worried little egg face,"Eventually we all have a moment like this, maybe not getting fired, but a moment that makes us feel so low and defeated that we need to make a change.  This was your wake up call.  You can absolutely turn your life around.  Use the feelings as motivation to change.  It will get better.",Pareidolia
6o5ia5,Reddit karma question,"Eventually we all have a moment like this, maybe not getting fired, but a moment that makes us feel so low and defeated that we need to make a change.  This was your wake up call.  You can absolutely turn your life around.  Use the feelings as motivation to change.  It will get better.",AskReddit
6o5k9b,The grinch,"Eventually we all have a moment like this, maybe not getting fired, but a moment that makes us feel so low and defeated that we need to make a change.  This was your wake up call.  You can absolutely turn your life around.  Use the feelings as motivation to change.  It will get better.",Pareidolia
6uhpab,Kicking kratom after kicking pills,"Eventually we all have a moment like this, maybe not getting fired, but a moment that makes us feel so low and defeated that we need to make a change.  This was your wake up call.  You can absolutely turn your life around.  Use the feelings as motivation to change.  It will get better.",opiates
6xmb8v,"Mentioned again, fam. This place is getting too hot.","Eventually we all have a moment like this, maybe not getting fired, but a moment that makes us feel so low and defeated that we need to make a change.  This was your wake up call.  You can absolutely turn your life around.  Use the feelings as motivation to change.  It will get better.",opiates
71btb0,Happy dresser,"Eventually we all have a moment like this, maybe not getting fired, but a moment that makes us feel so low and defeated that we need to make a change.  This was your wake up call.  You can absolutely turn your life around.  Use the feelings as motivation to change.  It will get better.",Pareidolia
73mef4,Just met this little guy in Mexico!,"Eventually we all have a moment like this, maybe not getting fired, but a moment that makes us feel so low and defeated that we need to make a change.  This was your wake up call.  You can absolutely turn your life around.  Use the feelings as motivation to change.  It will get better.",iguanas
74z8v5,Promises,"Eventually we all have a moment like this, maybe not getting fired, but a moment that makes us feel so low and defeated that we need to make a change.  This was your wake up call.  You can absolutely turn your life around.  Use the feelings as motivation to change.  It will get better.",opiates
78438u,Homemade crab boil,"Eventually we all have a moment like this, maybe not getting fired, but a moment that makes us feel so low and defeated that we need to make a change.  This was your wake up call.  You can absolutely turn your life around.  Use the feelings as motivation to change.  It will get better.",food
7assjc,Looking for support,"Eventually we all have a moment like this, maybe not getting fired, but a moment that makes us feel so low and defeated that we need to make a change.  This was your wake up call.  You can absolutely turn your life around.  Use the feelings as motivation to change.  It will get better.",opiates
7cypr9,Free pass,"Eventually we all have a moment like this, maybe not getting fired, but a moment that makes us feel so low and defeated that we need to make a change.  This was your wake up call.  You can absolutely turn your life around.  Use the feelings as motivation to change.  It will get better.",opiates
7d0k6d,Shitposr drunk and scared.,"Eventually we all have a moment like this, maybe not getting fired, but a moment that makes us feel so low and defeated that we need to make a change.  This was your wake up call.  You can absolutely turn your life around.  Use the feelings as motivation to change.  It will get better.",opiates
7duk4i,Officially 1 year,"Eventually we all have a moment like this, maybe not getting fired, but a moment that makes us feel so low and defeated that we need to make a change.  This was your wake up call.  You can absolutely turn your life around.  Use the feelings as motivation to change.  It will get better.",opiates
7e3mge,Lovey dovey,"Eventually we all have a moment like this, maybe not getting fired, but a moment that makes us feel so low and defeated that we need to make a change.  This was your wake up call.  You can absolutely turn your life around.  Use the feelings as motivation to change.  It will get better.",opiates
7z0nxx,An documentary on opioids,"Eventually we all have a moment like this, maybe not getting fired, but a moment that makes us feel so low and defeated that we need to make a change.  This was your wake up call.  You can absolutely turn your life around.  Use the feelings as motivation to change.  It will get better.",Documentaries
