Comment_ID,Comment_Submission,Comment_Text,Subreddit
dw7jeb9,Now that craigslist personals has shut down: what were your best memories of using personals?,Was this in PA? I knew a gay guy who would do this. He lived an hour or so outside philly. Probably a long shot since it is probably pretty common,AskMen
dwd19tb,Craigslist shut down their personals section and now I'm sad,So? The legislation still makes consenting adult sex workers less safe regardless of whether the work is illegal. It is still more safe for people to engage when they can use technology to screen clients/workers. The fact that it’s illegal doesn’t mean it doesn’t go on. It also doesn’t mean that we should pass legislation that will make people less safe bc they engage in an underground industry. It’s illegal but it’s going to happen regardless and we should try to keep people as safe as we can.,confession
dwdi4kx,First one,Nice!,opiates_gonewild
dwdixft,Earning that hustle,"It’s scary. I’m not sure where my mom got it from. Her mom, my grandmom is super tidy. The woman is in her 90s and spends all her time cleaning. It’s so sad to watch my sister go down the same road as my mom but none of them seem to want help either. She asked me to clean but she won’t change her behavior so the house will be a pigsty again within days. Even as I was cleaning she was leaving trash around...",opiates
dwdj32j,Earning that hustle,"Do you have much contact with them? Luckily I don’t have to see mine that often, we live in different states and I work fulltime. My sister, her husband and kids are planning to come visit me this summer and I’m already nervous. Even though I won’t be in their home and they are staying in a hotel... just so much tension!",opiates
dwdjym3,Earning that hustle,That’s really good of you to stand your ground on the common areas. I’m so glad I don’t live with my family members! My parents are divorced and I aired my issues with my dad last night. He said one of the reasons he left my mom was bc he couldn’t deal with her hoarding too. It’s weird to see someone flip out over having to throw trash out...,opiates
dwdk753,Earning that hustle,She uses plates?! My sister uses paper plates and plastic cutlery bc they don’t like to run the dishwasher. Of course these accumulate all over the house bc they don’t throw them out. I wish I had a dishwasher- I scrub all mine by hand. It’s soooo wasteful. I tried the whole safety issue- “what if your 2 year old chokes on a month old fig newton she finds?” My sister has an excuse for everything though. I’m so thankful I don’t have to see them often but when I do it gets me so tensed!,opiates
dwdxtmi,Earning that hustle,He was complaining to me about it but honestly he’s a bit of a doormat. He said he had to argue with her to start throwing away the unused diapers their 2 year old grabs from the bin to play with while she’s being changed. (There were a lot of these unused diapers still all over the floor). I can tell it bothers him but he’s kinda sloppy too. Not as bad as my mom and sis but he’s living in it somehow,opiates
dwdyeoh,Earning that hustle,🤷‍♀️,opiates
dwefoxe,Earning that hustle,"Wow! I can totally relate. Growing up our basement was “storage” too. And the part about the guests... my sister had me clean her home bc she’s too embarrassed to hire a housekeeper even though she can afford it. 
I too threw out stuff that was never used/Work while my sister was busy just shuffling a few things into bags to move to another room. 
It’s really sad to witness. Hopefully you moved out too?",opiates
dweuz2a,Earning that hustle,"Aw man, sorry to hear. Hopefully you can save up and get out soon...
You’re def not alone at least.",opiates
dwfidu0,[Conflicted] I am sex worker and I have alot to confess,"I was a sex worker for a year and can relate to a lot of what you said in your post- especially the parts about being treated as sub human and the alienation that comes with the territory. I joined some Facebook groups specifically for sex workers (mostly in the US). If you’re interested in connecting with other people who can relate, message me and I’ll send you the invites. A lot of my friends are still in sex work and it pains me to see how much secrecy they are forced to live in. I’m all for normalizing the industry and making it safer, especially where it’s still illegal. Anyway, I’m mostly here to say you’re a person no matter what and deserve the basic respect of any other human. Keep makin that money, lady!",confession
dwfknj2,Crazy shit my roommate says volume 3 : hardcore edition,Can you involuntarily commit her?,opiates
dwhf8tv,How to get high,"I’m where you’re at too. I won’t shoot but I can’t catch a nod to save my life.
Question tho- how quickly does the high from shooting end? Will you always be able to nod if you shoot or does that also get old as tolerance rises?",opiates
dwjb5h1,"Prostitutes of Reddit, what is the weirdest request you've gotten from a customer?",Were you working in NYC? There’s a notorious dental fetish guy there. I’ve seen him before when I was in the industry. He’s also mentioned in one of the Hookers On The Point HBO docs...,AskReddit
dwjb9z9,"Prostitutes of Reddit, what is the weirdest request you've gotten from a customer?",Carpet Jim!,AskReddit
dwjep0k,"Prostitutes of Reddit, what is the weirdest request you've gotten from a customer?",I think his name is Dave or Dan or something. Probably the same dude- I’ve never heard of anyone else with this kink. I worked for a dungeon in Manhattan,AskReddit
dwjq1d1,My mom tried to kill herself and I don't want to visit her,"As someone who survived a suicide attempt, could she possibly feel as though she is a burden and killing herself would be a favor to you/your family? Everyone always says how selfish suicide is, but I think most suicidal people feel like the world would be better off without them. Just something to think about...",confession
dwjr9ei,This bitch who blocked me so she could flirt with the guy I was pursuing on his Instagram and Facebook without me seeing her comments.,"I thought this subreddit was for bad eyebrows, not petty vindictiveness...",awfuleyebrows
dwjtu7j,This bitch who blocked me so she could flirt with the guy I was pursuing on his Instagram and Facebook without me seeing her comments.,They aren’t great but your title makes it sound like you’re more upset about what she did to you than her eyebrows... just comes across as petty is all.,awfuleyebrows
dwktqz1,"What one product screams ""I'm trashy"" more than anything?",[what about this](https://imgur.com/gallery/UGV8w) ?,AskReddit
dwtah79,She posts stuff like this regardless of her family and friends opinions because she ‘can do what she wants’.,I do what I want,trashy
dwuvvs3,Physical work,I actually like snorting h before hitting the gym/exercising (and after). I’ve been taking pole dance classes for almost 2 years now- anyone who’s ever done it knows how painful it can be so I prefer a little numbing before I bang and bruise myself on a pole for an hour. Maybe this is just me?,opiates
dwuwp1c,JJ saves in miraculous ways,"Oh man when I was 17 I was the passenger in a pretty mean accident. The driver, my friend, was loaded on Xanax and other rx drugs (as was I). Anyway, he thought the car in front of us was going to go through a yellow but they stopped short, causing my friend to hit them from behind. The car we were in was basically totaled. I, not wear a seatbelt (dumb move), ended up getting a concussion that I didn’t even know about until after I woke up vomiting the next morning. 
Anyway- my friend, in his fucked up state, decided to call the cops despite the car we hit driving away- they were obviously fine and probably also fucked up. He ended up getting arrested, DUI, suspended license. They just told me to go home (illegal since I was a minor and had a head injury but whatever). Still can’t believe my friend called the cops on himself... 
oh and he was so high he forgot to throw the weed in his pocket out. Luckily they didn’t find the percs we had stored in the glove compartment.",opiates
dwv1nsn,JJ saves in miraculous ways,Because I was a dumb 17 year old. I wear them now. Lesson learned...,opiates
