Submission_ID,Submission_Title,Submission_Text,Subreddit
6hh9db,Day Nodda/dope poetry,Was this in PA? I knew a gay guy who would do this. He lived an hour or so outside philly. Probably a long shot since it is probably pretty common,opiates
6ie4kt,Dope(sick) Poetry,Was this in PA? I knew a gay guy who would do this. He lived an hour or so outside philly. Probably a long shot since it is probably pretty common,opiates
6jwt9n,Lost one close to me,Was this in PA? I knew a gay guy who would do this. He lived an hour or so outside philly. Probably a long shot since it is probably pretty common,opiates
6ktjd2,Back to subs,Was this in PA? I knew a gay guy who would do this. He lived an hour or so outside philly. Probably a long shot since it is probably pretty common,opiates
6ogfc8,DanceSafe now offering Fentanyl Test Strips,Was this in PA? I knew a gay guy who would do this. He lived an hour or so outside philly. Probably a long shot since it is probably pretty common,opiates
6qfhpd,Drunken shitposy,Was this in PA? I knew a gay guy who would do this. He lived an hour or so outside philly. Probably a long shot since it is probably pretty common,opiates
6qsm7w,A little Nod List,Was this in PA? I knew a gay guy who would do this. He lived an hour or so outside philly. Probably a long shot since it is probably pretty common,WNOD
6qvz8c,Follow the bouncing ball,Was this in PA? I knew a gay guy who would do this. He lived an hour or so outside philly. Probably a long shot since it is probably pretty common,opiates
6u4yi4,Pharmacy Phuck Up!,Was this in PA? I knew a gay guy who would do this. He lived an hour or so outside philly. Probably a long shot since it is probably pretty common,opiates
6xeb2y,Let's Talk Tolerance Breaks,Was this in PA? I knew a gay guy who would do this. He lived an hour or so outside philly. Probably a long shot since it is probably pretty common,opiates
6yaou3,Pat the bunny- never coming home,Was this in PA? I knew a gay guy who would do this. He lived an hour or so outside philly. Probably a long shot since it is probably pretty common,WNOD
6yareo,Neeks ft Lil Peep- Mo Murda,Was this in PA? I knew a gay guy who would do this. He lived an hour or so outside philly. Probably a long shot since it is probably pretty common,WNOD
72f29z,Crossword puzzle trying to tell me something?,Was this in PA? I knew a gay guy who would do this. He lived an hour or so outside philly. Probably a long shot since it is probably pretty common,opiates
7381yf,Chris_tophr ft Dope Chic: DOPE (prepare to get this stuck in your head),Was this in PA? I knew a gay guy who would do this. He lived an hour or so outside philly. Probably a long shot since it is probably pretty common,WNOD
73cjfx,Put on a happy face,Was this in PA? I knew a gay guy who would do this. He lived an hour or so outside philly. Probably a long shot since it is probably pretty common,opiates
75iccb,Birtday,Was this in PA? I knew a gay guy who would do this. He lived an hour or so outside philly. Probably a long shot since it is probably pretty common,opiates
76pyxt,NPR on involuntary rehab in MA,Was this in PA? I knew a gay guy who would do this. He lived an hour or so outside philly. Probably a long shot since it is probably pretty common,opiates
78nnlx,RIP,Was this in PA? I knew a gay guy who would do this. He lived an hour or so outside philly. Probably a long shot since it is probably pretty common,opiates
79nc9s,Bernese Method,Was this in PA? I knew a gay guy who would do this. He lived an hour or so outside philly. Probably a long shot since it is probably pretty common,opiates
7ezpa8,Drug Dream,Was this in PA? I knew a gay guy who would do this. He lived an hour or so outside philly. Probably a long shot since it is probably pretty common,opiates
7sxqlw,Flu like symptoms,Was this in PA? I knew a gay guy who would do this. He lived an hour or so outside philly. Probably a long shot since it is probably pretty common,opiates
80182c,So I kinda inherited a syringe bouquet by Ron English (cat for scale),Was this in PA? I knew a gay guy who would do this. He lived an hour or so outside philly. Probably a long shot since it is probably pretty common,opiates
80g0l7,GG Neeks fans? GG Neeks- Junk in Love,Was this in PA? I knew a gay guy who would do this. He lived an hour or so outside philly. Probably a long shot since it is probably pretty common,WNOD
84gt1x,Anti-Birthday,Was this in PA? I knew a gay guy who would do this. He lived an hour or so outside philly. Probably a long shot since it is probably pretty common,opiates
87khbw,Earning that hustle,Was this in PA? I knew a gay guy who would do this. He lived an hour or so outside philly. Probably a long shot since it is probably pretty common,opiates
