Comment_ID,Comment_Submission,Comment_Text,Subreddit
cymo5oi,Anyone ever get the old bait & switch from your dboy?,People actually pay for tramadol? I wouldn't even take em if they were free lol,opiates
cz67u7w,Someone feed the monkey,Who down votes and A Perfect Circle lyric? And it's about dope. So sad.,opiates
cz6als5,Pokemon on my watch.,"Sorry for it being sideways I don't know how that happened. Probably cause I'm on my phone. But gbc emulator for smart watches gotta love it. 

Thought I should add that pokemon runs at full speed.",pokemon
cz6auen,Pokemon on my watch.,"Bonus crystal pic. 
http://imgur.com/pxsiPxV",pokemon
cz9ecbo,How many of y'all use then dip?,Yessir. Or nodding out with a dip and waking up with half your mouth numb. Always a good time. One time I woke up with a chew still in said fuck it laid back down with it still in. I knew it was there. Was just too tired/high to care lol,opiates
cz9gkmn,How many of y'all use then dip?,Right that shits definitely no fun haha,opiates
czcatfq,What foreign language movie would you recommend?,Ong Bak 2 and 3. The first was okay but 2 and 3 are amazing.,AskReddit
czg2nt8,ELI5: Why do the scents of marijuana and skunk spray smell so much alike?,"There are things called terpenes in both and that is what creates the smell you smell. The same terpenes exist in both weed and skunk scents. The same with pine, mangoes, and basically anything else that has smells similar to weed. Which is why weed smells like so many different things. There are and don't quote me. I believe thousands of different terpenes for weed and other things. Terpenes are also what gives weed it's taste.",explainlikeimfive
czg2ogo,ELI5: Why do the scents of marijuana and skunk spray smell so much alike?,Kinda surprised this wasn't answered yet.,explainlikeimfive
czg364w,ELI5: Traffic giving way at a curve then traffic picking up again.,Because people are stupid as fuck and don't know how to drive. That's my conclusion at least. Seems mostly right too.,explainlikeimfive
czhenam,Saving some for the morning,I feel you when I first started I would always have some for the morning. Now it's so hard to save even a little bit just to not be sick when I wake up.,opiates
czhg5pm,Dope sticker that came with my Witcher 3 that I decided to put on my phone case. Looks as awesome as I thought it would.,The fuck? Yeah I'm 15 lol how did you even come to that conclusion? Are you sure you're not 15?,gaming
czhjcsn,Saving some for the morning,I feel you on that whenever I do have some for the morning I wake super early after staying up late just being high haha shits fucked,opiates
czt8bxz,Tramadol,Damn this got a lot more replies then I thought it would. Alot of people defending tramadol. I mean I guess you like what you like. There's no way I would pay a dollar a pill for them though. Even if I got them for free i don't even feel like I would come out on top I would need at least 40 of them to sell just to get some dope and that sounds like way too much work lol,opiates
d03q5ay,What should I name my sloth?,Lol I would definitely go with Nod as well. Too goofy that it's a recommended name haha perfect.,opiates
d07v3ev,Munchie Thread.,Munching on some candy. Buckeyes to be exact. And a cigarette lol,opiates
d07w2b9,Munchie Thread.,Doesn't taste too bad especially with the chocolate. Meshes well. It's the filter that doesn't taste that good.,opiates
d0lp0ez,Red hots,Check that old school Chili though Freaky Styley and Mothers Milk. So good it's that old school funk,opiates
d1zeumu,OD and fractals,That's crazy. The thing with hearing the people calling your name though. I had that too a bit but it was weird it was while I was in the hospital  I kept hearing my name being called from behind me except the only thing behind me was a wall it was like I was still connected to another me in a different reality. Another thing I forgot to add was when I was coming to I remember seeing another me next to me where the patterns converged. It was almost as if I had a choice of where I wanted to return to reality.,opiates
d1zgagu,OD and fractals,That thought definitely crossed my mind. It definitely was a trip. So hard to describe. I felt like I was floating through all the fractals and patterns and I was searching for me the whole time. I didn't really realize that's what I was searching for until I was almost there. Where the patterns converged was me. Such a crazy trippy experience.,opiates
d1zhm1u,OD and fractals,Lol I feel it that mostly how my first one was. That's why I posted about this one it was so crazy and not what I expected,opiates
d1zj7c3,OD and fractals,Lol its all good it actually was a pretty cool experience but what brought it on was not cool lol,opiates
d6nf1d3,What's the most potent opiate out there?,Look up bently compounds. Not sure if they're opiods but they in the tens of thousands times stronger than morphine,opiates
dfo5hff,Name an album that people would be surprised is 10+ years old,"Tool ""10,000 Days"" and still waiting for the new album",Music
dwvlb24,Naltrexone,Word. Makes sense. I tried a little bit didn't really feel too much. Think it was mostly in my head lol. Guess I gotta wait till tomorrow.,opiates
