Submission_ID,Submission_Title,Submission_Text,Subreddit
3dmitb,Hydro for wd?,People actually pay for tramadol? I wouldn't even take em if they were free lol,opiates
3fb7ye,Rehab,People actually pay for tramadol? I wouldn't even take em if they were free lol,opiates
3l3t42,Purple dope,People actually pay for tramadol? I wouldn't even take em if they were free lol,opiates
3m4667,Fuck a waiting.,People actually pay for tramadol? I wouldn't even take em if they were free lol,opiates
3uuccx,No motivation.,People actually pay for tramadol? I wouldn't even take em if they were free lol,opiates
3uyeba,I'll be there in ten,People actually pay for tramadol? I wouldn't even take em if they were free lol,opiates
3x0xs3,Almost died?,People actually pay for tramadol? I wouldn't even take em if they were free lol,opiates
3y5ysv,Baklava,People actually pay for tramadol? I wouldn't even take em if they were free lol,opiates
3yzz11,Worst new years ever,People actually pay for tramadol? I wouldn't even take em if they were free lol,opiates
3z6m7x,I swear this dude is the slowest to re up,People actually pay for tramadol? I wouldn't even take em if they were free lol,opiates
3zhe6w,Final fantasy,People actually pay for tramadol? I wouldn't even take em if they were free lol,opiates
41yhd9,Someone feed the monkey,People actually pay for tramadol? I wouldn't even take em if they were free lol,opiates
41yzf1,Pokemon on my watch.,People actually pay for tramadol? I wouldn't even take em if they were free lol,pokemon
41z4r8,Pokemon on smart watch.,People actually pay for tramadol? I wouldn't even take em if they were free lol,pokememes
43dc3s,Saving some for the morning,People actually pay for tramadol? I wouldn't even take em if they were free lol,opiates
43dd05,Dope sticker that came with my Witcher 3 that I decided to put on my phone case. Looks as awesome as I thought it would.,People actually pay for tramadol? I wouldn't even take em if they were free lol,gaming
43dgar,Akavir,People actually pay for tramadol? I wouldn't even take em if they were free lol,ElderScrolls
44tght,Tramadol,People actually pay for tramadol? I wouldn't even take em if they were free lol,opiates
4eeden,OD and fractals,People actually pay for tramadol? I wouldn't even take em if they were free lol,opiates
4yfuvc,Two friends passed,People actually pay for tramadol? I wouldn't even take em if they were free lol,opiates
6nxwxt,Universe theory,People actually pay for tramadol? I wouldn't even take em if they were free lol,dbz
8a3fz5,Naltrexone,People actually pay for tramadol? I wouldn't even take em if they were free lol,opiates
zunt0,f 23 m 20. crazy female dicked me.,People actually pay for tramadol? I wouldn't even take em if they were free lol,relationships
