Comment_ID,Comment_Submission,Comment_Text,Subreddit
dw7d4e0,The needle really is a beast of its own,Lol that pink dope u post has methadone in it,opiates
dw83snp,The needle really is a beast of its own,really cause most of the shit down here thats pink purple green use it as a cut,opiates
dw895nf,The needle really is a beast of its own,True hahah. How much r u paying? I dont do the stuff but I get killer dealz on pink and better shits like 28-3 per oz,opiates
dw90ctf,Meth in a vape mod,Lol you must feel real cool insulting people behind a computer screen on your keyboard.,Stims
dw90dke,The needle really is a beast of its own,Yeeeeeeeeah i get pink a bit cheaper then that the price sounds about right though!,opiates
dwanr4l,Stuff on Left From Home(my dboy). Stuff on the right 4rm DNM. Stuff from DNM the Worst. No BS maybe like 18% meth.,Yep i always ignore online esp. For reloading cause i know that some dnm vendors would use rcs in place of actual side,Stims
dwapu0r,Shiny Shards. Courtesy of new plug. And $50,I love shards like these. 100% killz - happy tweaking,Stims
dwe7e3s,Crackhead?! You got me all the way fucked up.,The streets,Stims
dweh1xj,Hello anyone who wants their account to be loaded?Pm me! 100% cash out atm,Dm me contact info,fraud
dwfs7nn,Hypothetically. How would someone rid of CC and SS info?,Pm me some contact info?,fraud
dwgnnws,Anyone ever get red sprinkles in their product ?,Wonder what cut that is. Lol,opiates
dwgs8d0,U/TheRealBeebo Goof Alert. Don’t trust/respect,"Lol BC drama right here

But still you are fucked in my opinion if u think ""only idiots get charged"". Things happen that are out of your control.",Stims
dwgsadq,Tasty little pack.,I get the same shit sorta oily / wet right ?? Kill 😎😎😎,Stims
dwgsgh6,Anyone ever get red sprinkles in their product ?,Cant believe ppl cutting their dope with that shit,opiates
dwgsj71,Has anyone bought from sites like theses? Seems too good to be true...,Wish i had a plug here for these with decent prices. My guy tryna charge 25 a piece.,opiates
dwict17,Anyone ever get red sprinkles in their product ?,Interesting! Ive never seen it used as a cut around here tbh.,opiates
dwicwr6,Has anyone bought from sites like theses? Seems too good to be true...,Im used to getting it for 15 or 20 a piece 2 years ago,opiates
dwimavq,Has anyone bought from sites like theses? Seems too good to be true...,For me it was a change in connections as I got charged a couple years ago for offences related to trafficking.,opiates
dwirwi3,Chase login ;) I love them.,Chase to bitcoin still working ? 🔥,FraudForNoobs
dwjxujo,Hello anyone who wants their account to be loaded?Pm me! 100% cash out atm,I added u yesterday. Awaitjng a response,fraud
dwjxxe1,Can someone explain me the Atm cashout method and if this is still a thing I get a reader/writer I have dumps and plastics once I make it can I go to a atm and cashout?,How does dumps have to do with being a scammer. Lol. You are also butthurt.,scamming
dwqy1gn,iPhone X from Amazon?,Yeah it is but how do you knkw this guy is legit lol.,Fraudforum
dwqy297,The new fraud subreddit is finally here.,Finally,onions
dwrqexi,iPhone X from Amazon?,Well if its legit lemme know and ill buy some as well and throw u a lil bit of paper,Fraudforum
dwrqfk5,iPhone X from Amazon?,Yeah same as cvv,Fraudforum
