Comment_ID,Comment_Submission,Comment_Text,Subreddit
dvpc4qh,These seem real to you? (80s) *harm reduction*,I honestly highly doubt anyone would bother making fake/pressed OPs.,opiates
dvtq226,9 for 200 isnt badddddddddd.,I got 70 for like 950 today.,opiates
dvu4gfq,9 for 200 isnt badddddddddd.,"https://imgur.com/a/LG3Fr

Camera sucks but you get the idea",opiates
dvv27di,9 for 200 isnt badddddddddd.,They're not bad and they smoke like the original ocs did.,opiates
dvv4nug,Question about overdosing with a high toleranxe,"That's kind of what i figured. Ive recently noticed that my breathing gets really shallow towards the end of the night which has never happened before. 

The way i see it, I'd probably nod out/fall asleep before overdosing.",opiates
dvyguzx,🙃,I litereally lol'd,opiates
dw01n0j,Friends Vs Junkie Friends,"I have a few friends from before i started using who im still close with. 

If the only thing you have in common with someone is drugs, they're prob not a ""real"" friend.",opiates
dw17qzc,Why do people smoke heroin if it’s such a waste?,I was smoking Roxies for 7 years. It is definitely not a waste.,opiates
dw27x5l,Nice little score of G74 before the impending storm in the north east.,I was uo to 4 of these a day.. And I'm a small guy. Super rough on the body,opiates
dw2x5y3,Why are so many people posting “fake or not” photos of pills. There is no way anyone can be 100 percent sure based on sight alone what is in your pill. It’s flooding this sub and turning people away who actually need harm reduction. Please stop.,There should just be one thread where everyone posts their pics regarding being real or not.,opiates
dw8tej5,Cold copping tips,"No thanks.. That's way too much work. Ill just create about the 350th thread about it ;)

/s",opiates
dw8ukww,What's the craziest rehab you've been to?,"I've been to inpatient once back in 2010.. At first I spent 5 days in a state run facility at a nj hospital and then was taken to 30 day private program in pa (caron) which was incredible.. 

The first one was blah.. The nurses were surprised that i didn't have track marks though my chart said i was there for opiates. It was just a bland hospital setting with underpaid and overworked state employees. However the second one included walks in the woods, gym, great food, weekly novie and pizza nights along with outings, etc.... 

Unfortunately one of the guys I was with during my stay ended up murdering his ex gf and their unborn child in her sleep. It was surprising in that the guy seemed like a gentle giant who wouldn't hurt a fly but then again in that same vain, as ""they"" say, ""it's always the ones you would least expect.""",opiates
dw8uycg,I just appreciate living.,Are you not using opiates currently? Or what contributed to your thoughts and emotions changing in a positive manner?,opiates
dwagva9,Hate seeing this sub in /trashy,So uh.... What's the link to the thread please?,opiates
dwd9s3c,"Just spent 2k +, can anyone tell me if these are real",I can like never tell even though I've known my guy for years!!!! Lololololz,opiates
dwd9yit,"Just spent 2k +, can anyone tell me if these are real",https://imgur.com/a/tR5tN,opiates
dwd9zns,"Just spent 2k +, can anyone tell me if these are real",https://imgur.com/a/tR5tN,opiates
dwdac2j,"Just spent 2k +, can anyone tell me if these are real",This post was a joke,opiates
dwgjilr,Retarded things / Horror stories from rehabs you have attended?,"Well yeah, that's one of the points lmao.",opiates
dwhawwz,Retarded things / Horror stories from rehabs you have attended?,"The point is structure brah, which chances are if you end up in rehab, you lack in your daily life.",opiates
dwjwwdd,What's your secret stash spot ?,Whats FOAF? Never saw that before now.,opiates
dwoal92,Someone mentioned a relationship between higher opioid prescriptions and lower median incomes by state,Its cause of Medicaid. Read the book Dreamland.,opiates
dwswuew,Do you guys ever get tired of this life?,"Yes, so i got a script for subs. Lesser of the two evils.",opiates
dwswy4k,Any Dragon Ball fans on here?,Could someone please pm me a decent site to watch a dubbed version of db super?,opiates
dwta230,Would you have switched to heroin if oxys were still everywhere?,It was rhe fda/govt that forced the reformulation. Not the medical community.,opiates
