Submission_ID,Submission_Title,Submission_Text,Subreddit
2oc390,found in the sleater kinney AMA,I honestly highly doubt anyone would bother making fake/pressed OPs.,phish
2qsm3t,"want to get a kitten, but..",I honestly highly doubt anyone would bother making fake/pressed OPs.,Pets
2s4l33,my buddy is bringing me back...,I honestly highly doubt anyone would bother making fake/pressed OPs.,opiates
2slssj,it's been a few years.... i am like a fucking kid on christmas right now!!!!!! (more in comments),I honestly highly doubt anyone would bother making fake/pressed OPs.,opiates
2wvji2,sigh.. i paid 140$ for 4 blues yesterday,I honestly highly doubt anyone would bother making fake/pressed OPs.,opiates
2ycwu8,"wow, so the worst thing that has happened to me... has happened",I honestly highly doubt anyone would bother making fake/pressed OPs.,opiates
3uqbmd,awesome blast from the past,I honestly highly doubt anyone would bother making fake/pressed OPs.,opiates
3xjfsw,bet you haven't seen this before..,I honestly highly doubt anyone would bother making fake/pressed OPs.,opiates
411ozw,I got more!,I honestly highly doubt anyone would bother making fake/pressed OPs.,opiates
41rweg,God damn these are beautiful,I honestly highly doubt anyone would bother making fake/pressed OPs.,opiates
42fdf5,well the time has come where I only have the 120mg left,I honestly highly doubt anyone would bother making fake/pressed OPs.,opiates
43myxc,if I theoretically had scripts for,I honestly highly doubt anyone would bother making fake/pressed OPs.,opiates
4fls3w,Is anyone in a relationship with a non user?,I honestly highly doubt anyone would bother making fake/pressed OPs.,opiates
5y7mn9,i just came to from a 4 hour nod,I honestly highly doubt anyone would bother making fake/pressed OPs.,opiates
61x3v7,anyone in miami,I honestly highly doubt anyone would bother making fake/pressed OPs.,opiates
6rwrwj,Ft: my 102 for your ga,I honestly highly doubt anyone would bother making fake/pressed OPs.,phish
6rws5s,My 102 for your ga,I honestly highly doubt anyone would bother making fake/pressed OPs.,phishtix
6xhb7z,Does that other group,I honestly highly doubt anyone would bother making fake/pressed OPs.,opiates
6y3qy4,Iso n3 ticket stub,I honestly highly doubt anyone would bother making fake/pressed OPs.,bassnectar
7vn481,Ahh yeah,I honestly highly doubt anyone would bother making fake/pressed OPs.,opiates
7w2brb,Since no one liked my panda pic..,I honestly highly doubt anyone would bother making fake/pressed OPs.,opiates
7x290y,Pre lift off n0dzz,I honestly highly doubt anyone would bother making fake/pressed OPs.,opiates
7xwpxb,A215s and g74s,I honestly highly doubt anyone would bother making fake/pressed OPs.,opiates
856l3i,Question about overdosing with a high toleranxe,I honestly highly doubt anyone would bother making fake/pressed OPs.,opiates
87jiv8,"Just spent 2k +, can anyone tell me if these are real",I honestly highly doubt anyone would bother making fake/pressed OPs.,opiates
