Comment_ID,Comment_Submission,Comment_Text,Subreddit
dvcxrg4,Would you care for a flower my dear?,Username = Darkstar by the Dead?,opiates
dvd1kto,How much do you pay for a half gram in the Midwest?,"Yeah usually around $90 in this area (I’m midwest too) is a gram or so. All my dealers have slightly different prices; but they’re all basically within $10 difference of each other.

Half grams: $50
Grams: $90-$100",opiates
dvd1m13,How much do you pay for a half gram in the Midwest?,I stalked you. You’re a deadhead?(•‿•),opiates
dwe67cz,Still shaken up.,"Thanks for the response. I really needed to let this out. I don’t really have anyone I can talk to about it.

And you’re totally right on the narcan. We’ve been stupid. 

Our hookups have always had weak ass dope and we’ve rarely been sold crazy strong fent or anything, so we got a little too comfortable.  
When we snort our shit we never get ridiculously high or anything, no matter how much we do.

Fuuuuuck.",opiates
dwwhm3e,Just when I thought I was gonna have to go thru WD hell found these OTC.,Dark net market,opiates
