Comment_ID,Comment_Submission,Comment_Text,Subreddit
dwnjmyu,Anyone know what it’s like?,I wonder about this almost daily really.,opiates
dwnlvz1,Help! Never used the Gel patches before. What’s best ROA??,How much and how do I get it on the foil? I take about 150mg of oxy to get a good high.,opiates
dwnma41,Date ideas - that last one sounds fucking fun,"Ehh I think I’d rather just kill infants while burning a church, and then after we go take over Poland, commit double suicide by stabbing 23 times. Sounds like a great day to me!",opiates
dwnq255,Any of y’all ever heard of this gift card instead of money thing....?,"I swear I had a dude in my town do that. But I actually know him and have bought ice from once before and so have buddies, he hit me up saying he had roxys for $25 each which was fishy from the start, but he even sent a pic of them, it was blurry and couldn’t quite tell for sure if it was pressed or not but he atleast had something as far as I was concerned, so I said fuck it. So I’m headed to meet this guy and he all of a sudden tells me he can’t sell them unless I get a amazon gift card cuz he had to buy a gift for his kid, so of course I’m wondering now what’s going on. I offer to come get him and take him to buy the gift card with the cash I give him but told I couldn’t stop and buy one first cuz I had to check the pills out first. This dude literally will not even meet me or anything until I get that damn gift card, so I end up just saying fuck it cuz it was all too sketchy. Sorry for the long ass story, totally didn’t intend on that.",opiates
dworu6z,"Took an RP30... 30mg is what I normally take... in about an hour I was gasping for air, passed out for about 30 mins and woke up in an ambulance... I assume this was cut or pressed with fent but now I’m scared to do it again.",They are pressing RP30s now?? Wow!,opiates
dwovkwz,"Besides the blues (30mg IR Oxy), whats the most expensive pain pill on the black market?",Opana is most expensive and then dilaudid also cost more per mg.,opiates
dwp7yei,Street value?,What?? Just promethazine syrup without codeine??,opiates
dwp814k,This is my last day.....,What was your oxy dose when switching to morphine if you don’t mind me asking? And what dose of morphine did it take you to get high?,opiates
dwpm6f1,"Legit oxys 10s, yellow bars, good blow, and some weed.","I think those percs are pressed, if not then they definitely look weird. The imprint is too big.",opiates
dwrh8m5,"Comment your favorite sports club. If I approve, I’ll PM you the key",St. Louis Cardinals,CircleofTrust
dwruy77,Oxycodone IR increase from 15mg to 30mg,Did you start on 15s? What are you prescribed for?,opiates
dwrw7sp,Time to have an awesome freakin night. Gel patches. I would take 1 patch over 20 blues any day. Any day..,"How do you go about smoking these? I just got a Watson 50mcg one yesterday cuz it was only $30, I usually get the matrix kind though if any at all. I’m just not sure how I need to do it. Most people say smoke them, but I’m not sure how much or anything to get a good high and don’t wanna waste any.",opiates
dwrwlak,Oxycodone IR increase from 15mg to 30mg,"Damn that’s crazy, most people nowadays can barely even get tramadol or hydros, so you’re pretty lucky to be getting 4 15s a day, may not wanna push it too much just yet. But you know your doctor better than I do, so if you think he will do it and won’t care then go for it.",opiates
dwrwrb0,What happened to roxies?,How much does it take for a good high? It takes me about 120mg of oxy to get a pretty good high.,opiates
dwrxtuz,"Need advice, real?","Real, I’ve got hundreds of these Watson 853s and they are actually my favorite hydro imprint. Also for the record I got yellow ones as well a few week.",opiates
dwsqq0g,Time to have an awesome freakin night. Gel patches. I would take 1 patch over 20 blues any day. Any day..,"What about duragesic, mallinkrodt, and Watson? The Watson ones I have are Gel too, I have one right now. But how do you smoke the gel ones I mean? do you open it and just put a small glob on foil or what??",opiates
dwtizbk,Breakfast 😎 Vs are def one of the strongest brands .. alg’s in a close second.,U24 is the big blue ones.,opiates
dwtj0n5,Breakfast 😎 Vs are def one of the strongest brands .. alg’s in a close second.,What do you mean by after your time? Aren’t you still prescribed 30s?,opiates
dwtl88i,Breakfast 😎 Vs are def one of the strongest brands .. alg’s in a close second.,"I like the Vs too, also A215s like everyone else, Cor 226, ALGs, and Ks. Hate Ms, NPs, and U24s.",opiates
dwtlq30,And they say they are hard to get .. 🧐,What’s that brand to the right?,opiates
dwtmktz,Breakfast 😎 Vs are def one of the strongest brands .. alg’s in a close second.,"My bad I thought you was looking for the other big blue kind but you was looking for the other big white kind, which was the RPs you done figured out. But by the way you can snort any roxy but it’d just be big and a lot of powder, RP doesn’t have any extra ingredients or anything.",opiates
dwtmnro,Don’t use Stims often but got 25 for $100 so too good of a deal to pass up!,Honestly I do really like this brand a lot.,Stims
dwtmrmd,Don’t use Stims often but got 25 for $100 so too good of a deal to pass up!,Lol cuz they are a brand of adderall I guess? And it’s my dresser actually that’s painted red and just has a couple of places chipping.,Stims
dwuolyu,Don’t use Stims often but got 25 for $100 so too good of a deal to pass up!,"I don’t even take stimulants, I take opiates, so idk why I’d do that. If I was to order anything I’d get opiates. Also I can turn around and sell these for $12-15 and make plenty of profit no problem at all",Stims
dwvmzuj,Don’t use Stims often but got 25 for $100 so too good of a deal to pass up!,"He used to get the teva oval shaped ones, also used to get the U30 orange round kind, then he got the Cor 135 pink kind, and now he has this kind. So far the Cor 135 has been my favorite brand.",Stims
