Submission_ID,Submission_Title,Submission_Text,Subreddit
6c7rdf,New Subs,I wonder about this almost daily really.,opiates
6c8fyh,Old members,I wonder about this almost daily really.,opiates
6dlrey,Getting to know a few things about each other,I wonder about this almost daily really.,opiates
6gtexm,First time user,I wonder about this almost daily really.,PoppyTea
6hi155,Been on sub for longer than I should have,I wonder about this almost daily really.,opiates
6i3n4t,Mexico pill mills,I wonder about this almost daily really.,opiates
6klndz,Kratom then sub?,I wonder about this almost daily really.,opiates
6laxqj,Day 4,I wonder about this almost daily really.,opiates
6oym8f,Better to mix opiates or take individually,I wonder about this almost daily really.,opiates
6s1b36,Factory Jobs,I wonder about this almost daily really.,fayetteville
6s7dkx,Uber,I wonder about this almost daily really.,opiates
6s7e0f,Uber,I wonder about this almost daily really.,fayetteville
70dh28,FDA Petitioned to Ban High-Dosage Opioids | The Fix,I wonder about this almost daily really.,opiates
74rrtj,Opiates at young age,I wonder about this almost daily really.,AskDocs
77k826,The Walking Dead/Free 24 hour TV,I wonder about this almost daily really.,opiates
7em58v,Was looking through old posts and found this. Pretty crazy to me.,I wonder about this almost daily really.,opiates
7k5pqk,Please help!!!! Sit/Start for Semi-Finals,I wonder about this almost daily really.,Fantasy_Football
7k9r5w,Should I really start Bortles over Cousins?,I wonder about this almost daily really.,fantasyfootball
7lzu2u,Turning gifts into cash,I wonder about this almost daily really.,opiates
7tx4ox,Couple of questions,I wonder about this almost daily really.,Stims
7y4bv7,"Love staying in a hotel outta town with my girl, about to start a great weekend!!",I wonder about this almost daily really.,opiates
7yrccz,"When it rains, it pours!",I wonder about this almost daily really.,opiates
88vpss,Help! Never used the Gel patches before. What’s best ROA??,I wonder about this almost daily really.,opiates
89trtn,Don’t use Stims often but got 25 for $100 so too good of a deal to pass up!,I wonder about this almost daily really.,Stims
8a3ssm,Payday!,I wonder about this almost daily really.,pillhead
