Comment_ID,Comment_Submission,Comment_Text,Subreddit
dwgn58y,"Non-user here, I have tramadol questions!","was more for if a patient is hurt and stabilized to kill pain. Mainly, just myself and my EMT friend administering it. Both have medical backgrounds but not the knowledge of the true effects of this tramadol",opiates
dwh8brz,"Non-user here, I have tramadol questions!",worst i personally take is 50mg zoloft,opiates
dwhai5w,"Hey Ubi, I'm ready to buy the secret $100 ""Stop the chosen air attacks"" DLC. And the $100 ""Let Boomer ride in the truck"" DLC.",Yea i have hit boomer too many times while driving sad that he doesn’t appear in car,farcry
dwi0f1n,[Serious] Reported at school for a possible school shooter. (After game picture got around school),"I have heard good stories out of /r/legaladvice and could help. Just provide all laws and stuff important in this matter.

I mean its a long shot, I was in your same boat earlier in 2017 cause I had had dark humor with a ""friend"" off campus and gott called by Dean a day later",airsoft
dwj6v40,Any actual preppers play this game?,I like to see prepping from weather/disaster level to doomsday zombies level a good thing. A good set of stocked meds and food is a great idea. I agree with you completely,farcry
dwjrcuy,BLISS: What it actually is,"So when you go into dutch’s medical room in his bunker he has gallons of the stuff and notes trying to figure out what it is. he also has cocaine formula on a note but has it scratched out as a negative for what bliss could be. 

Hyposcine is used for animals a lot. Since Hope County is a farming community, there must be a lot of hyposcine around for all the livestock.

You can see bottles and stuff of it around the map it also has a paw print on it showing its used more for veterinarian means.",farcry
dwkvr1h,These graphics are so realistic,curious about the crosses on truck? props from mini movie or aftereffects,farcry
dwm6uqc,Any actual preppers play this game?,"I plan on moving often. I have a plate carrier, SKS, 9mm Taurus, a bug out bag (Meds, food,tarps,clothes, lifestraws). I am next to a major highway, but wild game and running water are like 200% here. I have all the deer and water I need. But population wise, I am gonna run. 

I am a broke out of college student so stocking up in out of question right now. But now ammo and food are my targets. 

Hoping to fill like 10, 5 gallon bucks with food and get a rain 55 gallon soon. 

Need to get a .223 or .308 rifle and a shotgun after that. 

Mom and oldest brother can cook and garden well, my father/me/middle brother are all decent shots. 

I have medical background, dad was a mechanic/engineer, and middle brother an eagle scout/egg head. So Skills are good but not a great location to defend.",farcry
dwmuigx,Rainbow Six Siege Tachanka Cosplay,I am still waiting for my Maska to ship. Love my defender 2 and smersh,gaming
dwos5mq,Newish owner looking into cheap builds,for a built or build yourself?,ar15
dwpluxk,"Picked up this ""used"" KJW KP-17 (G17) for ~$60!",How is the co2 on it? i wanna give of my we g18c if it is nice,airsoft
dwqb78n,I rescued a squirrell that was getting attacked by a cat and now it won't leave me alone. I have no idea what to do now.,"get it in a box, drive to a far park or forest and release it. It’s still wild and can survive just scared and wanting protection. It needs to go back into the ecosystem",pics
dwqtcf5,Far Cry 5 Phone Theme,ok now i really regret having an iphone think i will switch after this phone,farcry
dwrt1p2,"Uhhhhhhhhh, what? (Far Cry 5)","If you kill him and look at the Peggie’s vest on his model. He has a TNT rigged up, this suiciders are rare-ish",gaming
dwsjrdl,So theres 3 missing guns for hire here. Maybe 3 from the dlc. Or the 3s are the ones you can just hire from the random npc,Or Douglas he is a nam vet,farcry
dwt6y8g,Moved into a new facility. This was previously called the “gel room”.,"To me, the gel room would be like a low end medical place that makes synthetic skin and tissues in a Cyberpunk world",Cyberpunk
dwv6up9,Body armor options,"They make a plate that goes at abdominal level, ar500 makes it. The part hooks to a PC and it hangs off but not as far as a groin shield. 

The plate holder is just a sleeve of molle or some made to be fanny back with insert for plate

https://www.ar500armor.com/ar500-armor-abdominal-ballistic-pouch.html 

plates linked below on page",preppers
dwv7q5r,Army combat boots,"I wear of 5.11 ATAC daily to work, paintball, hiking, and more. Crazy good for like $90. Also can keep water out almost 99%",preppers
dwv87nd,Baby Hands,"I have kevlar/cotton gloves with rubber grip and if wet environment, put rubber gloves over.",preppers
dwvpcj0,"Forgot to take a before picture but used compound w and duct tape for a few days, what should I do now?","Belt sander would be my go to, take it to the bone, it will grow back",popping
dww151p,Help figuring out Puma shoes,"Cousin went off to college and had these shoes he gave me for use at the gym.

They look like some strange track & field or fencing shoe. I can't match them up online. Anyone know the true use and name of these shoes?",Sneakers
dwx71k7,What could be the best action curse during a militar takeover?,"If bow/crossbow are legal, grab one and train. But caches of food, money, and meds are 100% good idea",preppers
dwy6sov,The black market is not a thing for the WEAK.,"Is it a decent gun? I look at that and look at GHKs. GHK are nice but the price kills me.

Does the WEAK have a decent out of box performance and life before needs Aftermarket stuff?",airsoft
dwy9xst,The black market is not a thing for the WEAK.,"I like the lower RPM, and may tap for winter time. But for just a spring to fall rifle bone stock will it work?",airsoft
dwze1ia,New mags who dis,this looks like a Draco pistol with arm brace stock,airsoft
