Submission_ID,Submission_Title,Submission_Text,Subreddit
6sa96t,Disaster Bag help for College Student,"was more for if a patient is hurt and stabilized to kill pain. Mainly, just myself and my EMT friend administering it. Both have medical backgrounds but not the knowledge of the true effects of this tramadol",bugout
6v34fg,100% new player needing build help,"was more for if a patient is hurt and stabilized to kill pain. Mainly, just myself and my EMT friend administering it. Both have medical backgrounds but not the knowledge of the true effects of this tramadol",Pathfinder_RPG
74p00m,First time buyer but confused my all the companies.,"was more for if a patient is hurt and stabilized to kill pain. Mainly, just myself and my EMT friend administering it. Both have medical backgrounds but not the knowledge of the true effects of this tramadol",ak47
75mbli,Call of Misery like mods or Addons?,"was more for if a patient is hurt and stabilized to kill pain. Mainly, just myself and my EMT friend administering it. Both have medical backgrounds but not the knowledge of the true effects of this tramadol",stalker
7agqrn,Scrub looking into Kava,"was more for if a patient is hurt and stabilized to kill pain. Mainly, just myself and my EMT friend administering it. Both have medical backgrounds but not the knowledge of the true effects of this tramadol",Kava
7dnfax,Old player back with armor and play style questions.,"was more for if a patient is hurt and stabilized to kill pain. Mainly, just myself and my EMT friend administering it. Both have medical backgrounds but not the knowledge of the true effects of this tramadol",EscapefromTarkov
7eknmr,Not understanding toughness and DPS any more with my builds.,"was more for if a patient is hurt and stabilized to kill pain. Mainly, just myself and my EMT friend administering it. Both have medical backgrounds but not the knowledge of the true effects of this tramadol",thedivision
7g6fv1,Graduated and Terrified for future.,"was more for if a patient is hurt and stabilized to kill pain. Mainly, just myself and my EMT friend administering it. Both have medical backgrounds but not the knowledge of the true effects of this tramadol",Radiology
7hzd0o,WTT Pistol Case & Roubles for Factory Key,"was more for if a patient is hurt and stabilized to kill pain. Mainly, just myself and my EMT friend administering it. Both have medical backgrounds but not the knowledge of the true effects of this tramadol",TarkovTrading
7mc8yz,Shoreline Health Resort opinion,"was more for if a patient is hurt and stabilized to kill pain. Mainly, just myself and my EMT friend administering it. Both have medical backgrounds but not the knowledge of the true effects of this tramadol",EscapefromTarkov
7mkddv,Younger prepped needing some water purification help!,"was more for if a patient is hurt and stabilized to kill pain. Mainly, just myself and my EMT friend administering it. Both have medical backgrounds but not the knowledge of the true effects of this tramadol",preppers
7nor9h,Looking for a new game for Boyfriend and I,"was more for if a patient is hurt and stabilized to kill pain. Mainly, just myself and my EMT friend administering it. Both have medical backgrounds but not the knowledge of the true effects of this tramadol",rpg_gamers
7oe67r,Dungeon Crawler/Heavy loot games out there?,"was more for if a patient is hurt and stabilized to kill pain. Mainly, just myself and my EMT friend administering it. Both have medical backgrounds but not the knowledge of the true effects of this tramadol",iosgaming
7txh1i,New VR user with F4 VR sharpness issue,"was more for if a patient is hurt and stabilized to kill pain. Mainly, just myself and my EMT friend administering it. Both have medical backgrounds but not the knowledge of the true effects of this tramadol",fo4vr
7v4npk,Trouble finding a good rain ASMR,"was more for if a patient is hurt and stabilized to kill pain. Mainly, just myself and my EMT friend administering it. Both have medical backgrounds but not the knowledge of the true effects of this tramadol",asmr
7v4qgb,Need help finding a clear audio to relax to.,"was more for if a patient is hurt and stabilized to kill pain. Mainly, just myself and my EMT friend administering it. Both have medical backgrounds but not the knowledge of the true effects of this tramadol",raining
815xwt,"Help needed on purchase M70 (NPAP), SKS, or Vz58","was more for if a patient is hurt and stabilized to kill pain. Mainly, just myself and my EMT friend administering it. Both have medical backgrounds but not the knowledge of the true effects of this tramadol",ak47
822qjd,New owner questions and scope rail help.,"was more for if a patient is hurt and stabilized to kill pain. Mainly, just myself and my EMT friend administering it. Both have medical backgrounds but not the knowledge of the true effects of this tramadol",SKS
82otfa,Vive (VR) owner interested in game. Noob Questions,"was more for if a patient is hurt and stabilized to kill pain. Mainly, just myself and my EMT friend administering it. Both have medical backgrounds but not the knowledge of the true effects of this tramadol",EliteDangerous
86qgcg,Friend created an funny shirt so thought I would share!,"was more for if a patient is hurt and stabilized to kill pain. Mainly, just myself and my EMT friend administering it. Both have medical backgrounds but not the knowledge of the true effects of this tramadol",MonsterHunter
87wxqm,"Non-user here, I have tramadol questions!","was more for if a patient is hurt and stabilized to kill pain. Mainly, just myself and my EMT friend administering it. Both have medical backgrounds but not the knowledge of the true effects of this tramadol",opiates
88alpe,Any actual preppers play this game?,"was more for if a patient is hurt and stabilized to kill pain. Mainly, just myself and my EMT friend administering it. Both have medical backgrounds but not the knowledge of the true effects of this tramadol",farcry
88tfw4,[WTS] Russian Defender 2 Vest,"was more for if a patient is hurt and stabilized to kill pain. Mainly, just myself and my EMT friend administering it. Both have medical backgrounds but not the knowledge of the true effects of this tramadol",airsoftmarket
88zrp1,Newish owner looking into cheap builds,"was more for if a patient is hurt and stabilized to kill pain. Mainly, just myself and my EMT friend administering it. Both have medical backgrounds but not the knowledge of the true effects of this tramadol",ar15
8a5m60,Help figuring out Puma shoes,"was more for if a patient is hurt and stabilized to kill pain. Mainly, just myself and my EMT friend administering it. Both have medical backgrounds but not the knowledge of the true effects of this tramadol",Sneakers
