Comment_ID,Comment_Submission,Comment_Text,Subreddit
dmplwyv,what do you personally do when you need self love or self care?,Smoke some god damn opium and walk through silk ^_^,AskWomen
dmx6npe,Middle of the night sex is amazing.,It's your duty as a man to assert yourself onto her. She will love you more so afterwords for it as long as your caring after the somewhat rape.,sex
dn10c3m,"""Bitch, look up MGTOW.""",If everyone knew about fleshlights ; it would be GGWP for silly girls and their crap. Some women are worth it though yo : ),MGTOW
dn2nep7,healing powers?,"You're a fucking quack. 

""Humans have the innate ability to justify bad things using science to justify"" 

Go back to eating your junk food you fucking moron

Every second we are on this earth we are dying. Therefore time is ""bad"" and therefore since time is killing us , living is bad according to you. 

The key is balance between healing and destroying. You cannot heal without destruction and not destroy without health.

Idk who you learned from but you need to think and not just spew dumb shit out of your mouth",awakened
dn2ngyr,healing powers?,?????????????????????????????????????????????????????????????????????????????????????????????????????????????????????????????????????????????????????????????????????????????????????????????????????????????????????????????????????????????????????????????????????????????????????????????????????????????????????????????????,awakened
dn83ms9,Want To Be Less Of A Shrew,"Give him massages and scratches; especially if he has a physical job . 100% will spark much love for the both of you if you really want to be of service to him. Making his coffee is only a thank you. Physical touch is a THANK YOU BABY I LOVE YOU FUCK MAN. All this other advice is mental crap, to heal the mind you must heal the body. He will love you tenfold for this and it will make both of you feel loved and connected and just bloody awesome???

I am an active man , so yyeeep.

Edit : He is probably grump because his body is grumpy after working hard. Help to Heal that and many doors will open

Edit2: Deeeeeeeep hard massages maybe with some pain is how a man really wants to be touched. Shoulders / neck muscles ( head and neck massages are by far 100% my most appreciative spots to get ) spine / butt / feet are all great spots for an active person. Really kneed the muscles like you're ringing out a towel , see what is good for him. Maybe get him a foam roller, whatever man msg me if you want some real fucking advice or questions",RedPillWomen
dn84o9y,Want To Be Less Of A Shrew,"Offer it , he seems shy to ask for anything even sex. A true man following his Yang will assert without question ( most of the time there are exceptions ) for anything he desires in a committed relationship whether its sex or whatever even if his woman does not desire it. It's her natural instinct to say no really.

A woman following her naturallity will submit and let him, or not let him and he does it anyways and at the end of the day it should bring the two closer together granted the man is not a true asshole at heart and works with it.

I do this with my gf and even though in the moment she may say no or go against me I will assert my desire and she's expressed it and deep down she appreciates it. Some people call it rape or being an asshole but they are just weak minded, but in a committed relationship it is just an exercise of true trust and whatnot

It is better to give without having to ask",RedPillWomen
dn85e4t,Want To Be Less Of A Shrew,"Next thing you know you will be 50 , won't want to have sex because of menopause and aging . He will respect that and you'll have a sexless resented marriage where you just live together. You might not though, you might connect in other ways and whatnot and be happy. Best of luck to you either way

Picasso lived to 94 because of his passion for sex , opium , food and art. Don't let your passion die. He also forced himself upon his wives . Good man

boundaries and rules are meant to be broken ; but in a manor that suits the man. Gravity said no , we went to the moon. If we respected gravity , we wouldn't have satellites. Once you cross that barrier is where the real beauty lies. People told Arnold he wouldn't be an actor , let alone the governor. So many examples . boundaries are for petty weak fools for the most part ; there are exceptions obviously 

Be like water ; you think water has boundaries?",RedPillWomen
dn8617v,Want To Be Less Of A Shrew,"Just examples of shattering boundaries : ) I've seen this concept with so many couples . Yin & yang are very real concepts and sex is the key to a long happy healthy life as the core . Stop having sex and you will slowly wither away and die.

< 3",RedPillWomen
dncathr,"""Why so many women cheat on their husbands""","Just get a bloody fleshlight and some pillows lol.

I have one and still have a gf no shame in it",TheRedPill
dtrewza,"People of Reddit, how old are you and what do you do in life?",Tell her to hit the weights or some shit to reinvigorate her body.,AskReddit
duy3psn,"30 days into my fast, Going for 40. need some motivation for my last 10 days.","Hey brother we all love you and are proud of you for wanting to better yourself in any way . As a word of advice , I worry a bit about your electrolytes and would advise you to have a half to a full teaspoon of salt daily to help keep your heart pumping during the fast. 

Other than that you should be fine man just get your electrolytes for your heart! Keep it up man and keep drinking lots of water : )",fasting
dv40avr,Anybody have any experiences with nootropics heightening their meditation practice?,100% heroin ^______________^,Nootropics
dvq72mw,Dairy is weird.,"Perception is key. To some it's weird , but to others it's beautiful that an animal can give a part of itself to make us strong happy and healthy . Same with death or eating meat ; the animal died to strengthen YOU! People die in wars to fight for a cause , beauty in that too aye. There's a reason people turned an animal slaughter into a spiritual sacrifice . The beauty in it truly is how the world works . Things people etc come and go . The world keeps turning . And there's absolutely no dispute that pasture raised animals' meat and milk are incredibly healthy for you . The problem truly lies in how the animal was raised and ate . You are what you absorb , what you eat , what it was grown in and finally the quality of the soil . Life begins in the soil : )

I would like to see one attempt to argue that either meat or animal products are bad when there are cultures who live entirely on it . 

Inuits ; fermented fish , whales , live to 80-100 years EASILY . 

Towns of people in European hills who live almost entirely on kerfir ; or fermented milk . Live to 80-100 EASILY.  

The further away you are from the equator and ultimately sunlight , the more vitamin D ( aka steroid hormone ) you need from fish , meat or milk / animal products to stay healthy . There's a reason why english and the such love their milk . And not only because it's great for you but the position they are on earth away from the equator.

You dont need science to explain the sense in that .",vegan
dvq78n5,Dairy is weird.,"Read my above response . Milk is for everyone . There's no natural law that says : "" MILK ONLY FOR BABIES "" 

Just because you've been told something doesn't make it true . Milk is a perfect food and one could live on it and not just survive ; but thrive .",vegan
dvq94x7,Dairy is weird.,"Cool story bro . Plants die for you to eat them . It is not immoral and that is nonsense. Vegans and people of the sort doesn't truly understand or are too insecure and stubborn to accept how the world truly works . "" good "" and ""bad "" are 100% subjective too . absolutely 100% subjective  . Even murder is simply murder in its' purest form . It is what is it . Only you can decide what is and is not . I will agree that the dairy industry on the mass scale is not fair to animals . BUT if you look at happy cows raised on open pastures eating the diet they were meant to and producing high quality milk while being happy animals , this is truly the way it should be. Animals confined in small lots and cages is not how any animal should live. Animals on farms though raised well , now we're talking !",vegan
dvq9m5x,Dairy is weird.,"It's your responsibility to choose a brand of milk that supports this philosophy . Here in Ohio , there are many such options such as Hartlzer Milk and all other dairy related products. They have a fantastic farm run with animals that do EXACTLY this; live on pastures and are happy.  . Just don't buy crappy milk and support the big guys who don't treat their animals well. Simple LOL what are you smoking DUDE? actually what AREN'T you smoking???? I could name many subttances worth smoking rofl.  I rape my GF all the time , it's fun for both of us . Quit being so stubborn and closed - minded . OH and BTW , if you've ever been around animals and cows when it's time to get milked . They literally and actually will RUN with passion and excitement to the machines. It's pretty much an orgasm and a major relief for them similar to when a woman is ready to be fucked and for us to orgasm and cum. It's not a good idea to pretend like you know the truth and your word is only the truth and probably listen to someone's else's stupidness and adopted it as your own before USING YOUR BRAIN or experiencing reality when you're probably some fuckbag who lives in an apartment in a city and has no experience with the crap that spews out of his annoying arrogant mouth. But hey , what do I know obviously LOLCx in the chat",vegan
dvqwn6a,Dairy is weird.,"Mate.... you've been lied to so hard LOL

Yes milk is the perfect food regardless of what you believe. Look up grass fed milk on worlds healthiest foods and look over it's nutrient profile . 1 cup of whole grass fed milk provides 32% of DRI vitamin D. I usually have 3 glasses anyways , bam I'm set. 

The whole humans and blah blah can't digest milk is a lie . The only reason many people have trouble digesting milk is because of pasteurization . SIMPLE . The heat destroys the LACTASE enzymn which aids in the break down of LACTOSE in digestion . 

They did a study of 100 people who were supposedly ""lactose intolerant "" , gave them all a half gallon of RAW PASTURE RAISED MILK and not one of them had any sort of issues with it and reported feeling great . We don't ""grow out of it "" , we only fuck up food prep . How you prepare your food is queen only to the quality. 

umm.... It's not lacking in either vitamin D or Iron??????? If the cow was pasture raised and ate its' natural diet , 10000000% won't be lacking in ANYTHING. 

Osteoporosis doesn't come from a lack of calcium , but rather a lack of magnesium , of which milk has BTW  ( pasture raised grass fed of course ) 

Fats and cholesterol are both very good for you , another lie you've been told . Look into the Weston A Price Foundation on this . 

Whoever put us here on this planet did not mess up . If you look at the nutrition profile of both coconuts and cocoa , they are almost ENTIRELY saturated fats , and we all know how good coconuts and cocoa are for you . It's no different for milk . We need cholesterol from the sun or our food , one way or another we NEED it for our hormone production ; especially sex hormones . 

Native americans used to eat liver if they were infertile and reported having long long nights and many of them full of fantastic sex. 

um... It's not linked to diabetes? LOLLLLLLLLLLLLLLLL

The milk is for everyone and anyone, don't be childish and foolish , the cow enjoys being milked , it will literally run to the milking room . 
NATURE IS BEAUTIFUL , EMBRACE IT DON'T BE A CLOSED MINDED PRICK. 

Have a great day : )",vegan
dvqxra4,Dairy is weird.,"I'm just saying most people would've made GREAT nazi soldiers given the amount of bullcrap and propaganda they are willing to believe instead of using their OWN brains and thinking practically about things . 

Bottom line is milk is a fantastic powerhouse of a food if you analyze it's nutrients profile on Worlds healthiest foods .com or w.e google it . Grass fed milk nutrient profile . There is NOTHING it doesn't have and rightfully so ; it is meant to make it's drinker strong healthy and grow and thrive , baby or not!",vegan
dvr121a,Dairy is weird.,"True story man . The people who regurgitate crap they hear are the ones I am currently disputing with in this post . They have yet to say anything relevant , practical , or more importantly with their own words rather than things they've been told and simply passing it on . 

It's important to listen , but much more important to reform ideas in your own light. It's how things connect!",vegan
dw50f2n,I met this girl on tinder and she looked nothing like her pics and brought some...surprises.,THE REAL QUESTION WAS WERE YOU ALSO WATCHING TWITCH ? : D  Cx in the chat ! Smorc Smorc Wooxwon #osrs!,Drugs
dwpuaiq,Putting in the work,"Both start weightlifting , OR JUST YOURSELF IS FINE TOO , THE GOAL IS TO GET YOUR SEX DRIVE AND LIBIDO UP AND ONCE YOU START PLEASING YOUR BEAUTIFUL WIFE , HERS WILL NATURALLY CATCH UP . Problem solved . You will crave enjoy and love sex and each other . Also look into the red pill . Rule #1 = lift.

Do the big exercises and you WILL SEE INTIMACY AGAIN. Squats , Deadlift , Bench , Pull up , Rows and any other misc . work you want done.

I can say this from both knowledge and experience . I am an avid heroin user who is shredded 8 pack etc etcand if I go longer than a few days without lifting , I will not ever get hard , no poops , poor appetite ETC . Lift weights and I could get hard as a rock and even STILL CUM eEVEN if i just did a gram of H 

The point I'm trying to make is sex is a use it or lose it kind of thing . To fix the ""lost it"" , do squats and shit to get blood flowing better in your body = proper bodily functions = win

If you decide to do this , you WILL be horny , you WILL be hungry , and you WILL feel like the man you should feel like and quit being a little fucking bitch waiting for her to initiate when you're a man who should take what he fucking wants . When you do this , her libido and sex drive will naturally sync and match up to yours and bam . Problem solved.

Every woman wants to be desired , dominated and the focus of attention for love. Don't ever fucking wait for her to initiate , that's retarded . You cuold however buy her some lingerie to help her feel sexy and desired. Eat her out , give her a massage , rub her shoulders , kiss her neck . Just make her feel your bloody love lust and desire mate .

She may not be used to this kind of attention  from reading your post but you need to reassure her that everything is fine and that you care and love her very much and that you want to show her how much you do .  

Choose to ignore this advice and continue to suffer and play the victim crap.

Don't listen to these other jackwads who think they actually have good advice for you . 

Lift weights with low weight and high reps to start . Only ever go to medium weight MAYBE soetimes challenge yourself but the goal here is to get blood flowing well in your body so that you can do all the things you love and not be an egotistical idiot who puts on too much weight and doesn't do the exercises right . Start LOW WEIGHT so you can learn .

Sex will feel easy , enjoyable and you will get a great satisfaction blowing your load all over or in your beautiful fucking wife . 

Best of luck, you CAN do this and you CAN save your sex life : )

Cheers",DeadBedrooms
dwpva81,Depression after stopping,"I have been through this many times my good friend and instead of giving you a long shebang blah blah blah. The best way to ACTUALLY feeel good again is to exercise . More specifically weight lifting . Do the big movements with low weight and high reps . Squats bench deadlift row pull up ab work and anything other misc work you want .

I have gone from not wanting sex and not being able to get hard and not pooping etc etc to liLITERALLY loving sex , eating well again , pooping ETC ETC after just ONE fucking lifting session .

I will not go any further , take this advice from someone who has done this many times and been through what you have gone through.

Kratom or some other stupid supplement won't help.

Do some hard work , I don't care if you are a woman . It WILL fix you I promise.

Or you know... you could just stay in your stupid victim depressed state of mind forever , what do I care.

Don't listen to these other jackwads who think their advice and words are actually going to help you . This is the only advice you will ever need . Trust me , I've been through this contless times and have saved myself countless times . You can still enjoy your indulgences and pleasures as long as you keep lifting atleast every few days . In fact , it will actually make the highs more enjoyable again.Hell I'll smoke a bowl of H before the gym even sometimes . Then after when im showered and relaxing too! 

Just do this and I promise promise promise promise PROMISE you will be eternally grateful to me and more importantly ; yourself for doing it . 

Everybody should be lifting , especially US users . Do not let stigmas and stereotypes hold you back . I love my H and opium , and still maintain a shredded 8 pack. 

We have gone to the moon , don't EVER let anything hold you down .I don't care if you are a ""girl"" and dont ""want"" or ""shouldnt"" go to the gym. Feeling good knows no gender bounds .  Smoke that H , lift some weights , fuck like animals , eat like a lion . Whatever man. JUST MAKE SURE YOU LIFT!@#

You're the one that should care, and I have just given you your salvation.

Do with it what you will.

Good luck , you got this . Don't be a whiny girl.

Cheers : )",opiates
dwu8j8d,"I'm 31F. Getting married this year, but fiance (30M) never wants sex. Dealbreaker?",Tell him to lift weights. Problem solved. Ignore this and watch your relationship and your happiness DIE.,DeadBedrooms
dwu94d0,I want to thank this sub.,"Great, good for you! You can be a whiny baby and just leave instead of actually looking and thinking about the problem . If this ever happens again , tell your man to lift some fucking weights . I can smoke a gram of heroin after lifting weights and still blast a load into my gf 3 times . If I dont lift it's no desire , no hardon , no sex , no relief and no connection.

Ever happens again and you want the relationship to work , tell him to go do the big lifts at the gym for high reps low/mediumlight weights .

10000000000000000000000000000% he will fuck you like you've never been fucked before after .",DeadBedrooms
