Submission_ID,Submission_Title,Submission_Text,Subreddit
4ay2sm,"My first Stretching guide! Hoe-to-toe 360 degrees, check it out for inspiriation!",Smoke some god damn opium and walk through silk ^_^,flexibility
4ay96r,First Epic Rollerblading Montage!,Smoke some god damn opium and walk through silk ^_^,rollerblading
4ayb3l,First Epic Blading Montage,Smoke some god damn opium and walk through silk ^_^,rollerblading
4ayd0q,First Epic montage Video!,Smoke some god damn opium and walk through silk ^_^,inline
4ayek0,Epic Stretching guide Head-To-Toe 360 degrees,Smoke some god damn opium and walk through silk ^_^,flexibility
4ue5iz,Britney Spears spreading some of TRP Beliefs,Smoke some god damn opium and walk through silk ^_^,TheRedPill
