Comment_ID,Comment_Submission,Comment_Text,Subreddit
dw1fwb4,Thought you all would like this graphic,Yea any door down that deep wouldnt have anything human passing through it.,TheDepthsBelow
dw1fzuh,Thought you all would like this graphic,"Read ""Sphere"" by Michael Crichton if you have interest in stuff like that then it will blow your socks clean off. I highly recommend.

Don't watch the movie though it sucks as they always do.",TheDepthsBelow
dw2o6r6,"Nastassja Kinski, 1979",I thougnt it was Mila Kunis while scrolling.,OldSchoolCool
dw3fztg,A bread cutting machiene at my local grocery store,How would this help someone steal any better than just stealing bread normally?,specializedtools
dw3gf8b,A bread cutting machiene at my local grocery store,I know but I'm not feeding it. Just standing a safe distance from the mouth of the cave and yelling a question to see if it has any shred of logic.,specializedtools
dw3gieh,"Anyone else despise ""nodding out"" on opiates? Or just me?","Ayee you are like the 3rd person in my 5 year reddit history to ever say something about it. One of them is /u/tealspirit who comes to this sub sometime, real badass chick.",opiates
dw51fvk,Council Members Call For Manley To Be Made Permanent Police Chief After Austin Bombings,"If you are replying to /u/aguasag then you just whooshed my friend. Dont be a disgrace to the ""/s"".",Austin
dw59yyv,Revenge of the Sith premiere - Natalie and Hayden,He does tell Anakin that he can teach him how to save people from death but once Anakin turns Sideous says that he can't teach him that yet but together they can learn how.,StarWars
dw8lx4v,Facial reconstruction on a child with Crouzon Syndrome,Krum Krum Krum!,WTF
dw8mxbk,Yea... We're Gonna Use This Fake GUN To Rob The Store... (WCGW?),"Wow same here. My mind is honestly blown I mean to each there own, but what the mother fuck? I just don't get any kind of attraction from that but if any one of those pics were real women I'd be turned on in moments.",Whatcouldgowrong
dw8wu23,"The salmon cannon, a pipe that moves live salmon upstream when there is a dam in the way","My heart stopped halfway down I though I was going to read the numbers ""1989"". Dodged that one",Damnthatsinteresting
dw8x2wx,Minnesotan looking for relocation input.,The roads in the northwest seems to have the most bikers in the state ime.,Arkansas
dw8x6ut,Minnesotan looking for relocation input.,NWA is way more beautiful than Harisson I've driven all over this state for years.,Arkansas
dwglxwz,"""Let's rock."" 'Let's rock.' ""Today."" 'Today.'",Nah you don't ur just a phan come on now Trey isn't thaaat great. Lol jk love Phish Trey is a god but WSMFP baby!!,opiates
dwjhbej,"25 year old movies are considered old, but 25 year old people are considered young.",A Burrahobbit?,Showerthoughts
dwkdtft,The ace disgrace?,That just made me so happy to read.,discgolf
dwkf8no,What disc do you wish you never lost?,Sounds like foul play.,discgolf
dwnhre6,Video game screen burn in,What is an EDM shop exactly? And what do you do there? Sounds cool af.,gaming
dwtgd1p,"Did Anyone Get Their Tax Refund Money yet? I did at 4 Am. At 4:05 i called the dboy. Didnt spend a lot, trying to cut down and save $","Well you never know, but realistically....yea it won't. Lol",opiates
dwtt4e8,First time ever climbing and I managed Kilimanjaro! I have now stepped on the lowest and highest point in Africa.,"Is ""nother"" a real word?",pics
dwtxcgf,First time ever climbing and I managed Kilimanjaro! I have now stepped on the lowest and highest point in Africa.,But I like it.,pics
dwubrst,The come up,Turkish Delight.,opiates
dwvyik5,Only in the south,"No, no you misunderstand. The truck belongs to a person named ""NO FAT CHICK"". He is actually my uncle daddy twice removed.",Arkansas
dwvzy07,When the MSG usher finally gets it,"No that is definitely more than just 2 hours of practice. Anyone can learn to dance well, but some people are naturally better than others. That usher has some raw dancing talent that a large percentage of the world would be unable to mimick, regardless of how much practice was put in.",phish
dwxq86a,Shout out to the POPO 👮,Fuck YOUR mum mate.,opiates
