Comment_ID,Comment_Submission,Comment_Text,Subreddit
dupa8r8,Back in elementary school i had a crush on the USA women's hockey goalie. Congrats on gold Maddie!,This is basically a blockchain.,pics
duq6ae9,Back in elementary school i had a crush on the USA women's hockey goalie. Congrats on gold Maddie!,"I don't need to remember mom's birthday because, realistically, she should know.",pics
duq6q8y,Websites See Drastic Decline in Facebook Traffic,My notifications are now what my News Feed used to be.,dataisbeautiful
duq9uto,Looking for a good spot (Australia),Cheers for the website,camping
duss164,ELI5: How does sleep debt/build up work?,"My car's service interval is 15,000 km (9,320 miles) so if it doesn't make 9,000 miles I'm writing a different kind of letter. 

2008 Ford Falcon",explainlikeimfive
dv6x53f,"We understood the words in the job ticket ""Trampoline On Line"", but they did not make sense until we got there.",There's always a bigger trampoline,techsupportgore
dva6aca,Judge declares man's truck 'his home' in ruling that could affect hundreds of homeless people,Glass of water?,news
dvf62tl,How to set your house on fire,"Open the window.

Fire alarm.",WTF
dvg66la,TIL your brain is able to make a decision for you seconds before you become aware of the fact that you are making a decision,I can shut down a conversation or say something awkward before I even knew she was flirting with me.,todayilearned
dvh1irh,TIL In 1985 a drug smuggler jettisoned 40 kilograms (76 pounds) of cocaine from his airplane over Georgia's Chattahoochee National Forest. A black bear (later dubbed 'Pablo EskoBear') found and ate ALL of the cocaine and died of an inconceivably massive overdose.,Did this happen to you?,todayilearned
dvh1jre,TIL In 1985 a drug smuggler jettisoned 40 kilograms (76 pounds) of cocaine from his airplane over Georgia's Chattahoochee National Forest. A black bear (later dubbed 'Pablo EskoBear') found and ate ALL of the cocaine and died of an inconceivably massive overdose.,High Bear Nation,todayilearned
dvhvnf6,Massage therapists of Reddit: how often do your clients get erections?,Is your refrigerator running?,AskReddit
dvhvty8,So proud of myself.,Wrist Control.,AdviceAnimals
dvkh4o7,Hyperion: the tallest tree in the world. It stands 380 feet tall and is over 800 years old.,This is highly irregular.,pics
dvv82c5,Thomas the Train is out here ridin dirty,Doesn't look like a real train to me. But I know a lot about trains so can spot the difference.,gifsthatkeepongiving
dvvzxcw,"5 different brands of Alkaline AA batteries, tested with the same resistive load. [OC]",You can still have a linearly-scaled X-axis in Australia but you need a genuine reason.,dataisbeautiful
dw3m2jl,"Children born into cults and left, what was your “Oh, sh**” moment?","I remember being in large circus tent, standing in line with 25 or so other kids, our hands soaked in red paint, each of us holding a nail and waiting for our turn to hammer it into a fake Jesus on a cross while a voice over the PA system kept reminding us of our sins. The next day we went quad-biking, water-skiing and rock-climbing. Never told my parents about it.",AskReddit
dw3m8rx,That’s enough Reddit for today.,Gib dog tummy rub OK?,AnimalsBeingJerks
dw9sihr,What’s the most refreshing act of “I don’t give a fuck” that you’ve ever witnessed?,"A kid (7yo) broke into the computer lab to play games. When asked by the teacher if he'd like her to call the cops and report a break-in, he said that she should instead call a lock-person to install better locks.",AskReddit
dwgphyc,"if con is the opposite of pro, what is the opposite of progress","Gotta have opposites, light and dark and dark and light, in painting. It’s like in life. Gotta have a little constitution once in awhile so you know when the good times come. I'm waiting on the prostitution now.

-bob ross",AntiJokes
dwgpl6i,Reminder: It is not a loss until you hit that sell button.,I'm not a loser until I hit the seller.,StockMarket
dwgpps1,Here's a (quality) shitpost,"A mathematician, a physicist, and a memelord walk into a shitpost: ""ouch"" ""ouch"" ""ayyyy""",opiates
dwkotfa,45-Port Ethernet Switch,And now we wait,funny
dwkow3i,45-Port Ethernet Switch,Lancouver,funny
dwvhrx7,Can an HR Generalist be an introvert and still be very effective?,Yes. Yes. Yes. Absolutely yes.,humanresources
