Submission_ID,Submission_Title,Submission_Text,Subreddit
6u1iun,What kind of ship is this?,This is basically a blockchain.,puns
6umydq,How much chicken can I eat before I die?,This is basically a blockchain.,shittyaskreddit
73ey18,Mentally 'typing' sentences on an imaginary keyboard.,This is basically a blockchain.,OCD
73in8l,SpaceX is dreaming big,This is basically a blockchain.,sydney
74rxzw,"Question: did Australia's first Governor-General play a joke by assenting the ""Beer Excise Act 1901"" before the ""Excise Act 1901""?",This is basically a blockchain.,AustralianPolitics
7501ts,Every day.,This is basically a blockchain.,sydney
7688ql,If there are no silly questions then are there any silly questions?,This is basically a blockchain.,shittyaskreddit
76eo3t,Do cats have 9 lives? or 9 spare lives? Do we count the current life?,This is basically a blockchain.,shittyaskscience
7bc653,Fake it until you've faked it.,This is basically a blockchain.,depression
7bx2kc,What are some of the most boring/annoying conversation topics that always come up?,This is basically a blockchain.,AskReddit
7dpfgq,"Australians eat less Vegemite after buying Drop Bear insurance, increasing the likelihood of an attack.",This is basically a blockchain.,circlejerkaustralia
7fhhtq,If Schrodinger's cat experiment was placed inside another box then it would be Schrodinger's Schrodinger's Cat.,This is basically a blockchain.,Showerthoughts
7m72np,A profit-maximizing woodchuck would chuck wood until the marginal profit of chucking wood equals the marginal cost of chucking wood.,This is basically a blockchain.,Showerthoughts
7m73t1,Quick thinking Colorado farmer cuts a watermelon in squares to fit in lunchbox,This is basically a blockchain.,circlejerk
7m75k8,Post Mallone's Mediterranean Bar & Grill,This is basically a blockchain.,circlejerk
7oj6lg,"In Japan, you can buy Dogecoin from a Shibe",This is basically a blockchain.,dogecoin
7qibbm,[text] I wake up 24 hours early every day,This is basically a blockchain.,GetMotivated
7qietb,Has anybody tried 3-track skiing?,This is basically a blockchain.,amputee
7slpci,Warning: do not fast-travel on this DLC,This is basically a blockchain.,outside
7slqor,The fastTravel() method has not been implemented on all Transport subclasses,This is basically a blockchain.,outside
7sm850,"What are some unexpected pros/cons of quitting my dead-end admin job, living in a van, and coding all day.",This is basically a blockchain.,CasualConversation
7tbqlg,My grandfather just asked me how to access One's Drive on Windows 10,This is basically a blockchain.,CasualConversation
7wr6lz,I'm 4yo and used a Raspberry Pie to 3d pront an artificially intelligence cryptocurrency minor,This is basically a blockchain.,circlejerk
7yd5js,(NSFW) Realistic codecamp,This is basically a blockchain.,ProgrammerHumor
87zleg,TIFU by boarding a flight late because I checked the clock on the screenshot of my ticket.,This is basically a blockchain.,tifu
