Comment_ID,Comment_Submission,Comment_Text,Subreddit
dveny6k,My last hope for ever getting clean,I know how it is. I just relapsed after 6 months of clean time.,opiates
dveoyn0,"Re-opening of /r/Xanax, please read",I tried to find xanaxcartel and can't. Does anyone know why?,xanax
dveq5m4,My last hope for ever getting clean,I have been on Suboxone now for a little over a month and haven't touched shit else since then so I am back on my way.,opiates
dverz9k,My last hope for ever getting clean,"I mean as far as opiates go. I didn't specify. My bad. I still use Xanax with my Subs to be honest. Other than that though, I don't do anything else.",opiates
dvesxa6,So the pharmacy tried to give me the brand name opana,"The way we used to snort the gel Opana was to take a Dremel tool to it and then once we have got the pill to a powder we crush a Tylenol or like a Xanax or 2 and add it to the mix and then when snorted it doesn't really gel up and seems to work really good. If you are a snorted though, the gels definitely aren't the way to go. Hahaha.",opiates
dvet12c,My last hope for ever getting clean,"I feel you completely. Stepping away from all Opiates besides the Subs and doing some Xans with it is still better than IVing a shit ton of Heroin, sniffing Benzos, and doing everything else that I was doing so you are right about it being a start. Hahaha.",opiates
dveupoa,My last hope for ever getting clean,I have been on opiates for almost 17 years and IVing for right at 7 of those. I am on Suboxone tablets though. I think they work a little better than the strips.,opiates
dveuxeo,Looking for Participants for Anonymous Ayahuasca Experiences/Shaman Interviews,Are you interested in Ayahuasca in particular or in DMT experiences all together? I have a whole lot of stories my friend. Hahaha.,Drugs
dvewa40,My last hope for ever getting clean,"I feel you there. The brand I have aren't as big as the half moon ones of the hexagon ones with the sword. That brings the saying ""different strokes for different folks"" into play. It doesn't matter either way though as long as what you are doing is working for you.",opiates
dvewcmb,So the pharmacy tried to give me the brand name opana,I'm talking about the gel ones that have an E on one side and the milligram on the other side. You can't crush these with anything. They will just flatten out like a pancake.,opiates
dvez7sp,Looking for Participants for Anonymous Ayahuasca Experiences/Shaman Interviews,I have experience with it but I have never traveled to South America or anything like that to do it.,Drugs
dvf0dmc,So the pharmacy tried to give me the brand name opana,Hahaha. Well if you are a snorter then that the way you went is exactly the way you should have went.,opiates
dvjxyvx,"Some OPs I had a few months ago, sadly I can’t get them anymore",I think they are trash anyway. Nothing compared to the original OCs. Hahaha.,opiates
dvx1gu2,Doctors charged in alleged painkiller kickback scheme,This was on the TV show 'American Greed'.,opiates
dw82wxq,Not opiates but my favorite combo! Kpins subs and some dumb loud live reason with diamonds,Subs are opiates homie. Bupe is an opiate.,opiates
dw83eoh,Cold cop pt2,You're right but he apologized for the bad lighting so the lighting is probably why they look more White than Green.,opiates
dw84f6e,Runescape an opiates,Fuck yes. I have been playing since 03 or 04. My first account got banned over something I didn't do but my account now is maxed. I am starting a new Old School account soon though because my maxed account is on RS3.,opiates
dw857e2,real or no? need help.,Those are really fake. Pressed for sure.,opiates
dw85ibj,Cold cop pt2,"I feel you there. I was thinking no matter the lighting, it should be some shade of Green but I give everyone the benefit of the doubt.",opiates
dw85npq,Not opiates but my favorite combo! Kpins subs and some dumb loud live reason with diamonds,Anyone who really has a tolerance can't really use them recreationally in my opinion.,opiates
dwvzsc2,Real Xanax bars straight from the Pharmacy and 8mg Suboxone! Sorry it has been a while since I have posted. I have been working and push so many bars that I don't have time for shit. Happy nods guys.,The part where I said something about them being Pharma was just satire because of how many people do it on here and it is clearly obvious they are lying. Lol.,opiates
dwvzumd,Real Xanax bars straight from the Pharmacy and 8mg Suboxone! Sorry it has been a while since I have posted. I have been working and push so many bars that I don't have time for shit. Happy nods guys.,The part where I said something about them being Pharma for satire because of how many people do it on here and it is clearly obvious they are lying. Lol.,opiates
dwvzv4j,Real Xanax bars straight from the Pharmacy and 8mg Suboxone! Sorry it has been a while since I have posted. I have been working and push so many bars that I don't have time for shit. Happy nods guys.,The part where I said something about them being Pharma for satire because of how many people do it on here and it is clearly obvious they are lying. Lol.,opiates
dwvzvss,Real Xanax bars straight from the Pharmacy and 8mg Suboxone! Sorry it has been a while since I have posted. I have been working and push so many bars that I don't have time for shit. Happy nods guys.,The part where I said something about them being Pharma for satire because of how many people do it on here and it is clearly obvious they are lying. Lol.,opiates
dww03ob,Real Xanax bars straight from the Pharmacy and 8mg Suboxone! Sorry it has been a while since I have posted. I have been working and push so many bars that I don't have time for shit. Happy nods guys.,They have been tested though and they definitely have 2mg of Alprazolam in each of them.,opiates
