Submission_ID,Submission_Title,Submission_Text,Subreddit
19q8kq,Karl Radek belongs here.,"We tried the whole “catholic priests fucking kids” thing over here for a LONG time and it didn’t touch the obesity epedimic amongst American youth.  That’s exactly the reason Trump is calling for more guns in schools - fear burns calories.  

These kids are just sitting around for hours a day.  That can’t be good for America’s fat kids problem.  Trumps approach is “put more guns in schools and increase the scheduled school shootings”.  That way our children’s fight or flight system is always in place, shooting constant adrenaline through the bloodstream and burning calories while our kids would otherwise be sitting around in a classroom”  It’s genius in its simplicity - I for one am excited to see the conclusions once all the data comes in.",OldSchoolCool
3g9rum,Breaking through methadone with dilauidid,"We tried the whole “catholic priests fucking kids” thing over here for a LONG time and it didn’t touch the obesity epedimic amongst American youth.  That’s exactly the reason Trump is calling for more guns in schools - fear burns calories.  

These kids are just sitting around for hours a day.  That can’t be good for America’s fat kids problem.  Trumps approach is “put more guns in schools and increase the scheduled school shootings”.  That way our children’s fight or flight system is always in place, shooting constant adrenaline through the bloodstream and burning calories while our kids would otherwise be sitting around in a classroom”  It’s genius in its simplicity - I for one am excited to see the conclusions once all the data comes in.",opiates
3htj70,Recipe for relapse,"We tried the whole “catholic priests fucking kids” thing over here for a LONG time and it didn’t touch the obesity epedimic amongst American youth.  That’s exactly the reason Trump is calling for more guns in schools - fear burns calories.  

These kids are just sitting around for hours a day.  That can’t be good for America’s fat kids problem.  Trumps approach is “put more guns in schools and increase the scheduled school shootings”.  That way our children’s fight or flight system is always in place, shooting constant adrenaline through the bloodstream and burning calories while our kids would otherwise be sitting around in a classroom”  It’s genius in its simplicity - I for one am excited to see the conclusions once all the data comes in.",opiates
3kag9j,Pledge Manuel from 1930,"We tried the whole “catholic priests fucking kids” thing over here for a LONG time and it didn’t touch the obesity epedimic amongst American youth.  That’s exactly the reason Trump is calling for more guns in schools - fear burns calories.  

These kids are just sitting around for hours a day.  That can’t be good for America’s fat kids problem.  Trumps approach is “put more guns in schools and increase the scheduled school shootings”.  That way our children’s fight or flight system is always in place, shooting constant adrenaline through the bloodstream and burning calories while our kids would otherwise be sitting around in a classroom”  It’s genius in its simplicity - I for one am excited to see the conclusions once all the data comes in.",SigmaChi
3r7kou,The upcoming religious wars in the Riverlands. (spoilers all),"We tried the whole “catholic priests fucking kids” thing over here for a LONG time and it didn’t touch the obesity epedimic amongst American youth.  That’s exactly the reason Trump is calling for more guns in schools - fear burns calories.  

These kids are just sitting around for hours a day.  That can’t be good for America’s fat kids problem.  Trumps approach is “put more guns in schools and increase the scheduled school shootings”.  That way our children’s fight or flight system is always in place, shooting constant adrenaline through the bloodstream and burning calories while our kids would otherwise be sitting around in a classroom”  It’s genius in its simplicity - I for one am excited to see the conclusions once all the data comes in.",asoiaf
419s02,12 months 9 charges not too shabby,"We tried the whole “catholic priests fucking kids” thing over here for a LONG time and it didn’t touch the obesity epedimic amongst American youth.  That’s exactly the reason Trump is calling for more guns in schools - fear burns calories.  

These kids are just sitting around for hours a day.  That can’t be good for America’s fat kids problem.  Trumps approach is “put more guns in schools and increase the scheduled school shootings”.  That way our children’s fight or flight system is always in place, shooting constant adrenaline through the bloodstream and burning calories while our kids would otherwise be sitting around in a classroom”  It’s genius in its simplicity - I for one am excited to see the conclusions once all the data comes in.",opiates
62tnyk,Found on /r/interestingasfuck - hand drawn cartoons sent to a users grandmother from back in ww2.,"We tried the whole “catholic priests fucking kids” thing over here for a LONG time and it didn’t touch the obesity epedimic amongst American youth.  That’s exactly the reason Trump is calling for more guns in schools - fear burns calories.  

These kids are just sitting around for hours a day.  That can’t be good for America’s fat kids problem.  Trumps approach is “put more guns in schools and increase the scheduled school shootings”.  That way our children’s fight or flight system is always in place, shooting constant adrenaline through the bloodstream and burning calories while our kids would otherwise be sitting around in a classroom”  It’s genius in its simplicity - I for one am excited to see the conclusions once all the data comes in.",opiates
63gjpc,Pure SCP fuel (first seen on /r/wtf),"We tried the whole “catholic priests fucking kids” thing over here for a LONG time and it didn’t touch the obesity epedimic amongst American youth.  That’s exactly the reason Trump is calling for more guns in schools - fear burns calories.  

These kids are just sitting around for hours a day.  That can’t be good for America’s fat kids problem.  Trumps approach is “put more guns in schools and increase the scheduled school shootings”.  That way our children’s fight or flight system is always in place, shooting constant adrenaline through the bloodstream and burning calories while our kids would otherwise be sitting around in a classroom”  It’s genius in its simplicity - I for one am excited to see the conclusions once all the data comes in.",SCP
78ji16,The strangest thing about life when you get clean...,"We tried the whole “catholic priests fucking kids” thing over here for a LONG time and it didn’t touch the obesity epedimic amongst American youth.  That’s exactly the reason Trump is calling for more guns in schools - fear burns calories.  

These kids are just sitting around for hours a day.  That can’t be good for America’s fat kids problem.  Trumps approach is “put more guns in schools and increase the scheduled school shootings”.  That way our children’s fight or flight system is always in place, shooting constant adrenaline through the bloodstream and burning calories while our kids would otherwise be sitting around in a classroom”  It’s genius in its simplicity - I for one am excited to see the conclusions once all the data comes in.",opiates
