Comment_ID,Comment_Submission,Comment_Text,Subreddit
dwv6m5h,"[Rapoport] #Browns reserve QB Kevin Hogan has requested and received permission for his agent to seek a trade out of Cleveland, I’m told. Hogan started one game last year, but had his best moments coming off the bench against the #Jets (122.4 passer rating).","Third string until hue decides in week 2 of preseason the ""he's our guy""",Browns
dwv7mw4,Conor McGregor has apparently arrived in New York,"Wait, burger king threw a chair through a window?",MMA
dwvcweo,"A source has told me a tha Dana White turned up at the scene and said.... ""Conor is in jail, he's done""","Lmao, man up thug rose",MMA
dwvmqpg,Warrant is out for Conor McGregor’s arrest. His plane can’t leave New York.,"I wouldnt say its career suicide, this keeps his name relevant while he parties away his mayweather money.",MMA
dwvmtvi,"A source has told me a tha Dana White turned up at the scene and said.... ""Conor is in jail, he's done""",Lmao.,MMA
dwvmvm0,"A source has told me a tha Dana White turned up at the scene and said.... ""Conor is in jail, he's done""",Woah there bro. Maybe ease up on the onnit for the rest of the day.,MMA
dwvntvn,"Dana White: ""What happened today was criminal, disgusting and it makes me sick.""","You can tell because he said he is disgusted. For Dana, this is the same as that feeling you get after you fap and then see your reflection in your monitor.",MMA
dww1orj,Conor McGregor and team causing a ruckus backstage in NY just now Per Felice Herrig's IG.,Holy shit. Fuck conor mcgregor,MMA
dww1szw,Conor McGregor and team causing a ruckus backstage in NY just now Per Felice Herrig's IG.,"Funny part is, if he is a felon, i dont think he will be allowed back in the states.",MMA
dww5ilm,"Congressman Earl Blumenauer: ""Oregon voters have spoken—medical and adult-use marijuana are legal in the state of Oregon. Now, a handful of county officials are trying to invalidate the will of our voters. Why are they trying to prolong the failed War on Drugs?! What a waste""","Oh my sweet summer child. Marijuana gets trucked EVERYWHERE. With more east coast states coming online though, i really think the black market is going to sputter out. It is just going to take a few years.",Portland
dwwaukl,How to start World War III,"looks like putin is doing one of those politician power play things, but the other guy isnt having it",gifs
dwx18gv,Holloway out of 223,"Lmao, khabib is the worst possible matchup ever for poor pettis. Evenbefore he was on the slide he is on now, the blueprint has always been to take him down and beat on him.",MMA
dwxd0y4,[Official] Day Before UFC 223 - Live Discussion Thread,Who gives a fuck. Fuck this guy.,MMA
dwxd57o,[Official] Day Before UFC 223 - Live Discussion Thread,Go to one in long island wearing a khabib hat and live stream your experience to /r/mma,MMA
dwxd8ha,[Official] Day Before UFC 223 - Live Discussion Thread,"We just want to see khabib beat someone down, we dont care who at this point.",MMA
dwxvi6z,Nurmagomedov vs Iaquinta official. Nurmagomedov can still win the official lightweight title. Iaquinta can not because he didn’t weigh-in at 155 pounds on the dot.,Props to Al for stepping up.,MMA
dwxvkbs,Nurmagomedov vs Iaquinta official. Nurmagomedov can still win the official lightweight title. Iaquinta can not because he didn’t weigh-in at 155 pounds on the dot.,"Maybe just a little? Just think, web get to hear Matt Serra yell ""get up al!! Walk walk!!!"" For 5 rounds.",MMA
dwxvm7g,Nurmagomedov vs Iaquinta official. Nurmagomedov can still win the official lightweight title. Iaquinta can not because he didn’t weigh-in at 155 pounds on the dot.,"Woah, that was 11 years ago?",MMA
dwxxwy2,"Dana White joins Get Up! and says that Conor McGregor is ""not apologetic"" for the attack at UFC 223 media day.","Just watched it, and did not hear dana say anything like that. Maybe i missed it.",MMA
dwxyb73,Al Iaquinta Talking about Khabib,"They literaly say that about every fighter in their gym. Serra doesnt even know how to not talk and just be quiet. He was bred to eat ham, roll around on the ground with other guys, and talk. Thats it.",MMA
dwxyqoq,Conor McGregor leaves police station in handcuffs,I say suspend him until september and strip him of his title.,MMA
dwy03k3,Conor smashing the Bus,Even with felice herrigs vertical video captiring the whole thing it would have been worth it,JoeRogan
dwy0a3s,"As a GTA: Online player, how old are you?",I 5 year old,GrandTheftAutoV
dwyfn77,Conor McGregor leaves police station in handcuffs,"it was sarcasm. they were talking about having him fight in september previously, and his title was already getting stripped",MMA
dwyvsts,Would you sacrifice your first born child if it meant that a cure for cancer would be found?,Only if i had cancer,morbidquestions
