Submission_ID,Submission_Title,Submission_Text,Subreddit
71suoj,Monitor port bandwidth on HP 5900 series switches,"Third string until hue decides in week 2 of preseason the ""he's our guy""",networking
71vky2,Can i ditch my commuter car?,"Third string until hue decides in week 2 of preseason the ""he's our guy""",Diesel
7270nu,My new to me 1997 7.3 f250 4x4. Pretty much my dream truck since I have been a teenager.,"Third string until hue decides in week 2 of preseason the ""he's our guy""",Diesel
7ap2bp,Does a dishonorable discharge from the military really keep you from getting a good job down the road?,"Third string until hue decides in week 2 of preseason the ""he's our guy""",AskReddit
7g9jfy,randy here,"Third string until hue decides in week 2 of preseason the ""he's our guy""",fightlockdown
