Comment_ID,Comment_Submission,Comment_Text,Subreddit
dwniwwk,[Task] Promote my book. Earn $2-$3 everytime someone buys it with your ref ID.,$bid,slavelabour
dwnjlyi,[TASK] Looking for someone to help me make a website and also do SEO/Marketing for it.,$bid,slavelabour
dwnk5ts,"Bullied boy with two colored eyes, cleft lip rescues cat with same rare conditions","Hahahaha.  Act as if.  Best advice I was ever given in life.  Right next to “if it don’t apply, let it fly” (if it isn’t your business, don’t make it your business)",UpliftingNews
dwnkcwx,"Bullied boy with two colored eyes, cleft lip rescues cat with same rare conditions","You’re doing it wrong then.  Actually, I’ve been a fairly decent looking dude throughout my whole life, even with acne, but didn’t develop ANY self confidence until my 20s.  I remember a specific moment, “this is what it feels like to be wanted (desired)...”

I’m now 30 and really could give a fuck if a girl finds me attractive.  Seems to work to my benefit.  But I gotta take care of me, before I can even attempt to take care of “us”.",UpliftingNews
dwnmbbj,Just moved to Alaska,"Lol.  SWIM bruh, SWIM",opiates
dwnnisz,"Happy April Fool's, guys.","Got me because one of the mods asked ""is this an April fools joke"" and another mod answered ""unfortunately, no"".  There goes my trust",opiates
dwnnmuz,My Buddy Claims This Was Half a Point - He's Retarded as FUCK,"Looks like a half point to me.  At first misread, it as a half g.",opiates
dwnntcc,"Happy April Fool's, guys.",Touche.  I'm still damaged goods.  Innocence.  Lost.,opiates
dwnqms8,[H] 7.50 PayPal [W] iTunes GC $10,I am interested.  I can send gift of current iTunes credits on account.  PM'ing for more info.,giftcardexchange
dwnt5ns,"Discussion thread for Bob's Burgers S08E11 - ""The Hurt Soccer""",Hahahahahaha.  I laughed at this.  Too funny,BobsBurgers
dwnt7qg,"Discussion thread for Bob's Burgers S08E11 - ""The Hurt Soccer""",Tina asking what car belongs to the other coach.  Such teen angst and aggression,BobsBurgers
dwnt8ao,"Discussion thread for Bob's Burgers S08E11 - ""The Hurt Soccer""",“I’M COACHING!”,BobsBurgers
dwntay0,Brendan showed up in Bob's Burgers!,“There’s no paper in there”,homemovies
dwntdsu,"""easter"" napkins but all I see is Louise",“My ears!”,BobsBurgers
dwntfox,anyone else notice the Brenden Small kid on the soccer team?,No toilet paper in there,BobsBurgers
dwntrkx,Just randomly found this on the sidewalk. Its the size of a chiclet.,Exactly.  Bob for president!,BobsBurgers
dwntt9n,"Theory - there’s been some recent discussion over how they manage to keep the restaurant open, but what if?",Bob made all the money from selling “human meat burgers”,BobsBurgers
dwntuve,Favorite song from Bob’s Burgers? Mine is Lindas Thanksgiving song or her Valentine’s Day song. Also am I the only one who knows all the musical numbers from this show by heart?,“Boobidy boobidy boobidy boo”,BobsBurgers
dwntxxb,I wonder if the girl on the left means something to one of the creators - she's in the background of almost every Wagstaff scene.,"“Pop it, lock it”",BobsBurgers
dwnuqp5,Anyone else drink or get high while unemployed?,"Sup blue.  Still going strong yea? Hang in there my dude, something’s BOUND to kick for you.  I kinda put the job search on the back burner and am focusing on starting my own enterprises.  Got a drop shipping gig in the works, and just launched my web design website.  Also, I flip/sell anything and everything I can around the house...

Get at me if you got nothing better to do.  Still just lounging around the house all day, no dope but I got a demon or two that recently came back around.  Nothing like that sweet sweet blanket tho",Unemployed
dwnurqi,Anyone else drink or get high while unemployed?,"“Cocaine, codeine, etc.”",Unemployed
dwuan3p,What’re your other vices?,Sugar fucks me up!  Fat headache and bodyaches if I don't get any.  Weird how I replaced it for my previous dope habit,opiates
dwub9b7,"I'm Eric Hafner, I'm running for U.S. Congress in Portland, Oregon (OR-3). I want to legalize all drugs, including opiates, but offer ibogaine therapy too, and free drugs for addicts via prescription.",Bahahaha!  I like you Sir Eric!,opiates
dwubghs,"I'm Eric Hafner, I'm running for U.S. Congress in Portland, Oregon (OR-3). I want to legalize all drugs, including opiates, but offer ibogaine therapy too, and free drugs for addicts via prescription.","This some biochemical warfare right here. Call em ""fet bombs""",opiates
dwxx3g4,"""Why don't you just smoke weed?""","Some sub (tex or suboxone) and a dab or a fat backwoods gets me feeling some type of way.  Throw a benzo in that mix and you got me nawdin’ tough... sometimes better than smoking black...

Starting to get the heeby jeebies from not working for almost 5 weeks now.  No matter how hard I try, being sober (off heroin, not “clean”) and unemployed do not mix.  Way too much downtime and the word “pathetic” comes to mind everytime I look into the mirror...

I’m 30.",opiates
