Submission_ID,Submission_Title,Submission_Text,Subreddit
5xextb,off that D wagon.,$bid,opiates
6236xi,Nodding...,$bid,opiates
65h1jw,"Meal prep for the week, HOW BOW DAH",$bid,opiates
66cbkt,Let's see it,$bid,opiates_gonewild
692aqc,BTH West Coast - cut?,$bid,opiates
6hards,Kickin again. This time prepared with Hylands Restful Legs and Imodium 200ct from Walmart. Muh fuckin shit post,$bid,opiates
6j4vz6,Shit on an interesting title,$bid,opiates
7uwik5,Toasty! (or [⬇️+HP high punch) whoopsie from Mortal Kombat; sup 80’s babiez),$bid,opiates
