Comment_ID,Comment_Submission,Comment_Text,Subreddit
dwc1fkg,Im feeling retarded.,"dude , dont type with your erection. sheesh.",Drugs
dwc8gm7,Im feeling retarded.,https://static.spacecrafted.com/d7a8150bb51945f7b40d8b6b239a2678/i/b761ca77203a408c814ef1983625426b/1/PYTVJ3JH1dSSeU6uiK5kQhQriQ,Drugs
dwd6djo,"A newly discovered network of fluid-filled channels in the human body may be a previously-unknown organ, and it seems to help transport cancer cells around the body.","yeh  , its called the lymphatic system.

idiots",science
dweodwy,RIP OldRapGroup,".

sorry about your friend

do you know how old he was ?",opiates
dwfy7ur,Franklin County Ohio : 18 od deaths in 7 days,check the local obituaries. :(,opiates
dwgflrl,UPDATE: I gave in and snorted my remaining heroin.,"gee , didnt see that coming 

dont pick up again if you can",Drugs
dwgh911,I am A 41 Year Old Psychiatrist Who Tried (IV) Heroin,"""Final thoughts, i know how addiction works so i wont get addicted""

HAHAHAHAHAHAHAHAHAHAHAHAHA",Drugs
dwghh70,Man has 'world's worst' super-gonorrhoea,and they said sleeping with hundreds of women wouldnt get him anything,Health
dwijm9a,Fentanyl,where you at man ?,Drugs
dwjgjze,North Korean drug scene,"its lit fam. ive been looking for these beauties for years. 

much better than the homemade jenkem ive been consuming . all hail lil kim !",drugscirclejerk
dwjr1xx,Goodbye fam. Finna inject two whole marihuanas and end it all.,dos boofness,drugscirclejerk
dwk1g8e,About to start my benzo rampage and Remy liquour will update,"try not to blackout. we need those memories , lol.",BartardStories
dwlzsmb,heres a stupid bartard story for you that happened last night i experienced,r/BartardStories,Drugs
dwlzx80,i’m fiending like a bitch rn,i was thinking gollum but thats a very close resemblance.,opiates
dwntsmz,"Rest easy, u/OldRapGroup","condolences

when did he pass?",opiates
dwojp8r,First time xanax took 3 bars,"""you know what time it is? Xanax time""

famous last words ;)",BartardStories
dwt53ja,The true cause of the opioid epidemic,sounds legit,opiates
dwud8t2,"My best friend just died, having overdosed on fentanyl.",my sympathies <3,opiates
dwuhdks,"New Jersey cops search a man's anus, genitals for weed during traffic stop. Does not find anything, gives him a ticket for tailgating.",new jerseys finest.,newjersey
dwuxa7k,Not a bad idea,"tbh  , there'd probably be a lot of refugees heading north.",Ohio
dwvau3z,Might do something crazy,"based on your attitude now , if you go ct at 30 grams youll probably become suicidal . id keep tapering to at least 10g per day before even thinking about jumping.",quittingkratom
dwve822,N.J. drug overdose deaths in 2018 on a record-shattering pace,"yep , if it keeps up at this rate it'll come out to be just over 3100 by the end of the year.",newjersey
dwvga73,"Another attempt at a rampage, high doses and alcohol involved. Let’s see where we end up!",be more detailed in your story this time please. stay safe and good luck.,BartardStories
dwvv335,Our State [CLE],....so youre saying ohio's a mudhole ?,Ohio
dwvvlcs,Our State [CLE],touche,Ohio
