Submission_ID,Submission_Title,Submission_Text,Subreddit
88cg51,"Fent warning :Decatur county , Tennessee","dude , dont type with your erection. sheesh.",opiates
88cgdw,Multiple Deaths Linked To ‘Lethal’ Batch Of Drugs,"dude , dont type with your erection. sheesh.",Tennessee
88wv70,"OKLAHOMA RANKS NEAR THE TOP IN OVERDOSE DEATHS FROM STIMULANTS, CDC DATA SHOW","dude , dont type with your erection. sheesh.",oklahoma
8910t2,Traffic stop leads to seizure of 19 pounds of heroin,"dude , dont type with your erection. sheesh.",texas
891a33,"Fentanyl-Laced Cocaine On the Rise in Cleveland, African-American Overdose Numbers Climb","dude , dont type with your erection. sheesh.",opiates
891ku5,Franklin County Sees 'Dramatic Increase' In Overdose Deaths,"dude , dont type with your erection. sheesh.",Columbus
89fv3h,"New surge of meth, cocaine mixed with powerful opioid pushes Ohio’s drug overdose death toll higher","dude , dont type with your erection. sheesh.",Ohio
89toxv,Ohio's largest meth bust EVER: 140 pounds of methamphetamine seized in Summit County,"dude , dont type with your erection. sheesh.",Ohio
89tpc9,Ohio's largest ever meth bust: 140 pounds of methamphetamine seized,"dude , dont type with your erection. sheesh.",news
89w3tc,"Indianapolis drug bust nets more than 30 pounds of meth, more than a kilo of cocaine","dude , dont type with your erection. sheesh.",indianapolis
89yl9a,N.J. drug overdose deaths in 2018 on a record-shattering pace,"dude , dont type with your erection. sheesh.",newjersey
89yliq,N.J. drug overdose deaths in 2018 on a record-shattering pace,"dude , dont type with your erection. sheesh.",opiates
89ylwh,Man had 82 pounds of meth packaged as Mexican candy:,"dude , dont type with your erection. sheesh.",Drugs
89ym5z,Man nabbed with 82 lbs. of meth packaged as Mexican candy on I-59/20 in Jefferson County,"dude , dont type with your erection. sheesh.",Alabama
89yqwu,Air Force Thunderbirds pilot killed in F-16 crash near Las Vegas,"dude , dont type with your erection. sheesh.",news
8a0z57,The NIH Just Announced a Billion-Dollar Initiative to Combat Opioid Addiction,"dude , dont type with your erection. sheesh.",Health
8a17bk,Surgeon General Urges Public to Carry Overdose-Reversal Medication,"dude , dont type with your erection. sheesh.",news
8a2gp6,FDA forces mandatory recall on kratom,"dude , dont type with your erection. sheesh.",quittingkratom
8a2h0c,FDA forces mandatory recall on kratom,"dude , dont type with your erection. sheesh.",Health
8a54ic,Philadelphia considers opening site for heroin users to shoot up safely,"dude , dont type with your erection. sheesh.",philadelphia
8ace8z,Meth lab found across from police headquarters in Jacksonville,"dude , dont type with your erection. sheesh.",Drugs
8ad8r2,Bodies of missing Michigan couple found in swamp,"dude , dont type with your erection. sheesh.",news
8adara,Fatal drug overdoses continue to climb in the Lehigh Valley,"dude , dont type with your erection. sheesh.",Pennsylvania
8aepy2,Florida man allegedly crushed live animals in trash compactor,"dude , dont type with your erection. sheesh.",FloridaMan
8aesfn,"Florida man kills estranged wife, sister in Georgia","dude , dont type with your erection. sheesh.",FloridaMan
