Comment_ID,Comment_Submission,Comment_Text,Subreddit
drugnlb,"Dog sat for a friend over Christmas, made this to explain why his dog (the black one) might be a bit tired this week. GoPro Hero6 w/ karma grip.",He looks absolutely thrilled to be out there!,gopro
dsnarx7,Shitpost: grateful,You said it. Unfortunately the fun is gonna be over for me soon. I gotta kick and focus on other things I've been getting a little carried away w the opiates lol,opiates
dsnvhp7,"Gf controls my usage, it's making me hate her.",Dope wins this 10/10 times,opiates
dsnvrcq,What’s the craziest pick up experience you’ve ever had???,"A cop would probably smoke weed or maybe MAYBE do coke. I seriously doubt a cop would snort dope unless he absolutely had to. 

Or it if was some major investigation they were on. Cop ain't snorting dope to bust a street dealer.. unless the cop is a low key fiend and got himself a sweet gig where people force him to do drugs  😉",opiates
dsnvvix,Who else is watching Playoffs and getting Well?,Will never understand smoking pills.. just seems so odd to me idk why.,opiates
dsnw5wd,Its been a while,Dilly dilly!,opiates
dsnwq94,Usually I dab my black because I’m not big on IV. Today went to buy a new bag of rigs and the pharmacist was a bitch. She didn’t even want to help me at first but did. Asked for my usual 31g 1cc short tip and she gave me these! Didn’t know it till I got home. Like tf can I do with these dumb things,"What do you mean by ""dab"" ? I've never heard that in reference to dope before",opiates
dssp7ix,My insane roommate thinks she's turning tums into H/coke.,Ur fuckin mad for putting this crazy lady's shit in ur arm knowing how off the walls she is lol. Ur mad!,opiates
dssq8wd,Cocaine,Only reason I don't like doing coke is because you basically have to go through withdrawal every time you use it..,opiates
dssrg25,My Story: Comfortably Detoxing Off Norco's 15-20 times in the last 5 years; Guide & Tips,"Dude you can't even write a complete/legible... kidding! 

You're a good writer. You should write more. Very entertaining.",opiates
dstc8jq,Are most oxys in the streets pressed with fent? If so how are some ways to check if they are or not.,"Taste is obvious, they also feel way different then real oxy. 

If you're not 100% certain they are real,  you should assume they're fake and pressed w fent.",opiates
dsw7gum,I feel like dancing a fucking jig!! Shitpost...,"Link to OP's original post 

https://www.reddit.com/r/opiates/comments/7kr79l/fucking_rant/?st=JCL5GBXV&sh=45058e39",opiates
dswn72e,Baby blues ⭕,Looks delightful,opiates
dsy1e7d,The day before yesterday 2 of my friends shot someone in the face while I was about 30 feet away,Damn that is fucked up! If I were you I'd prolly feel confused too but fuck.. u didn't pull the trigger!,opiates
dsy1hp7,Work and addiction,Finance (sales) - it has its ups and downs.,opiates
dt3jcws,Most interesting place you got your groove on......,"First time I've ever taken an opiate, ever: 

I was flying home on a business trip, I was at an Airport about to get on my last flight home, I was stoked! I got to my terminal and most the seats were taken except a few. I looked around and a woman made eye contact w me, and shit you not sort of like waved me over w her eyes. I was wearing a suit because I had meetings all day and she immediately commented on what I was wearing. I thought to myself ""is this real life? This shit never happens to me.. ""

Anyways we got to chatting, and I told her flying is boring. I always have a few drinks before flying because wtf else am I going to do.. it's boring as hell!  I didn't know it then, but she was about to change my life for good. She looks at me and says ""you want a couple Percocet?""

I immediately said yes  -to be fair I knew what I was getting into, I had friends w problems and everything but I said fuck it I'm gonna do this. I didn't know pills at the time but I now know I took 20 mgs, and I was high out of my mind. We aggressively flirted the entire ride back to our home city. She was showing me naked pictures of her and shit, I was talking absurdly loud about how fun it would be to fuck in the bathroom on the plane and shit lol fuck it!  Looking back I can't even imagine what the poor people on the plane had to sit thru... hilarious to some, repulsive to  others I'm sure. 

We got off the plane, exchanged numbers , etc and then shit got kind of weird w her.. she wanted me to sell her hubby weed and I just got wicked sus'd out and thought they were cops so I totally stopped talking to her. 

Now that I think of it... I should hit her up and see if she got any more of them perc's!! Lmao",opiates
dt3l6bk,Gonna be a good week. Cheers! (65 Oxycodone 30mg & 33 Xanax 2mg),2 blues and a bar for breakfast.. my god mate you're a champion!,opiates
dvf0km5,Trump Agrees To Meet With Kim Jong Un,Mike pence was at the SK NK border where they hold peace talks a few months ago. It's likely that's where they will meet.. it's not that big of a lift. Obviously it's a bigger deal because it's POTUS but it's not like we're going to meet the dude in Pyongyang,conspiracy
dvxawd4,I’m one happy gal today,These r my absolute fav!,opiates
dwdbym0,Getting a script - do's and dont's,"I understand that to be true in most cases but this doc seems like he's willing to write that day. Tough to explain exactly how the assistant said it.. but she was pretty much like you pay us, you get the diagnoses/script and then come back and see us every few weeks...    

The doc seems suss. Which is exactly what I'm looking for lol",benzodiazepines
dwl52c7,My day on acid,"Ya man someone else said it below but.. just go out there and do it. Don’t ask urself over and over again “is it working? Am I feeling it?”  Just he present and have fun. 

Buy the ticket take the ride baby!",Drugs
dwoi7jt,Getting a script - do's and dont's,Can I say my gf is prescribed them and she’s given them to me to help me go to sleep.. but I’ve never had one during the day so I’m not sure how it would combat my anxiety? Or is that too much?,benzodiazepines
dwud8sk,"Kurt Cobain: An Alternative Conspiracy (not about his death, but his life)",You are an incredible writer.,conspiracy
dwuda9g,Some perks,Those look yummy!,opiates
dwudiz9,I wonder if anyone makes customized syringes with replaceable sharps,"I always wondered if people had stuff like this. Similar to weed paraphernalia in the sense that you could have your “own” stuff. 

Nothin wrong w the standard orange needle we see all the time but it would be cool if people had unique kits",opiates
