Submission_ID,Submission_Title,Submission_Text,Subreddit
6t656x,Edible marijuana and your liver,He looks absolutely thrilled to be out there!,Drugs
6w1tq3,Attempted cold cop today,He looks absolutely thrilled to be out there!,opiates
722b7o,"How many Reddit accounts do you have, and what subreddits make up each one?",He looks absolutely thrilled to be out there!,AskReddit
722fy6,How many r/usernames do you have and what how are they compartmentalized?,He looks absolutely thrilled to be out there!,AskReddit
76q2ry,What's your favorite thing to do when high?,He looks absolutely thrilled to be out there!,opiates
78xmtw,Is Donald trump about to make Heroin great again??,He looks absolutely thrilled to be out there!,opiates
7q4gcw,Shitpost: grateful,He looks absolutely thrilled to be out there!,opiates
85kpbq,High dosing hydros (shit post),He looks absolutely thrilled to be out there!,opiates
87jmlm,Getting a script - do's and dont's,He looks absolutely thrilled to be out there!,benzodiazepines
88fyc2,My day on acid,He looks absolutely thrilled to be out there!,Drugs
