Comment_ID,Comment_Submission,Comment_Text,Subreddit
dr4t7ko,Neversoft Developers of Tony Hawk Pro Skater 1998,"Damn I knew I was giving in to childhood nostalgia! I'm not even old lmao i'm just out of me teens finally.
but bscallerreturns if you know so well, shoot me some games with heart",gaming
dsgyqv5,"TIL that Frank Goldsmith, Jr., a Titanic survivor who later lived near Navin Field (Tiger Stadium) in Detroit, never took his children to baseball games because the roar of the crowd reminded him of the screams of people dying in the freezing water.",Isn't that what they want the masses to forget?,todayilearned
dt1m5yc,China says shutdown shows U.S. democracy chaotic and chronically flawed,"American's persecution complex is older than America itself. It comes from the puritan culture which first established itself in New England, and lesser so from the fact many of the early European people's who moved to the US were persecuted and moved because of that",worldnews
dt1misr,China says shutdown shows U.S. democracy chaotic and chronically flawed,"Sure. But we've only been this powerful for 73 years. My grandfather is older than that. Cultures don't change overnight, and persecuted mindset is deeply embedded to the evangelical mindset, so I don't find it too ridiculous that Americans still think this way (also, which btw, there isn't actually too many American's who seriously think we're persecuted. just some of the loudest ones lmao)",worldnews
dt70qez,I Was a Bank Robber Until I Read Kant - The one thing that criminals and philosophers share is a sense of being an outsider,"this is an amazing quote and your username is also dope, a kafka fan my friend?",philosophy
du0fwqw,[I ate] A pound of mixed fried shellfish,"""It's over when I'm full enough to start masturbating, so then the meal isn't even over. It isn't over until I hate myself so much I need to pull my dick out."" - Louis CK",food
du0fxkw,[I ate] A pound of mixed fried shellfish,I thought about killing myself over less,food
du42ms7,The absolute joke of Romanian football,...do you not care that cars can and will become death machines when used improperly?,soccer
du42p7l,The absolute joke of Romanian football,"You can for sure still bribe American cops, but its much more expensive, and generally requires a lot more balls because of the chance of catching a felony (but I do know some gold line pocketed people who have done it)",soccer
duky1b3,Nom,"also you need to learn russian 

https://www.youtube.com/watch?v=YjOZT_6_F3A",gifs
dul080y,That's not supposed to happen,"okay wait, I'm not sure i understand what you mean here by ""I'm not even American""",instant_regret
dul19kd,"I hate that TRP is the truth, but it is.","This is a great comment, thank you, this is why I come to To the Redpill, because fundamentally this sub is about optimizing your potential as a male through work and good philosophy, and not just fuking bitches",TheRedPill
duu6s6q,Focussing on Pussy isnt Beta Behavior,seriously,TheRedPill
duu7lrm,"There's a lot of negativity about the culture war that feminism has been winning, but it IS coming around to bite them:","""I'm going to go back to appreciating all the other stuff in my life, as should you gents.""

I'm good friends with a girl who is a stripper, and she said to me word for word not a week ago ""There is nothing hotter than when a man has something better to do [than see me]""",TheRedPill
duy0xcu,"Hey Reddit, what's your ""type""?",lmao to edit 2. Why do you think they all single brah?,AskReddit
duy5zxl,"Hey Reddit, what's your ""type""?","this is comment is kafkaesque, have you ever read him?",AskReddit
dv05oed,The Petty Godfather,"yeah man, i don't get what it is but the internet loves to defend cheaters. makes me think everybody cheats these days",BlackPeopleTwitter
dvdrrod,The real women to celebrate on International Women's Day,what do you mean men from the 60'?,The_Donald
dvny0eu,"This is ridiculously sad. A father tells his kids about their mother cheating on him and she threatens to kill him. In the eyes of two legal advice subreddits, he is an evil, manipulative jerk.","I don't think ""telling the truth"" is a cute way of ""I want to hurt the other person""; that's fucking bullshit. Get out of here with that arrogant bullshit",TheRedPill
dvny3c8,"This is ridiculously sad. A father tells his kids about their mother cheating on him and she threatens to kill him. In the eyes of two legal advice subreddits, he is an evil, manipulative jerk.",god you're such an arrogant shithead,TheRedPill
dvo0jx6,"This is ridiculously sad. A father tells his kids about their mother cheating on him and she threatens to kill him. In the eyes of two legal advice subreddits, he is an evil, manipulative jerk.","lmao. four words. treat people with respect

It's much easier- instead of foaming at the mouth like a rabid dog with insults- to argue against your opponent's arguments with better arguments, than to resort to ad hominen

you're right- children, and adolescents often lack wisdom, but telling them so disrespectfully discourages them from developing wisdom, because you've turned that trying and curious spirit into an indignant one. Men like you are the reason growing up was fucking annoying, so fuck off. Just because you've seen some shit doesn't make you the authority on anything. Sit the fuck down and be humble",TheRedPill
dw6jh25,it's a trap,worst boner,greentext
dwemz66,"What was your ""I shouldn't have said that"" moment when talking to a customer?","that's hilarious, maybe you should always be this loud",AskReddit
dwen79l,"What was your ""I shouldn't have said that"" moment when talking to a customer?","lmao, he probably deals with this from his gf on the reg, he was happy you said something",AskReddit
dwqayp7,{NSFW} Boof Queen!,Damn where do i find girls like you?,opiates
