Comment_ID,Comment_Submission,Comment_Text,Subreddit
d2hn6mc,Juggling swords (x-post from /r/BeAmazed),Those dream catchers are everywhere.,nonononoyes
d51zd7q,[Giveaway] Unique eCigs Giveaway V10- A full line of our brand new Homestyle Series e-Liquid + Unique Pine Box to 2 winners!,I've been watching episodes of The Unbreakable Kimmy Schmidt. The shows absolutely hilarious!,electronic_cigarette
d51zsld,"Om Vapors - ""REDDITEJUICE60"" for 60 percent off flavored e-juices. 30 ml $5.99| 120 ml $15.99|[Giveaway] Two 30ml’s to 1 lucky winner",The first juice I ever tried was probably my worst vaping experience. I was quitting cigarettes and thought I wanted with a tobacco flavor. I was wrong. Very wrong. These days I've been pouring all my left over juice together and getting some cheap stuff from a local B&M when I can afford it.,ejuice
d53g7rd,"**WIN Your Choice of Mod, Tank, and Juice - MistHub's Free [Giveaway] V58**",Transistor baby clouds 3mg. I have a working mod so if I win draw another name (for the mod and atomizer) please! Right now I'm in between jobs so I don't get great juice very often. Thanks for the giveaway!,electronic_cigarette
dhts3vs,Where is a good place in Asheville to go see slam poetry preformed?,Noble Kava has it certain nights. Not sure which ones. Good luck.,asheville
dkdt3ll,The Disaster Artist Teaser,I watched the entire movie from YouTube.,movies
dmourbk,"Best weatherman ever, very articulate and educational","I think this guy is Alan Seals from WKRG 5. Broadcasting from Mobile, Al. Guys been there for a while.",videos
dmqyv4l,Neighborhood... what?,"As a kid I thought these signs meant that it was a bad area of town. Like ""look out, someone might try and Rob you around here"".",funny
dnecfgm,Look at her eyes after the boop,What's wrong with the cats ears?,Eyebleach
dnedrmo,Dogberg with a flying elbow drop!,Where can I see more of this flying pupper?,Dogberg
dnjivom,Cows Welcome Their Visitor,"Eat a bag of dicks. Sorry, tofu-dicks.",AnimalsBeingBros
dns15rg,I hope Puerto Ricans never forget nor forgive how they have been treated by Trump and the Republicans for generations to come.,It's sad that most people disregard your comment so they can just continue to hate.,MarchAgainstTrump
do3qnna,Our for a walk with the dogs and came a cross a trash panda chillin in his tree.,Sleepy momma,trashpandas
dq8hpei,Oh...another 80s workout vid.....wait what???,"Not sure why but that reminded me of this old video from Newgrounds. 

https://www.newgrounds.com/portal/view/161181",gifsthatkeepongiving
drrwrhe,HMJB while I catch my baby brother,I imagine half of all babies have fallen on their heads at some point. Mom's just be exhausted.,holdmyjuicebox
dshlhlb,1902 My Great Great Great Great Grandpa! Born a slave but made it to freedom. You go gramps!,That's some awesome stuff. I my grandfather was called Gramps as well. You don't hear it too often but I thinks it's one of the better ones. Have a good life.,OldSchoolCool
dwg1n2k,Not bad for $40,That's a nice looking score,opiates
dwg1sdf,When the plug has some options,Looks like an overstuffed Christmas stocking. Lucky you I can't even get a lump of coal here lol,opiates
dwg1uk7,Had to go grab another one..cant best 40$ halfs,It blows my mind that people want 80 - 100 a half here.,opiates
dwi4zf8,Tonight’s pickup,Better than western NC. I've been buying some homeless dudes beers but most of them are just drunks and can't help. Like you you said keep on trying!,opiates
dwi79mr,How's everyone doing?,Well there was a chance of getting fired today but kept my job and its payday! But there's nothing worse than a wallet full and no plug in sight!! I wish this area had a open market type deal. Oh well still got the job.,opiates
dwj1i2q,My weekly commission for bringing ppl to the dboy... there was 50,Take me to your leader lol,opiates
dwjdi21,"Eltz Castle, Germany",I wish I had the PS skills to maker her into a knight.,pics
dwne6eg,Anyone else have this problem?,Sounds like your near NW Carolina. Nothing but shitty middles and expensive dope.,opiates
dwu90sa,Day Off Vibes,Got the all black Hersh wallet last week. Still dope tho. Ride some of those busses my way.,opiates
