Submission_ID,Submission_Title,Submission_Text,Subreddit
2r7b55,Aspire Nautilus not wicking.,Those dream catchers are everywhere.,electronic_cigarette
2x6ym1,Fake or real Xanax 2s? Im kind of a benzo noob.,Those dream catchers are everywhere.,benzodiazepines
3mrv3t,Nola tonight. Free ticket.,Those dream catchers are everywhere.,wilco
44edqx,Here's a great warrior pvp video.,Those dream catchers are everywhere.,wow
46nes8,Found on craigslist. I'm looking for a laptop for autocad and gaming.,Those dream catchers are everywhere.,SuggestALaptop
48l2l7,Faceless Manipulator has know all along.,Those dream catchers are everywhere.,hearthstone
