Comment_ID,Comment_Submission,Comment_Text,Subreddit
dwllolz,"10 minutes, papi",He literally wouldn't turn around for an extra 40 seconds. Fuck,opiates
dwlmtat,Something to add to your Withdrawal remedies~,I do this every day after work. Im always to hot after a shower so i crank the cold and kill the hot. I've gotten used to it to the point i usually stand under the cold longer than the hot. I work manual labor and it helps with my body feeling good to,opiates
dwlrjjd,The worst feeling,I didn't read all the comments so im not sure if this has been mentioned yet. Have you spoken to a dr. About possible depression? You don't Have to be sad to be depressed. I have depression and i describe it as a lack of joy instead of being sad. Im not sad or in a foul mood but things that would bring most people joy don't bring me any feelings. Its more of a bored contentness with me. Just a thought to check out if u wanted. Good luck.,opiates
dwlskvx,I gotta ask how do you guys come up with money for your habit? I’m not employed and I’m about to lose my hustle for good and it’s been giving me panic attacks all week. I been applying for jobs all week with no luck ugh,"19 when i started. 2nd real job, never looked back. Doing it 14 years now comin up on 15.",opiates
dwnms9l,"Girlfriend of 3 1/2 gets hooked on opiates, robs me blind.","Well. Opiates do change the way the brain works and its the addict stealing not sober her but she chose drugs over withdrawal by stealing.  Many many people dont turn to stealing to get their drug. So i think its more a sign of the person's morals and not just the addict in them.

For example my parents always have around 1k in cash at their house. I know where it has by accidentally finding it while helping them move some things. They have no idea i know its there so i could easily steal it and claim ignorance. Especially cuz they often leave their door unlocked when they leave giving me the break in excuse. I have suffered through many days of withdrawal knowing that money is there. O could even just take like 50 bucks and pay it back and they'd never known. But I DONT and never will cuz it doesnt belong to me. Moral of the story is she still made the choice to steal and didn't have to",opiates
dwnqute,"Prison guards of reddit, what's the scariest day on the job you've ever had?",Your name.... does it mean what i think it does??,AskReddit
dwp1k06,What is a random fact that you know?,If she doesn't come in 15 minutes she's not much of a teacher.,AskReddit
dwp3gmz,What is a random fact that you know?,How old are you now? Just trying to figure out your average pants shitting per year escapades.,AskReddit
dwpavy5,Dboy wants to put apartment in my name,"Theres a reason he wants to put it in your name, and it's not a good reason. Either he can't get a place in his name cuz of felonies or bad credit. Or he knows its gonna be a drug house and wants someone else to take the blame when it gets raided. Neither of those are worth any amount of dope if and when you get caught up in some bullshit. Thak junky jesus you said there's no way your doing it, so that's good.",opiates
dwqczid,IV use is not for everyone,"Iv heroin for 3-4 months.missed shots, hassle to do and so many negative possibilities. I went back to smoking.",opiates
dwqo84l,"Point for 25, gram for 180",Time to drive southeast to your neighbor,opiates
dwrfabm,Are they any good?,No. U need to dissolve them in water and shoot that up the poop chute. Use a kids medication syringe. U can get 5ml ones they have no needle. Dissolve pill in 2-4 ml of water. Suck it up into oral syringe. Stick a couple inches up your butt. Slowly inject into exit. Lay on stomache for 10-15 to let it absorb. Make sure your bowels are empty otherwise the naughty poop monster chilling by your villian hole will just absorb all ur drugs.,opiates
dwrfswm,Are they any good?,No clue. I've never done hydromorphone. Sorry.,opiates
dwtnmzd,And they say they are hard to get .. 🧐,Its the insurance companies that cap it at 360. And if ur paying cash for 360 u may as well wear a t shirt that says i divert my script.lol,opiates
dwtw407,13 year old freeystyle skateboarder Isamu Yamamoto,Rodney mullen must be this kids Mr. Miyagi.,Damnthatsinteresting
dwtwd5q,After leaving a movie theater on Sunday I found these text messages on my phone.,"The lack of derogatory name calling amazes me. No ""slut"" ,""whore"",""Stacy"",""you must be busy fuckin Chad since you haven't answered in an hpur"". This nice guy needs to learn to be nicer and include name calling in his texts.",niceguys
dwu9ten,This Jacked Toddler Mannequin,"Damn, beat me to it.",mildlyinteresting
dwu9ugs,This Jacked Toddler Mannequin,"Mom, I'm out of juice.  Mommm, juice",mildlyinteresting
dwvxu7c,What is the most unreasonable thing you've been asked to do at work?,Seconded on needing the career ending story. Sorry there even is a story.,AskReddit
dww587n,What is the most unreasonable thing you've been asked to do at work?,At least you got paid. Way more than most people would get.,AskReddit
dww61tk,What is the most unreasonable thing you've been asked to do at work?,I had this happen about 2 hours into my day my best friend and old roomate. I was literally in shock and worked another 2 or 3 hours. Finally i went to my supervisor who i had already told right after i got the phone call that i just needed to leave. He said go right on ahead and I'm thankful you stayed as long as you did you didnt have to. My supervisor was always an ass who wanted everyone at work no matter what. Sick ass kid... bring him with and make him sit in an empty office all day miserable feeling and bored. He was that boss. To see him have compassion was unreal to me.,AskReddit
dww7tts,What is the most unreasonable thing you've been asked to do at work?,Sooo... you aren't an absolute unit? No one is in awe of your size?,AskReddit
dww8onp,What is the most unreasonable thing you've been asked to do at work?,Fuck no he is not overpaying you. If you worked 7 days a week for 30 days at 11 hours per day. Thats 330 hours. Figure half those days are only 10 hours cuz u take your 1 hour lunch break that you are LEGALLY required to take if scheduled for 8 or more hours. That brings you down to 315 hours per month. At 2800 per month pre tax i assumed you are making a whole 8.88 per hour pre tax if the 2800 is gross pay and not net. Plus your boss is breaking the law by letting u skip lunch. Even if u want to skip break they are legally spose to make u take a break. So i would say your getting the shaft.,AskReddit
dww92u5,What is the most unreasonable thing you've been asked to do at work?,Did u take legal action against them? You definitely could have.,AskReddit
dww9g2v,What is the most unreasonable thing you've been asked to do at work?,Everytime a company has someone succesfully claim unemployment its documented and given points. Kinda like car insurance where and accident will give u points. The more points you have the more the insurance costs you. Same thing with a companies unemployment insurance. It may not be exactly like i explained but close.,AskReddit
