Submission_ID,Submission_Title,Submission_Text,Subreddit
59m5zp,i think a junkie jesus angel helped me today.,He literally wouldn't turn around for an extra 40 seconds. Fuck,opiates
5lz5h0,Straight foils make nice trails! Gotta love the 1st of the morning.,He literally wouldn't turn around for an extra 40 seconds. Fuck,opiates
5q8621,Sharing drugs and dope,He literally wouldn't turn around for an extra 40 seconds. Fuck,opiates
5yfs1e,Dboy shit post vent,He literally wouldn't turn around for an extra 40 seconds. Fuck,opiates
6cq73d,Who's doing the funny ass title flairs,He literally wouldn't turn around for an extra 40 seconds. Fuck,opiates
6hc4s9,Does Pit win the cup without Fleury?,He literally wouldn't turn around for an extra 40 seconds. Fuck,hockey
6n5yr4,Hit artery,He literally wouldn't turn around for an extra 40 seconds. Fuck,opiates
7kuuai,Cat may be ded,He literally wouldn't turn around for an extra 40 seconds. Fuck,AnimalsBeingDerps
7lrlyz,Dad teaching son to skate,He literally wouldn't turn around for an extra 40 seconds. Fuck,hockeyplayers
