Comment_ID,Comment_Submission,Comment_Text,Subreddit
dwlaxsh,"10 minutes, papi",oof,opiates
dwndrpc,Policy Change regarding human consumption,"Like the dark net subs? Or were these just drug related subs?? Do you have a link to the banned list?

This is super concerning",opiates
dwndv4i,Policy Change regarding human consumption,"Imo we should all stay here but make sure everyone knows the contingency plan if things go to hell

Which is pretty much guaranteed with these new rules

This is so fucked",opiates
dwndyt0,Policy Change regarding human consumption,"Exactly, there's no ""legal action"" problem at all as long as a sub isn't facilitating illegal transactions. Like what, you won't be able to talk about crimes you commited on reddit either? Ex cons can't tell their stories? It doesn't make any fucking sense 

""Human consumption"" lmao. I can't believe this shit",opiates
dwne1bb,Policy Change regarding human consumption,my dog **jeff**,opiates
dwne5jc,Policy Change regarding human consumption,THIS IS SO FUCKED,opiates
dwnf363,Policy Change regarding human consumption,"I feel like it's a purposely impossible restriction just so they can boot the drug subs eventually. They're worried about advertisers and money im sure. No one is coming after drug sites with legal action unless they're facilitating sales.

Is there a way to autofilter certain words in posts like on 4chan? Like 'I' automatically changes to ""My friend"", ""my"" to ""his"", etc? That's the only way I could see this working.

God forbid we all really start using SWIM lmao. This isn't drugs-forum
2006

Also, I've been saying this for years, but I really, really think it's about time we had an /r/opiates contingency plan, just in case this place does get banned. So at least everyone knows where to regroup afterwards",opiates
dwnqy6k,Policy Change regarding human consumption,"Actually yeah now that I think about it you're probably right.

I mean enforcing ""swim"", there's noo way",opiates
dwnr045,"Happy April Fool's, guys.",Y'all got me good,opiates
dwp5576,LiL PEEP - LiL Kennedy [prod Nedarb],live forever is def tops,hiphopheads
dwr8s6n,Found in /trashy. While y'all striking out on Whisper this chick letting the drugs find her.,STORY TIME STORY TIME,opiates
dwr8xzm,An oldie but a goodie,i love mac demarco now,opiates
dwrdkh4,IV use is not for everyone,"Similar situation here. 

Used everyday for 4 years, been clean 4 months now. But only shot up 4 times or so the entire time. I liked it but managed to stop myself before getting too deep into it. And it def wasn't worth it at the beginning. I'm sure I would have gotten better at it tho

That being said tho that is not at all typical and I've seen dozens of ppl stronger than me start using the needle and never look back so tread carefully",opiates
dwt9h0c,What common product has a feature you’re not sure everyone is aware of?,its completely made up lol,AskReddit
dwt9ifq,What common product has a feature you’re not sure everyone is aware of?,oof,AskReddit
dwtgdn7,Why does dope have such a bad stigma?,"Not stupid.

For me it was the beginning of a bigger addiction because pills are expensive, dope is cheap. So I was able to use more.i saved a lot of money at first until my tolerance doubled and then tripled and then quadrupled until I was spending twice the money on dope than I was on pills in the first place

And suddenly shooting up doesn't seem so bad because you switched to heroin and you don't feel any different.. it can't be that bad. So you start and repeat the same cycle again.

By that time the withdrawals are way worse because your tolerance is so high so quitting feels like it's out of the question.

And I went through all this with Tar, before fent was as big as it is now. So this doesn't even take into account the massive increased risk of overdose with all the fent cut dope around now days.

So yeah, switching to dope is some serious shit, or at least has the potential to be. It's just one of those gradual, eventual stepping stones down into the abyss of rock bottom addiction we all take",opiates
dwtm3dl,Kinda Planning a Relapse.. But Im on Subs. Practical Advice Please,"Honestly thinking like that kinda helps me stay clean. 

Like if I really wanna get High I just think ""not today, it's not a good day for it. Maybe next week"". And I just keep doing that lol.

It's the same reason I don't keep track of my exact clean date. It drives me insane knowing exactly how long I've gone without dope",opiates
dwtmhjj,Kinda Planning a Relapse.. But Im on Subs. Practical Advice Please,"5 to 7 days?? I know some people tht say at least 3 but 5 to 7, holy shit. 

I mean I've done this before and it didn't take that long, I think it was twoish days after 2 months or so on sub. But at the time I didn't have a job to deal with and appearances to keep. My buddy always waits 2 and he's been on them for a couple years. He slams and I don't tho so who knows.

 I'm just trying to figure out how to do this and not be in withdrawal hell at work for half the week. So I'm mostly wondering when it's safe to take subs after I use",opiates
dwtmm44,Kinda Planning a Relapse.. But Im on Subs. Practical Advice Please,"I will mate, thanks for the warning. I smoke tar not slam so OD shouldn't be too big of a concern 

So taking my usual dose the day after I use should be fine? Should I wait till I feel sick after using? Or does it not matter",opiates
dwtmnl6,Kinda Planning a Relapse.. But Im on Subs. Practical Advice Please,"Thanks bud, I'm gonna do some research on this",opiates
dwtmvz0,Kinda Planning a Relapse.. But Im on Subs. Practical Advice Please,"That's exactly where I was last year. It's great for a while, you get the best of both worlds. People pat you on the back while you get High af. Lost literally everything when everyone found out though and I'm starting from scratch again now. 

At least I have my youth, I guess",opiates
dwtmxsm,Kinda Planning a Relapse.. But Im on Subs. Practical Advice Please,Wait so do you know how long he has to wait to use? And how long after he uses does he take his sub? And is he sick for a lot of the inbetween time?,opiates
dwvbmoo,Kinda Planning a Relapse.. But Im on Subs. Practical Advice Please,"Nah it was very informative man. Thanks for the response, it doesn't seem like its worth it tbh",opiates
dwvdhol,Mark Zuckerberg refuses to step down or fire staff over Facebook 'mistakes',"> People have developed some sick mental dependence on social media over the last decade.

but you just contradicted your point in the second sentence of your post. this is about all those people that have that sick dependence, not everyone else",worldnews
dww2xke,if only it was true...,"Try actually learning about addiction and then come back and comment

nobody wants to be a drug addict",opiates
