Submission_ID,Submission_Title,Submission_Text,Subreddit
3xalij,Fuck dude,oof,opiates
4mraf8,Oops,oof,WTF
4tv1qi,"Hey yall, first time IV here, could really use some advice..",oof,opiates
4zfuge,"Saw this, thought of you guys",oof,opiates
50sd92,What is the best flavor of Ice Cream and why is it Butter Pecan?,oof,opiates
550bmg,Lost my Best Friend,oof,opiates
5imauu,Its been a good ~yr run. My taper begins tomorrow. Wish me luck. Here's one more nod to getting healthy. I'm gonna miss all you beautiful fuckers,oof,opiates
5vnvdv,30 days clean today. Just wanted to let you guys know I'm not dead and you can do it if you really want to,oof,opiates
61kpfn,Relapse:( Week long binge after 30 days clean.. Going to stop it before it spirals out of control. Thoughts?,oof,opiates
62jqm6,Any Joanna Newsom fans here? One of my fav albums of all time. Followup Q: What's ur fav album for jus kicking back after getting high?,oof,opiates
6fzxs4,Do they do this shit just to fuck with us????? This was literally all he sent.,oof,opiates
6j6nix,Any Podcast fans out there?,oof,opiates
6km0rn,/r/opiates? Apshhh... Today it's been more like...,oof,opiates
6oq58q,"My girlfriend went to stay with family in the South this summer. This giant housefly was stuck in the porch stickytrap this morning. Is this normal for the South?? As a California resident this is completely ""WTF"" worthy",oof,WTF
6ybefo,Guys... I think I may be on to something.,oof,Petscop
6ydbte,The Paleskowitz Connection,oof,Petscop
78ejm7,"What unexplainable experience have you never told anyone about, for fear of sounding completely crazy?",oof,AskReddit
78i5ig,"[Serious] What strange/unexplainable experience have you never shared with anyone, for fear of sounding completely insane?",oof,AskReddit
7ia2hb,Lil Peep; Clones & Copycats,oof,GothBoiClique
7k1qp8,"Whichever mod added the cute little ""floating text"" blurbs when you upvote a post...",oof,opiates
7pup7a,For those here with MASSIVE tolerances...,oof,fentanyl
7tvghc,*ATTENTION ALL FUCCBOIS AND FUCCGIRLS*,oof,opiates
83zpuh,Anybody wanna cop me some shit from the Sus Boy drop? Ima be out of town,oof,GothBoiClique
83zwbb,Wanna crowd-source catching earons with me? Keep an eye out for a China Set like this!,oof,EARONS
89u1uk,Kinda Planning a Relapse.. But Im on Subs. Practical Advice Please,oof,opiates
