Comment_ID,Comment_Submission,Comment_Text,Subreddit
dvdz80y,Excited to announce I've recently joined Supload as their Chief Marketing Officer. We have big plans for what's to come but for now here goes a first update.,Post more pictures of your mom,u_GallowBoob
dvibckr,"Everyone in the world gets to pick a superpower. But if multiple people choose the same power, only one of them gets it. What superpower would you choose that's obscure enough to be available, but good enough to be worth having?",Bird shit on you? Fuck you too bird,AskReddit
dvttbno,People are dying because we misunderstand how those with addiction think | a philosopher explains why addiction isn’t a moral failure,Deep,philosophy
dvvltsg,I sits where I fits and I lay where I may. That's all cats say.,Got me all claustrophobic!!!,AnimalsBeingDerps
dvvm0qh,Irish dancing,"Her instagram. She's a great pet owner! 


https://www.instagram.com/p/BgbqmYqgzb1/",BetterEveryLoop
dvyyjxa,F/26/5’ [137.7 lbs > 117.4 = 20.3 lbs ] started January 1st and I’ve already lost a back roll!,Hubba Hubba! Good work :),progresspics
dvz0hyg,"This is my buddy Zeus, he’ll be turning 6 in 3 days!",He  looks more like a Thor :),aww
dvz0pf7,SF East Bay-Sucker punch knockout kicks off more fighting,Fucking typical Knee Grow!,StreetFights
dw0x0p2,A patient of mine with a heart on its nose 😊,Oh and he's wearing glasses too! Nice picture Dr. Doggo,aww
dw0y9oy,Tela wants a taco at the taqueria.,How do you pronounce your dogs name?,labrador
dw0yuqp,What flavor is this?,"Electric massage revival, according to google translate",funny
dw0z1gy,"Does this apply to you, too?",Oh no! He's catching a ball full of anxiety and depression!!!,wholesomememes
dw13yb3,M/50/5’10” [455>295=160lbs] (1yr) So proud of my Brother! Celebrated one year of sobriety and also being one person lighter. Just Awesome!,"From Chum-Lee to Johny Knoxville, in a year. Pretty awesome.",progresspics
dw69fas,How to open a pomegranate [L],Fuck YOU!!!!,perfectloops
dw6tnoe,“I blame the video”,Can someone explain how this works?,yesyesyesno
dw6u7gs,“I blame the video”,"I mean , how is he cutting the mug",yesyesyesno
dw6yeet,Never give up,I bet her butthole smells like a princess pillow,YanetGarcia
dw86cch,Tela wants a taco at the taqueria.,I used to know a girl named Teela. She was the most beautiful girl in the whole world.,labrador
dwkkpbg,Part of the routine that got Katelyn Ohashi her Third Perfect 10.,Ahhhhhhh,BeAmazed
dwmnpee,If this post gets 10k+ upvotes I will delete u/GallowBoob,"What is this Gallowboob you speak of? 
The only boob I remember is your moms boobs on that gym picture you posted, son!",u_GallowBoob
dwqk8ps,Just relax and enjoy,Thought it was a giraffe,Eyebleach
dwtge17,G76 15mg extended release,"I snorted 2 and feel pretty damn good! Warm feeling, glossy eyes and all.. Can't complain. Amy ideas why?",opiates
dwtxatc,G76 15mg extended release,"Honestly, I don't know what brand they are",opiates
dwwbq90,Today’s pick up,What's with the ODD FUCKING NUMBERS??,opiates
dwwcevb,"F/28/5’6 [180 > 145 = 35lbs] 6 weeks Post baby #2 vs today, almost 11 months PP. gained lots of muscle. Working on my 6 pack!",Damn girl!,progresspics
