Submission_ID,Submission_Title,Submission_Text,Subreddit
5v0602,"Introducing Texas, our new family member.",Post more pictures of your mom,aww
5v0ye0,"Water-Jet this for my son. Made out of 1/4"" aluminum",Post more pictures of your mom,Art
5v1fb9,"Texans piece I Water-Jetted. Made out of 1/4"" Aluminum",Post more pictures of your mom,pics
5x7uao,Cash for Inventions,Post more pictures of your mom,Inventions
5yqnfz,Donny you little $#!+,Post more pictures of your mom,pics
6zhrym,TIL How to snort pills.,Post more pictures of your mom,funny
7csazx,Beau likes diggin' out Mudbugs,Post more pictures of your mom,labrador
7mwb0s,ELI5: Heater tripping the breaker,Post more pictures of your mom,explainlikeimfive
8199jw,Huge M30's. Have you ever seen these before?,Post more pictures of your mom,opiates
89ruid,G76 15mg extended release,Post more pictures of your mom,opiates
