Comment_ID,Comment_Submission,Comment_Text,Subreddit
dw7z32b,The gods came through with 2 morphine 100s,Are you religious ? Is this what you mean by this ?,opiates
dw83oka,The gods came through with 2 morphine 100s,Ahhhh I wish you luck  my friend,opiates
dw83wif,DAE feel like we are using opiates because we have been blocked off from our real purpose in life?,Stay strong for that kid brother . Much LOVE,opiates
dw9siw3,The gods came through with 2 morphine 100s,"Curious ? How much does these go for on the street, at least where you live?, I’m lucky and get to trade my friend weed for these for free basically",opiates
dwmdny9,i think lsd helped me accept myself,I’ve had multiple awakenings on lsd but I find I usually forget and fall back into shit kind of lol,Drugs
dwnqkq7,Anyone have a favorite dope fiend that they admire/idolize from the past or present?,John frusciante https://youtu.be/5AGzvzN2I-U this video changed me,opiates
