Comment_ID,Comment_Submission,Comment_Text,Subreddit
dvtpfkk,Candy,"Add The Castle, Two Hands & the Interview is a tiny movie that no one's heard of thats one of my faves, Hugo Weaving is fun amazing in it. Chopper is one of the best movies!",opiates
dvtpihc,Candy,Hatred towards what? Australia movies or my mini off topic rant about the Government...?,opiates
dvtpts4,600 hulk bars xanax,Bahaaha,opiates
dvts8qv,When your long time Oxy connect suddenly connect leaves the game...,"Right. Kratom doesn't get you high like oxy, it's a great plant though, it's cheap and super useful. Takes the edge off though right...I only just tried it a couple of months ago as it's illegal here in Australia, but I found a super cheap plug who ships from Indonesia and doesn't gaf about our laws. Still playing around with kratom, hopefully long term I can move onto it full time for pain management and get off oxy. While these days I'm a functional addict I wasn't at the start. It's taken kind of staring down into the abyss several times to figure out what works for me and what doesn't. Every time it's gotten out of hand it's been from me buying street opiates, it's a good example of why opiates should be fkn legal. Addicts everywhere would have so much better quality of life and so much less harm when drugs are affordable and pharmaceutical quality. I've again over ranted, so high, lol 😄😂😂😂 

I hope you get a script, some advice if u want on what to say? For me, I really had to get across just how much pain I was in round the clock, and this was not a lie for me because I am in like 7/10 pain always unless I have opiates. Anyways I pretty much had to say this, and you have to be very careful saying this and phrase it right ""The pain completely runs my life, I can't live like this, I want to live with all my heart for my family and myself but if I cannot fine any pain relief that works I just can't live like this for much longer and I will end up killing myself. I'm not depressed and not suicidal but I cannot fathom living like this for another 50 years."" All of it true too and I was kinda crying in he doctors office. Crying doesn't hurt especially if you're a guy. This was after he cycled me through about 20 different media in the past year. Then u ever so slowly work your way from Tramadol, to oxy",opiates
dvtsl6p,600 hulk bars xanax,"Jfc. Yeh see if kind of enjoy Xanax recreationally but for the most part I just use benzos as prescribed. The only time I take tons is in WD or coming down from stims. I've always been terrified that if I take more than a couple of bars something like what you just said will happen. I'll stick to abusing opiates, I don't want a handcuff allergic reaction. I'm curious, when u go to hospital like that and you're dependant on opiates will they give u something to maintain with like methadone or do they just let u get sick? You've lived all the parts of the game I wanna avoid lol.
.",opiates
dvttf7k,For the first time in my life I am beginning to feel truly proud of myself.,"Congrats on the job! Love yourself some, at our core we're all responsible for our own happiness. While there are many things we can't change in the world how we approach it and how we think about our reality is in our hands. Keep making great strides and love yourself for your self improvement. 🙄😏",opiates
dvu03ds,600 hulk bars xanax,"Interesting, cheers 🤔",opiates
dvu071p,Candy,"Haha, we all crazy, just don't need that co-dependency with my addiction.  I feel it would result in my habit spiralling, doesn't take someone much to convince me to use. 😂😇",opiates
dvud2b5,Candy,"There's no hatred at all, there's only a handful that I really like but no hatred towards the rest...",opiates
dvud4g0,Enjoy My Miosis Pupils :),"That's a  lot of dopes. If I had to guess I'd put it at somewhere around 68-74 heroins so way less than you said. 75? Rofl,  clearly 74",opiates
dvvfrad,Candy,It's no trainspotting but it's worth a watch 😁,opiates
dvvfuv9,"Why does cuddling under the influence of opiates feels so good? It's the best thing I have ever experienced, feels better than sex though (ᵔᴥᵔ) I hope all of you have that special person who will always give you a warm hug ;3",Lmao,opiates
dvvgiee,"Why does cuddling under the influence of opiates feels so good? It's the best thing I have ever experienced, feels better than sex though (ᵔᴥᵔ) I hope all of you have that special person who will always give you a warm hug ;3",I miss cuddling. Maybe one day I'll get inspired to date but it's just like I have opiates...,opiates
dvzea6k,Pissing on opiates,"Just goes to str8 to bladder punching, didn't think about sitting down tho...🤔🤔🤔😁",opiates
dw128qr,Only “drugs” I do now :) clean life,"Damn I'm so envious of the cannabis market in America. That and NBA, everything else you can keep...😁",opiates
dw12cbv,Never got any stuff this dark. Picture doesn't do it justice it's about 2 shades darker than the pic shows. It's got some legs but not the strongest. My dboy Keeps switching up seeing which I and others like best. I like the lighter brown better. This stuff also like kind of feels moist. Weird..,Could it be some kind of Fent analogues dealers are spraying with vinegar? Seems like the logical explanation but very much just a guess.,opiates
dw15bka,palexia vs targin,"Endone is the same drug as Targin, Targin just has naloxone in the pill to reduce side effects and abuse.",opiates
dw15dju,Questions on oxy/naxolone pills,U can't post sourcing stuff in this sub dude.,opiates
dw1dnw0,Questions on oxy/naxolone pills,"Well the whole comment needs to be deleted. Can't post location specific posts, country is fine but you can't be specific about where you are, you also can't ask if anyone can help you find drugs.  There are heaps of people on this sub who have been where you have, I'd say half the posters on here deal with chronic pain daily. So you aren't in the wrong place but you need to go about it in a manner that doesn't break the rules. Nothing wrong with making a post about your situation and asking for advice but don't expect someone to pop up and offer to sell to you, that's not what this sub is here for. On the off chance you find someone near you you use direct messages to message them not out for everyone to see. Don't trust someone who says they'll mail you pills, unless it's on dark Web it isn't happening.  Gl, if u need advice you can pm me, I'm in Australia as well though down south and I suffer from horrible chronic pain too, I'd have killed myself if I didn't start opiates and I remember having cycled through every drug there is.",opiates
dw4lvun,Today's pick up(:,It's def not. Not even close,opiates
dw4uey9,Candy,Nice. Does he know about your habit? Assume you're in active addiction that is. I'm alwaus curious as opiates here are pretty rare and I've only come across 1 other addict in over a decade of dating but I'm super weary of getting involved with another addict just from reading people's stories on here.,opiates
dw4uu4b,Today's pick up(:,"Right, I'm not judging either drug as I've been addicted to both as well. In terms of toxicity though it's not close, tobacco is as toxic as you get, opiates are the opposite and not at all toxic except in the case of acute OD.",opiates
dway3ik,E795 10MG PANDA,PANDAAA! 🐼,opiates
dwesv40,It's time to stop,"The irony of this thread is we now have people making threads like this daily. In essence we have experienced users posting threads having a go at newbies for posting the same shit and not using the search function when the experienced users are doing the exact same fucking thing. This thread isn't useful nor are the myriad of other threads saying the exact same thing, however the threads you're having a go at are at least useful to the newbie who gets their question answered.


I've been on this sub since i started using 4 years ago and my 1st thread here was asking about dosages because i legitimately didn't know. That's what this sub is here for, for harm minimization and i hate to see all this hate on newbies posting questions about safety. If you don't like it go some where else, no one is forcing you to be on here. Sorry for the rant, not a personal attack on u OP but I'd like to see less of these threads, they serve no purpose in our community unlike the threads you're attacking.",opiates
dwm387p,$180 for a gram is fuckin killing me.,"Lmao, amen brother. I dunno how anyone here affords a h habit. I can afford morphine that's it. Fk $200 a gram that lasts a day and a half.",opiates
