Submission_ID,Submission_Title,Submission_Text,Subreddit
6pn8es,Bad Habits w ❤ from Australia,"Add The Castle, Two Hands & the Interview is a tiny movie that no one's heard of thats one of my faves, Hugo Weaving is fun amazing in it. Chopper is one of the best movies!",opiates
6q9vmv,Some pill porn for y'all 🙄,"Add The Castle, Two Hands & the Interview is a tiny movie that no one's heard of thats one of my faves, Hugo Weaving is fun amazing in it. Chopper is one of the best movies!",opiates
6rr257,A pink Saturday night to you,"Add The Castle, Two Hands & the Interview is a tiny movie that no one's heard of thats one of my faves, Hugo Weaving is fun amazing in it. Chopper is one of the best movies!",opiates
6scru5,It's never enough so over this shit! *shitpost rant,"Add The Castle, Two Hands & the Interview is a tiny movie that no one's heard of thats one of my faves, Hugo Weaving is fun amazing in it. Chopper is one of the best movies!",opiates
6srzfa,Does anyone know how antagonists interact with bupe?,"Add The Castle, Two Hands & the Interview is a tiny movie that no one's heard of thats one of my faves, Hugo Weaving is fun amazing in it. Chopper is one of the best movies!",opiates
6t0j0p,Jackpot! 😍😍😍,"Add The Castle, Two Hands & the Interview is a tiny movie that no one's heard of thats one of my faves, Hugo Weaving is fun amazing in it. Chopper is one of the best movies!",opiates
6zthwg,Proglumide,"Add The Castle, Two Hands & the Interview is a tiny movie that no one's heard of thats one of my faves, Hugo Weaving is fun amazing in it. Chopper is one of the best movies!",opiates
7239g9,Withdrawal survival kit - what else do i need?,"Add The Castle, Two Hands & the Interview is a tiny movie that no one's heard of thats one of my faves, Hugo Weaving is fun amazing in it. Chopper is one of the best movies!",opiates
74u9df,What other subs do y'all frequent?,"Add The Castle, Two Hands & the Interview is a tiny movie that no one's heard of thats one of my faves, Hugo Weaving is fun amazing in it. Chopper is one of the best movies!",opiates
76h9ec,I'm so high right meow!,"Add The Castle, Two Hands & the Interview is a tiny movie that no one's heard of thats one of my faves, Hugo Weaving is fun amazing in it. Chopper is one of the best movies!",opiates
7apvky,Saturday night hangout thread,"Add The Castle, Two Hands & the Interview is a tiny movie that no one's heard of thats one of my faves, Hugo Weaving is fun amazing in it. Chopper is one of the best movies!",opiates
7cm8ek,Bitcoin help,"Add The Castle, Two Hands & the Interview is a tiny movie that no one's heard of thats one of my faves, Hugo Weaving is fun amazing in it. Chopper is one of the best movies!",BitcoinBeginners
7cvaby,Just got the main plug,"Add The Castle, Two Hands & the Interview is a tiny movie that no one's heard of thats one of my faves, Hugo Weaving is fun amazing in it. Chopper is one of the best movies!",opiates
7epgx6,Using at work. What's your strat fam?,"Add The Castle, Two Hands & the Interview is a tiny movie that no one's heard of thats one of my faves, Hugo Weaving is fun amazing in it. Chopper is one of the best movies!",opiates
7epm1u,Morphine makes me smile 😃,"Add The Castle, Two Hands & the Interview is a tiny movie that no one's heard of thats one of my faves, Hugo Weaving is fun amazing in it. Chopper is one of the best movies!",opiates
7gcjk9,Just got this in the mail. Anyone tried this?,"Add The Castle, Two Hands & the Interview is a tiny movie that no one's heard of thats one of my faves, Hugo Weaving is fun amazing in it. Chopper is one of the best movies!",opiates
7gsplw,Switching for PST to morphine. How fast to taper,"Add The Castle, Two Hands & the Interview is a tiny movie that no one's heard of thats one of my faves, Hugo Weaving is fun amazing in it. Chopper is one of the best movies!",PoppyTea
7lzi1i,Plug fronted me on Xmas eve!,"Add The Castle, Two Hands & the Interview is a tiny movie that no one's heard of thats one of my faves, Hugo Weaving is fun amazing in it. Chopper is one of the best movies!",opiates
7pnicn,Doing h for the 1st time fk it.,"Add The Castle, Two Hands & the Interview is a tiny movie that no one's heard of thats one of my faves, Hugo Weaving is fun amazing in it. Chopper is one of the best movies!",opiates
7q3idw,"Do y'all prefer to mix different opiates together, or have them on their own?","Add The Castle, Two Hands & the Interview is a tiny movie that no one's heard of thats one of my faves, Hugo Weaving is fun amazing in it. Chopper is one of the best movies!",opiates
7q3n61,Script day is a good day 😏,"Add The Castle, Two Hands & the Interview is a tiny movie that no one's heard of thats one of my faves, Hugo Weaving is fun amazing in it. Chopper is one of the best movies!",opiates
7to7zp,Bye guys,"Add The Castle, Two Hands & the Interview is a tiny movie that no one's heard of thats one of my faves, Hugo Weaving is fun amazing in it. Chopper is one of the best movies!",opiates
7ycsei,"The worst part about getting clean. girl,","Add The Castle, Two Hands & the Interview is a tiny movie that no one's heard of thats one of my faves, Hugo Weaving is fun amazing in it. Chopper is one of the best movies!",opiates
8043vu,Mixing kratom with opiates?,"Add The Castle, Two Hands & the Interview is a tiny movie that no one's heard of thats one of my faves, Hugo Weaving is fun amazing in it. Chopper is one of the best movies!",kratom
84ucyr,Candy,"Add The Castle, Two Hands & the Interview is a tiny movie that no one's heard of thats one of my faves, Hugo Weaving is fun amazing in it. Chopper is one of the best movies!",opiates
