Comment_ID,Comment_Submission,Comment_Text,Subreddit
dwr867h,How to tell my son about his biological father 😔,"Im pasting my reply from another comment because what I said is exactly what I would say to your reply..

I agree 13 yr olds can be mature but my main concern is whether or not to wait until he's older. My plan was always to tell him once he was 18. Being a teen means lots or hormonal changes and I honestly have no idea if telling him now or in the next year or so will change him for the worst. I was an angry teen with my mom but she was emotionally abusive my whole childhood. It's not that I want to shelter him I just want to take puberty into consideration and that his reaction may not be the best reaction. I mean obviously it's not something I expect him to take well or in a positive way by any means but maybe it's just not something he needs to know until at the end of highschool... Unless he asks before I planned on telling him. If he asks then I will be honest and tell him. Just really unsure how.. and also he's young when it comes to understanding emotions for the opposite sex, he has yet to have a relationship and I'm worried knowing all this to soon will impact his sexual side and I also don't even know if he even understands completely what sexual assault is..",Parenting
dwr8p5z,How to tell my son about his biological father 😔,This is my absolute biggest fear is how to know whether he should know the real truth. Understanding and handling this information are 2 very different things and I just don't ever want him to hate me or resent me if he were to find him when he's older and learn the truth and then come back at me angry because I didn't tell him and if I had of told him the truth he would of never looked for him. I just worry he will seek him out because he doesn't know and has hopes that he will find him looking to fill a void that he's felt his whole life. He may never tell me exactly how he feels and he knows he's loved so much but to grow up never knowing one of your parents has got to be hard and deep down I know he must wonder about him and if there's a chance to be in his life and has this overall outlook on some happy ending if he finds him.. but your right to know your DNA is half someone like him could fuck anyone up inside and I'm trying to figure out the right balance of honesty without sheltering him from the truth to avoid him being hurt but at the same time that's exactly what I want to do and i just don't know if my way of thinking is more about my feelings or his. As a mother you want to protect but once he's an adult it's no longer about what I think is best and I'm just so unsure how to handle something like this and by asking for help now I'm hoping to be more prepared if he does ask in a year or so or if he doesn't ask at all then do I tell him when he's 18 regardless?,Parenting
dwr9m2w,How to tell my son about his biological father 😔,"Also what you went through must of been hard and I worry that this situation may end up the same way. If I do tell him I'm going to definitely tell him, look I can't stop you from seeking him out but now you know the whole truth and why I made sure he wasn't a part of your life. All that would of came from him would of been lots of hurt and disappointment and I knew I could give you a better life full of love and make sure you were surrounded by good loving people while growing up and I can't say 100% that if you want to find him and you do that it will go the way you hope and that I fear all it will do is cause hurt. What he did was wrong and a crime and of course I would rather you keep on living your life without feeling like you need to find him but if you do choose to do that just know no matter what I will always be right here no matter what happens and know I love you and I always will and will be here for you whenever you need no matter what...
 I just really hope that no matter what happens he knows that I'm here for him and if he does do it the hard way and has a need to want to find him and ends up hurt that it doesn't cause damage that screws up a lot for him for his future and how he treats women and if he has children of his own one day..",Parenting
dwra2j0,How to tell my son about his biological father 😔,"Yes it really was so hard with no one believing me and my parents not even caring about the whole situation I was never allowed to talk about it so I have to act like it never happened that way. But it made me who I am today and because of everything I feel I have such a better sense of how to love someone and show it and how important it is to show love for the people in my life. 

I know I have other resources I can tap into, I've just seen so many post and all the feedback they got on issues on this sub and it's actually much easier to talk to many internet strangers and get many different opinions and advice at once or just to hear stories of anyone in the same situation.",Parenting
dwrm6cu,[THEME] Mt.Fuji,"Love the theme and I use the wallpaper at least once a month. Only thing I would change is your folder. It looks like it's for Google apps so maybe change the icon to one of deltas ""G"" icons and it will look perfect. ☺️",androidthemes
dwrm7mb,[THEME] Mt.Fuji,Or if I'm wrong just an icon that represents what the folder is for.,androidthemes
dwrot6f,[THEME] Mt.Fuji,Ya I always have a favorites folder. I usually can find like a heart or star icon or since it's my favorites folder I will go through the icon pack I picked and just pick my favorite looking icon lol. But honestly I love your setup,androidthemes
dwrwcv6,Sunset Bay,"[Wallpaper](https://vgy.me/Zf2jdv.jpg)

Icon Pack - 1 Icon Pack
https://play.google.com/store/apps/details?id=uno.icons.theme.skin.prime

Widgets a bit tweaked by me - FAV KWGT  https://play.google.com/store/apps/details?id=favkwgt.kustom.pack",androidthemes
dwrwkwt,[Theme] Sunset Bay,"[Wallpaper](https://vgy.me/Jjwl9F.jpg)

Icon Pack - 1 Icon Pack https://play.google.com/store/apps/details?id=uno.icons.theme.skin.prime

Widgets a bit tweaked by me - FAV KWGT https://play.google.com/store/apps/details?id=favkwgt.kustom.pack",androidthemes
dwrwqh9,[Theme] Nova + zooper setup,Because Zooper widgets is like the plague here but I agree and also like the theme. Better then anything I can make. So I'm giving an upvote lol,androidthemes
dwrxc0e,"Please help! Methadone levels cut, counselor not taking responsibility or helping resolve my problem.",What is it that you want help with??,Methadone
dwrxi7x,How does your clinic operate? Mine is bilking my health insurance....,SAME HERE!!! my clinic is actually somewhere I don't dread going and I love the staff and my dr is amazing and I am so grateful that we have it the way we do in Canada after all the posts i see need of all the troubles that come with clinics in the states. I could see paying for my dose but to pay for every sample per week and every dr app?? It blows my mind that it's just normal in the states for things to be the way they are and I wish I could send you all free health care.,Methadone
dwrxre8,[Theme] Nova + zooper setup,Yep I totally agree. I love klwp and KWGT and I posted a theme a few days ago and the very first vote I got was a downvote but no reason. I would rather a reason why you don't like it. Maybe your opinion will help me make a better theme but they just downvoted me. But hey you can't please everyone.,androidthemes
dwrz1ak,How does your clinic operate? Mine is bilking my health insurance....,"I do too. I'm so glad I go to the clinic I do but if I could change one thing it would be the the nurses on staff had authority to do a few more things that only our dr can do. So for example I'm tapering right now and I don't see my dr for 2 more weeks but I go down tomorrow another 2mg as planned but say that night I end up noticing a difference and feel a bit off and I think hmmm maybe I should go back up the 2mg and just take a break for a bit cuz I don't want to suffer. Well I can't just walk in the clinic and ask to see my dr. He's very busy and there are different drs on different days and we have 10 drs in my clinic so since it's something like putting me back 2mg or just getting the nurse to put stop tapering for now without dr consent would be very helpful instead of trying to get squeezed in to see the dr. But if it's more of an emergency, like my husband was rushed to Toronto hospital and I had to go there on my own cuz I had to go to the clinic just incase my husband was going to be there for days and I was on my last carry and I went to the clinic and asked if I could skip sampling on my normal day and if I could get 4 extra carries and they will email my dr so where ever he is he can say yes or no to my request and they are all pretty understanding with most people even if you don't have carries and something important comes up you can usually always work something out. The staff literally treat everyone like your their favorite and whatever the problem is that your having they will do whatever they can to help in anyways and then there's the group of people that just treat the staff like garbage and they just take it and I just give them so much credit, I'd lose my mind working there with some of the people that go there.",Methadone
dwrzl7q,How does your clinic operate? Mine is bilking my health insurance....,Just to clarify I know the staff that aren't drs can't write a new script if I wanted to change my dose but since I'm tapering I just wish that if I get to a point where I need to take a break and the 2mg down effected me badly that I could simply go in talk to a nurse and have her get the dr to put me back up without me having to see him as he's in every Tues only and I pick up on Wed so kinda makes it hard to get in and I'd have to wait and go through the 2mg lower dose until I see him but I could also make a huge deal out of it and beg the nurses to email him to just do it now and get it fixed faster but there are over 1000 ppl at my clinic so it's always so busy so half the time they just say sorry your going to have to come in Tues and speak with him. So that's frustrating cuz from what I read in the states your counselors are always there and can do things like that when you need it and they just get it approved by the dr but you always have the option of going to your counselor and that they are there more then one day a week.,Methadone
dwrznzm,[Theme] Nova + zooper setup,Haha yep. I just posted my new setup. Wonder how many down votes I'll get this time lmao,androidthemes
dwsf1xs,How to tell my son about his biological father 😔,"I'm sorry that you have had to deal with something like this even if it's not the same, I know how hard it is just to have to tell your child anything along the lines what you have and what I will have to say to him and not saying at all that I wish my circumstances were like yours but I've talked to many parents in situations like yours and it's always something where you can tell the kid what you have to your daughter and I really wish I could tell him that his father loves him no matter what but I really think that's not a good idea as much as at least I can say something somewhat good but it also makes me feel like the second I say anything like that that he will think there's a chance so to know that even if I don't tell him what his father did to me I just hate that I can't really say anything good about him cuz it's not the truth and I don't want to give him false hope. My brother has a different dad then me and he walked out on him and my mother before he was 1 and he sought him out at 18 and found him in a different country and moved away immediately. He wasn't a horrible person but I was surprised that he just up and left to him after all my mom did to raise him and his dad never once tried to get ahold of him or see him and he forgave him instantly and I guess knowing that happened I am afraid if I dont tell my son the truth he will look for him but at the same time I agree that maybe I should leave that part out and just focus the most on him as a person and try my best to make it clear that it's a big mistake to look for him and it will only cause pain for him.",Parenting
dwsf7go,How to tell my son about his biological father 😔,"Yes. Even tho I'm asking for advice here I have always thought that telling him with a professional would only benefit me and him in this situation because your right, why take this all on myself when I could have help and I can't be 100% sure how he will react and what he's going to say and maybe how I react to him won't be very helpful and having a professional in the room to help could really go a long ways for both of us.",Parenting
dwsfpqc,How to tell my son about his biological father 😔,Yes that's very true. I had an amazing out reach counselor all through highschool before that even happened to me and then of course after it happened I saw her all the time. She changed my life and I wouldn't be where I am without her. She was just for youth so once I was 18 I couldn't see her officially but we became so close that we still met up anytime she could outside of work. She always went above and beyond for me and now I see her maybe once or twice a year but I was thinking of actually getting ahold of her and asking her to be the one that sits with us since she specializes in youth so that's great for my son and because she knows my whole history as well with everything that happened. Unfortunately there's a waiting list to get into her agency so I can't just ask her to take my son on after we talk to him but I know she will definitely make an effort to come talk to him afterwards if I feel he needs someone to talk to. So it was kinda my plan at some point to get ahold of her. ☺️,Parenting
dwsfwdu,How to tell my son about his biological father 😔,And just to clarify. In my post I said I didn't have anyone to turn to when the assault happened and I did have the counselor I saw and we were close but once that happened to me I just shut down I was afraid to tell anyone and I didn't even end up telling her until I was way past the timeline to have my pregnancy terminated and it was just out of fear that no one would understand and I was so young I had no idea what to do. But the woman I saw once I was honest with her and told her everything she is the one who helped me get my own place and out of my home away from my toxic mother.,Parenting
dwsmtw0,How to tell my son about his biological father 😔,Thank you and I appreciate you taking the time to reply to me. :),Parenting
dwsn2i9,False Positive UA? GRRRRRRR.,Hey I've been wondering how things are going for you. I was hoping you would update but hey everyone has a life lol. Did everything get straightened out and your meeting went ok or did you end up losing take homes? Hope everything went well and they believed you.,Methadone
dwspw6f,Reasons why the problem is getting worse,"Ya I'm completely against people being thrown in jail for just using drugs but didn't commit any other crime but I'm sure there are many people that were also in your circumstances that ended up in a better place because of their charges but that right there is what needs to change. Being caught with personal amount of drugs instead of being charged they instead they force you to enroll in a clinic or rehab or something along that lines. It would help so many people if your caught by the cops and they say ok you have X amount of time to get help and they give you places you can go to get help whether it be a clinic or rehab and if you don't come in under the amount of time they give you with proof then you can be charged. I still don't think anyone should be charged for drugs but at least this idea is much better cuz I just don't see the states decriminalizing drug use, so this would be the next best thing.",Methadone
dwsqag8,Reasons why the problem is getting worse,As someone from Canada I don't really understand what drug court is.. do you mind explaining a bit what being in drug court entails? So I get charged with have X amount of drugs on me and they make me go to drug court.. what happens there? I just have to say I'll get clean and they have cops check on me and random showing up and drug tests that I can't fail or I'm in jail? Or do they at least offer rehab or other things rather then putting it all on me to get clean with no help unless I seek it out myself?,Methadone
dww038u,"Can we just take a second to appreciate how much of a human trash bag Chris Brown is, and what he actually did to Rihanna?",Tantrum??? Did you even read the report????,pics
