Submission_ID,Submission_Title,Submission_Text,Subreddit
7h7e3c,[Theme] Xmas Theme -Repost as my first post was just the wallpaper :(,"Im pasting my reply from another comment because what I said is exactly what I would say to your reply..

I agree 13 yr olds can be mature but my main concern is whether or not to wait until he's older. My plan was always to tell him once he was 18. Being a teen means lots or hormonal changes and I honestly have no idea if telling him now or in the next year or so will change him for the worst. I was an angry teen with my mom but she was emotionally abusive my whole childhood. It's not that I want to shelter him I just want to take puberty into consideration and that his reaction may not be the best reaction. I mean obviously it's not something I expect him to take well or in a positive way by any means but maybe it's just not something he needs to know until at the end of highschool... Unless he asks before I planned on telling him. If he asks then I will be honest and tell him. Just really unsure how.. and also he's young when it comes to understanding emotions for the opposite sex, he has yet to have a relationship and I'm worried knowing all this to soon will impact his sexual side and I also don't even know if he even understands completely what sexual assault is..",androidthemes
7heqgt,Anyone else make/played these in the 90s??,"Im pasting my reply from another comment because what I said is exactly what I would say to your reply..

I agree 13 yr olds can be mature but my main concern is whether or not to wait until he's older. My plan was always to tell him once he was 18. Being a teen means lots or hormonal changes and I honestly have no idea if telling him now or in the next year or so will change him for the worst. I was an angry teen with my mom but she was emotionally abusive my whole childhood. It's not that I want to shelter him I just want to take puberty into consideration and that his reaction may not be the best reaction. I mean obviously it's not something I expect him to take well or in a positive way by any means but maybe it's just not something he needs to know until at the end of highschool... Unless he asks before I planned on telling him. If he asks then I will be honest and tell him. Just really unsure how.. and also he's young when it comes to understanding emotions for the opposite sex, he has yet to have a relationship and I'm worried knowing all this to soon will impact his sexual side and I also don't even know if he even understands completely what sexual assault is..",nostalgia
7j3tay,Something no one else noticed... No scar from being shot?,"Im pasting my reply from another comment because what I said is exactly what I would say to your reply..

I agree 13 yr olds can be mature but my main concern is whether or not to wait until he's older. My plan was always to tell him once he was 18. Being a teen means lots or hormonal changes and I honestly have no idea if telling him now or in the next year or so will change him for the worst. I was an angry teen with my mom but she was emotionally abusive my whole childhood. It's not that I want to shelter him I just want to take puberty into consideration and that his reaction may not be the best reaction. I mean obviously it's not something I expect him to take well or in a positive way by any means but maybe it's just not something he needs to know until at the end of highschool... Unless he asks before I planned on telling him. If he asks then I will be honest and tell him. Just really unsure how.. and also he's young when it comes to understanding emotions for the opposite sex, he has yet to have a relationship and I'm worried knowing all this to soon will impact his sexual side and I also don't even know if he even understands completely what sexual assault is..",MrRobot
7jy3lz,What's something that happened to you that is worthy of Reddit Gold?,"Im pasting my reply from another comment because what I said is exactly what I would say to your reply..

I agree 13 yr olds can be mature but my main concern is whether or not to wait until he's older. My plan was always to tell him once he was 18. Being a teen means lots or hormonal changes and I honestly have no idea if telling him now or in the next year or so will change him for the worst. I was an angry teen with my mom but she was emotionally abusive my whole childhood. It's not that I want to shelter him I just want to take puberty into consideration and that his reaction may not be the best reaction. I mean obviously it's not something I expect him to take well or in a positive way by any means but maybe it's just not something he needs to know until at the end of highschool... Unless he asks before I planned on telling him. If he asks then I will be honest and tell him. Just really unsure how.. and also he's young when it comes to understanding emotions for the opposite sex, he has yet to have a relationship and I'm worried knowing all this to soon will impact his sexual side and I also don't even know if he even understands completely what sexual assault is..",AskReddit
7mrhn0,The ULTIMATE JUSTNOMIL Tv character award goes to...,"Im pasting my reply from another comment because what I said is exactly what I would say to your reply..

I agree 13 yr olds can be mature but my main concern is whether or not to wait until he's older. My plan was always to tell him once he was 18. Being a teen means lots or hormonal changes and I honestly have no idea if telling him now or in the next year or so will change him for the worst. I was an angry teen with my mom but she was emotionally abusive my whole childhood. It's not that I want to shelter him I just want to take puberty into consideration and that his reaction may not be the best reaction. I mean obviously it's not something I expect him to take well or in a positive way by any means but maybe it's just not something he needs to know until at the end of highschool... Unless he asks before I planned on telling him. If he asks then I will be honest and tell him. Just really unsure how.. and also he's young when it comes to understanding emotions for the opposite sex, he has yet to have a relationship and I'm worried knowing all this to soon will impact his sexual side and I also don't even know if he even understands completely what sexual assault is..",JUSTNOMIL
7mtb6b,Head and Shoulders should come out with a body wash called Knees and Toes.,"Im pasting my reply from another comment because what I said is exactly what I would say to your reply..

I agree 13 yr olds can be mature but my main concern is whether or not to wait until he's older. My plan was always to tell him once he was 18. Being a teen means lots or hormonal changes and I honestly have no idea if telling him now or in the next year or so will change him for the worst. I was an angry teen with my mom but she was emotionally abusive my whole childhood. It's not that I want to shelter him I just want to take puberty into consideration and that his reaction may not be the best reaction. I mean obviously it's not something I expect him to take well or in a positive way by any means but maybe it's just not something he needs to know until at the end of highschool... Unless he asks before I planned on telling him. If he asks then I will be honest and tell him. Just really unsure how.. and also he's young when it comes to understanding emotions for the opposite sex, he has yet to have a relationship and I'm worried knowing all this to soon will impact his sexual side and I also don't even know if he even understands completely what sexual assault is..",Showerthoughts
7n386z,"""Head and shoulders"" should come out with a body wash called ""Knees and Toes.""","Im pasting my reply from another comment because what I said is exactly what I would say to your reply..

I agree 13 yr olds can be mature but my main concern is whether or not to wait until he's older. My plan was always to tell him once he was 18. Being a teen means lots or hormonal changes and I honestly have no idea if telling him now or in the next year or so will change him for the worst. I was an angry teen with my mom but she was emotionally abusive my whole childhood. It's not that I want to shelter him I just want to take puberty into consideration and that his reaction may not be the best reaction. I mean obviously it's not something I expect him to take well or in a positive way by any means but maybe it's just not something he needs to know until at the end of highschool... Unless he asks before I planned on telling him. If he asks then I will be honest and tell him. Just really unsure how.. and also he's young when it comes to understanding emotions for the opposite sex, he has yet to have a relationship and I'm worried knowing all this to soon will impact his sexual side and I also don't even know if he even understands completely what sexual assault is..",Showerthoughts
7o47ls,Anyone Know if the Canal has been plowed since yesterdays snow?,"Im pasting my reply from another comment because what I said is exactly what I would say to your reply..

I agree 13 yr olds can be mature but my main concern is whether or not to wait until he's older. My plan was always to tell him once he was 18. Being a teen means lots or hormonal changes and I honestly have no idea if telling him now or in the next year or so will change him for the worst. I was an angry teen with my mom but she was emotionally abusive my whole childhood. It's not that I want to shelter him I just want to take puberty into consideration and that his reaction may not be the best reaction. I mean obviously it's not something I expect him to take well or in a positive way by any means but maybe it's just not something he needs to know until at the end of highschool... Unless he asks before I planned on telling him. If he asks then I will be honest and tell him. Just really unsure how.. and also he's young when it comes to understanding emotions for the opposite sex, he has yet to have a relationship and I'm worried knowing all this to soon will impact his sexual side and I also don't even know if he even understands completely what sexual assault is..",Peterborough
7onzc8,Dark Berry,"Im pasting my reply from another comment because what I said is exactly what I would say to your reply..

I agree 13 yr olds can be mature but my main concern is whether or not to wait until he's older. My plan was always to tell him once he was 18. Being a teen means lots or hormonal changes and I honestly have no idea if telling him now or in the next year or so will change him for the worst. I was an angry teen with my mom but she was emotionally abusive my whole childhood. It's not that I want to shelter him I just want to take puberty into consideration and that his reaction may not be the best reaction. I mean obviously it's not something I expect him to take well or in a positive way by any means but maybe it's just not something he needs to know until at the end of highschool... Unless he asks before I planned on telling him. If he asks then I will be honest and tell him. Just really unsure how.. and also he's young when it comes to understanding emotions for the opposite sex, he has yet to have a relationship and I'm worried knowing all this to soon will impact his sexual side and I also don't even know if he even understands completely what sexual assault is..",JoeyForRedditThemes
7pvm5n,Wow a Sharpener AND it will hold my Pencils too???? I'll take a dozen!!,"Im pasting my reply from another comment because what I said is exactly what I would say to your reply..

I agree 13 yr olds can be mature but my main concern is whether or not to wait until he's older. My plan was always to tell him once he was 18. Being a teen means lots or hormonal changes and I honestly have no idea if telling him now or in the next year or so will change him for the worst. I was an angry teen with my mom but she was emotionally abusive my whole childhood. It's not that I want to shelter him I just want to take puberty into consideration and that his reaction may not be the best reaction. I mean obviously it's not something I expect him to take well or in a positive way by any means but maybe it's just not something he needs to know until at the end of highschool... Unless he asks before I planned on telling him. If he asks then I will be honest and tell him. Just really unsure how.. and also he's young when it comes to understanding emotions for the opposite sex, he has yet to have a relationship and I'm worried knowing all this to soon will impact his sexual side and I also don't even know if he even understands completely what sexual assault is..",DiWHY
7qnhe0,Needs a bit of help pretty please! :),"Im pasting my reply from another comment because what I said is exactly what I would say to your reply..

I agree 13 yr olds can be mature but my main concern is whether or not to wait until he's older. My plan was always to tell him once he was 18. Being a teen means lots or hormonal changes and I honestly have no idea if telling him now or in the next year or so will change him for the worst. I was an angry teen with my mom but she was emotionally abusive my whole childhood. It's not that I want to shelter him I just want to take puberty into consideration and that his reaction may not be the best reaction. I mean obviously it's not something I expect him to take well or in a positive way by any means but maybe it's just not something he needs to know until at the end of highschool... Unless he asks before I planned on telling him. If he asks then I will be honest and tell him. Just really unsure how.. and also he's young when it comes to understanding emotions for the opposite sex, he has yet to have a relationship and I'm worried knowing all this to soon will impact his sexual side and I also don't even know if he even understands completely what sexual assault is..",Nexus6P
7uaa6a,Dental Issues and Pain Meds...,"Im pasting my reply from another comment because what I said is exactly what I would say to your reply..

I agree 13 yr olds can be mature but my main concern is whether or not to wait until he's older. My plan was always to tell him once he was 18. Being a teen means lots or hormonal changes and I honestly have no idea if telling him now or in the next year or so will change him for the worst. I was an angry teen with my mom but she was emotionally abusive my whole childhood. It's not that I want to shelter him I just want to take puberty into consideration and that his reaction may not be the best reaction. I mean obviously it's not something I expect him to take well or in a positive way by any means but maybe it's just not something he needs to know until at the end of highschool... Unless he asks before I planned on telling him. If he asks then I will be honest and tell him. Just really unsure how.. and also he's young when it comes to understanding emotions for the opposite sex, he has yet to have a relationship and I'm worried knowing all this to soon will impact his sexual side and I also don't even know if he even understands completely what sexual assault is..",Methadone
7vkzrc,Bulletproof Coffee!!??,"Im pasting my reply from another comment because what I said is exactly what I would say to your reply..

I agree 13 yr olds can be mature but my main concern is whether or not to wait until he's older. My plan was always to tell him once he was 18. Being a teen means lots or hormonal changes and I honestly have no idea if telling him now or in the next year or so will change him for the worst. I was an angry teen with my mom but she was emotionally abusive my whole childhood. It's not that I want to shelter him I just want to take puberty into consideration and that his reaction may not be the best reaction. I mean obviously it's not something I expect him to take well or in a positive way by any means but maybe it's just not something he needs to know until at the end of highschool... Unless he asks before I planned on telling him. If he asks then I will be honest and tell him. Just really unsure how.. and also he's young when it comes to understanding emotions for the opposite sex, he has yet to have a relationship and I'm worried knowing all this to soon will impact his sexual side and I also don't even know if he even understands completely what sexual assault is..",keto
7y9b87,{Help} making Folders in KLWP,"Im pasting my reply from another comment because what I said is exactly what I would say to your reply..

I agree 13 yr olds can be mature but my main concern is whether or not to wait until he's older. My plan was always to tell him once he was 18. Being a teen means lots or hormonal changes and I honestly have no idea if telling him now or in the next year or so will change him for the worst. I was an angry teen with my mom but she was emotionally abusive my whole childhood. It's not that I want to shelter him I just want to take puberty into consideration and that his reaction may not be the best reaction. I mean obviously it's not something I expect him to take well or in a positive way by any means but maybe it's just not something he needs to know until at the end of highschool... Unless he asks before I planned on telling him. If he asks then I will be honest and tell him. Just really unsure how.. and also he's young when it comes to understanding emotions for the opposite sex, he has yet to have a relationship and I'm worried knowing all this to soon will impact his sexual side and I also don't even know if he even understands completely what sexual assault is..",androidthemes
7yapls,[Help] setting up folders in KLWP,"Im pasting my reply from another comment because what I said is exactly what I would say to your reply..

I agree 13 yr olds can be mature but my main concern is whether or not to wait until he's older. My plan was always to tell him once he was 18. Being a teen means lots or hormonal changes and I honestly have no idea if telling him now or in the next year or so will change him for the worst. I was an angry teen with my mom but she was emotionally abusive my whole childhood. It's not that I want to shelter him I just want to take puberty into consideration and that his reaction may not be the best reaction. I mean obviously it's not something I expect him to take well or in a positive way by any means but maybe it's just not something he needs to know until at the end of highschool... Unless he asks before I planned on telling him. If he asks then I will be honest and tell him. Just really unsure how.. and also he's young when it comes to understanding emotions for the opposite sex, he has yet to have a relationship and I'm worried knowing all this to soon will impact his sexual side and I also don't even know if he even understands completely what sexual assault is..",androidthemes
7z6q8y,First day starting Keto and first day to take back control of my Life!! ❤️ I just have 1 question..,"Im pasting my reply from another comment because what I said is exactly what I would say to your reply..

I agree 13 yr olds can be mature but my main concern is whether or not to wait until he's older. My plan was always to tell him once he was 18. Being a teen means lots or hormonal changes and I honestly have no idea if telling him now or in the next year or so will change him for the worst. I was an angry teen with my mom but she was emotionally abusive my whole childhood. It's not that I want to shelter him I just want to take puberty into consideration and that his reaction may not be the best reaction. I mean obviously it's not something I expect him to take well or in a positive way by any means but maybe it's just not something he needs to know until at the end of highschool... Unless he asks before I planned on telling him. If he asks then I will be honest and tell him. Just really unsure how.. and also he's young when it comes to understanding emotions for the opposite sex, he has yet to have a relationship and I'm worried knowing all this to soon will impact his sexual side and I also don't even know if he even understands completely what sexual assault is..",keto
8059m8,An article about someone who decided to eat 40 tsp of sugar a day to see what happens...,"Im pasting my reply from another comment because what I said is exactly what I would say to your reply..

I agree 13 yr olds can be mature but my main concern is whether or not to wait until he's older. My plan was always to tell him once he was 18. Being a teen means lots or hormonal changes and I honestly have no idea if telling him now or in the next year or so will change him for the worst. I was an angry teen with my mom but she was emotionally abusive my whole childhood. It's not that I want to shelter him I just want to take puberty into consideration and that his reaction may not be the best reaction. I mean obviously it's not something I expect him to take well or in a positive way by any means but maybe it's just not something he needs to know until at the end of highschool... Unless he asks before I planned on telling him. If he asks then I will be honest and tell him. Just really unsure how.. and also he's young when it comes to understanding emotions for the opposite sex, he has yet to have a relationship and I'm worried knowing all this to soon will impact his sexual side and I also don't even know if he even understands completely what sexual assault is..",keto
82xzux,The new ResurrectionRemix ROM OREO,"Im pasting my reply from another comment because what I said is exactly what I would say to your reply..

I agree 13 yr olds can be mature but my main concern is whether or not to wait until he's older. My plan was always to tell him once he was 18. Being a teen means lots or hormonal changes and I honestly have no idea if telling him now or in the next year or so will change him for the worst. I was an angry teen with my mom but she was emotionally abusive my whole childhood. It's not that I want to shelter him I just want to take puberty into consideration and that his reaction may not be the best reaction. I mean obviously it's not something I expect him to take well or in a positive way by any means but maybe it's just not something he needs to know until at the end of highschool... Unless he asks before I planned on telling him. If he asks then I will be honest and tell him. Just really unsure how.. and also he's young when it comes to understanding emotions for the opposite sex, he has yet to have a relationship and I'm worried knowing all this to soon will impact his sexual side and I also don't even know if he even understands completely what sexual assault is..",Nexus6P
832wp0,[REQUEST] Would LOVE LOVE to share a pizza with my kids (No power) Canada,"Im pasting my reply from another comment because what I said is exactly what I would say to your reply..

I agree 13 yr olds can be mature but my main concern is whether or not to wait until he's older. My plan was always to tell him once he was 18. Being a teen means lots or hormonal changes and I honestly have no idea if telling him now or in the next year or so will change him for the worst. I was an angry teen with my mom but she was emotionally abusive my whole childhood. It's not that I want to shelter him I just want to take puberty into consideration and that his reaction may not be the best reaction. I mean obviously it's not something I expect him to take well or in a positive way by any means but maybe it's just not something he needs to know until at the end of highschool... Unless he asks before I planned on telling him. If he asks then I will be honest and tell him. Just really unsure how.. and also he's young when it comes to understanding emotions for the opposite sex, he has yet to have a relationship and I'm worried knowing all this to soon will impact his sexual side and I also don't even know if he even understands completely what sexual assault is..",Random_Acts_Of_Pizza
85yidn,Could use some ideas for snacks at a party. ☺️,"Im pasting my reply from another comment because what I said is exactly what I would say to your reply..

I agree 13 yr olds can be mature but my main concern is whether or not to wait until he's older. My plan was always to tell him once he was 18. Being a teen means lots or hormonal changes and I honestly have no idea if telling him now or in the next year or so will change him for the worst. I was an angry teen with my mom but she was emotionally abusive my whole childhood. It's not that I want to shelter him I just want to take puberty into consideration and that his reaction may not be the best reaction. I mean obviously it's not something I expect him to take well or in a positive way by any means but maybe it's just not something he needs to know until at the end of highschool... Unless he asks before I planned on telling him. If he asks then I will be honest and tell him. Just really unsure how.. and also he's young when it comes to understanding emotions for the opposite sex, he has yet to have a relationship and I'm worried knowing all this to soon will impact his sexual side and I also don't even know if he even understands completely what sexual assault is..",keto
86cj2x,Something I found and wanted to share to any fellow Canadians who try and fit Tims coffee in their macros..,"Im pasting my reply from another comment because what I said is exactly what I would say to your reply..

I agree 13 yr olds can be mature but my main concern is whether or not to wait until he's older. My plan was always to tell him once he was 18. Being a teen means lots or hormonal changes and I honestly have no idea if telling him now or in the next year or so will change him for the worst. I was an angry teen with my mom but she was emotionally abusive my whole childhood. It's not that I want to shelter him I just want to take puberty into consideration and that his reaction may not be the best reaction. I mean obviously it's not something I expect him to take well or in a positive way by any means but maybe it's just not something he needs to know until at the end of highschool... Unless he asks before I planned on telling him. If he asks then I will be honest and tell him. Just really unsure how.. and also he's young when it comes to understanding emotions for the opposite sex, he has yet to have a relationship and I'm worried knowing all this to soon will impact his sexual side and I also don't even know if he even understands completely what sexual assault is..",keto
884tng,[Theme] Sunset Void,"Im pasting my reply from another comment because what I said is exactly what I would say to your reply..

I agree 13 yr olds can be mature but my main concern is whether or not to wait until he's older. My plan was always to tell him once he was 18. Being a teen means lots or hormonal changes and I honestly have no idea if telling him now or in the next year or so will change him for the worst. I was an angry teen with my mom but she was emotionally abusive my whole childhood. It's not that I want to shelter him I just want to take puberty into consideration and that his reaction may not be the best reaction. I mean obviously it's not something I expect him to take well or in a positive way by any means but maybe it's just not something he needs to know until at the end of highschool... Unless he asks before I planned on telling him. If he asks then I will be honest and tell him. Just really unsure how.. and also he's young when it comes to understanding emotions for the opposite sex, he has yet to have a relationship and I'm worried knowing all this to soon will impact his sexual side and I also don't even know if he even understands completely what sexual assault is..",androidthemes
88bk37,Headaches in the morning,"Im pasting my reply from another comment because what I said is exactly what I would say to your reply..

I agree 13 yr olds can be mature but my main concern is whether or not to wait until he's older. My plan was always to tell him once he was 18. Being a teen means lots or hormonal changes and I honestly have no idea if telling him now or in the next year or so will change him for the worst. I was an angry teen with my mom but she was emotionally abusive my whole childhood. It's not that I want to shelter him I just want to take puberty into consideration and that his reaction may not be the best reaction. I mean obviously it's not something I expect him to take well or in a positive way by any means but maybe it's just not something he needs to know until at the end of highschool... Unless he asks before I planned on telling him. If he asks then I will be honest and tell him. Just really unsure how.. and also he's young when it comes to understanding emotions for the opposite sex, he has yet to have a relationship and I'm worried knowing all this to soon will impact his sexual side and I also don't even know if he even understands completely what sexual assault is..",keto
89g2c4,How to tell my son about his biological father 😔,"Im pasting my reply from another comment because what I said is exactly what I would say to your reply..

I agree 13 yr olds can be mature but my main concern is whether or not to wait until he's older. My plan was always to tell him once he was 18. Being a teen means lots or hormonal changes and I honestly have no idea if telling him now or in the next year or so will change him for the worst. I was an angry teen with my mom but she was emotionally abusive my whole childhood. It's not that I want to shelter him I just want to take puberty into consideration and that his reaction may not be the best reaction. I mean obviously it's not something I expect him to take well or in a positive way by any means but maybe it's just not something he needs to know until at the end of highschool... Unless he asks before I planned on telling him. If he asks then I will be honest and tell him. Just really unsure how.. and also he's young when it comes to understanding emotions for the opposite sex, he has yet to have a relationship and I'm worried knowing all this to soon will impact his sexual side and I also don't even know if he even understands completely what sexual assault is..",Parenting
89m246,[Theme] Sunset Bay,"Im pasting my reply from another comment because what I said is exactly what I would say to your reply..

I agree 13 yr olds can be mature but my main concern is whether or not to wait until he's older. My plan was always to tell him once he was 18. Being a teen means lots or hormonal changes and I honestly have no idea if telling him now or in the next year or so will change him for the worst. I was an angry teen with my mom but she was emotionally abusive my whole childhood. It's not that I want to shelter him I just want to take puberty into consideration and that his reaction may not be the best reaction. I mean obviously it's not something I expect him to take well or in a positive way by any means but maybe it's just not something he needs to know until at the end of highschool... Unless he asks before I planned on telling him. If he asks then I will be honest and tell him. Just really unsure how.. and also he's young when it comes to understanding emotions for the opposite sex, he has yet to have a relationship and I'm worried knowing all this to soon will impact his sexual side and I also don't even know if he even understands completely what sexual assault is..",androidthemes
