Comment_ID,Comment_Submission,Comment_Text,Subreddit
dvera8t,Please help!!!,"Yeah, it’s like a furnace out back with the washers and dryers",Plumbing
dvest4d,Please help!!!,"Thank you everyone! I have managed to stop the leak until we can get a plumber by in the morning. I love the reddit community, you guys are the best.",Plumbing
dvmtf9i,Roller blading down steps,Rad,oddlysatisfying
dvphy1r,Well that escalated quickly,...... ..... ... ....,OopsDidntMeanTo
dvtek7g,Amazing Vaginal Muscles,"I can attest. A woman doing kegels during sex feels really great, but it also feels amazing just after coming. It makes me feel like she's literally sucking out every last drop.",sex
dvtf4rp,Howard wouldn't let Sour answer why he hadn't been calling in.,"I also thought it was funny when he brought up the ""Arsenio Hall fiasco."" Howard cut him off pretty quickly after that one too.",howardstern
dvzpnvb,Trouble Logging In,"Would it help if I PM'd you my e-mail addfress? I have tried to open a new account too, but it says that the e-mail address already exists.",DemonoidP2P
dvzs8ju,Trouble Logging In,"Ok,  thank you",DemonoidP2P
dvzsypf,Rare new image of Robin taking a selfie with someone who posts selfies with famous people on IG,"I want your brown mound Robin brown mound. Let me lick it up and down Robin, brown mound.",howardstern
dw29567,Costco vs. Sam's Club,Sams Club is actually owned by Walmart,Frugal
dw3tzcx,Hot or not?,Feel mah hoooves!,howardstern
dw6akhh,Someone just posted this footage of the Dead playing in Bonaroo and I though you might like It!,I was there! I still remember that Tennessee Jed,gratefuldead
dw6dewj,"Wendy’s, the fast food chain, has just released a mixtape dissing other restaurant chains","Don't be dumb son, no cheese on the bun",funny
dwbmolg,Mother goes out to work and the housework has to be done by herself!,[https://www.reddit.com/r/titlegore/](https://www.reddit.com/r/titlegore/),funny
dwd3ing,"""In the 70's and 80's, coke was huge"". Another insightful quote by Hatley.",He was terrible on the wrap-up show last week too,howardstern
dwh7qv3,Bumble won't allow me to delete old photos,Thanks for the response. I eventually got it the other day after spending a few hours on it. Every 15 minutes or so I could get one photo to delete.,Bumble
dwohjgv,Why would you even post this? [NSFW],"Thiccc, lol",trashy
dwplt8p,The symmetry of THIS flower!,"I knew that it wasn't symmetrical. There have been previous posts with this same kind of flower and the same title (minus the caps). But I found a more geometrical flower of the same type, so I was playing on the previous titles. Geometry is the term I would have chosen.",oddlysatisfying
dwpq67k,The symmetry of THIS flower!,"Haha, thanks!",oddlysatisfying
dwqihqz,"Tan Mom, 7 prescription for Xanax ago","This was a photo shoot for In Touch magazine. After she was accused of taking her daughter into the tanning beds, she tried to clean up her image by not tanning for a month. We all know how well she kept that up. [Source](http://www.intouchweekly.com/posts/tan-mom-patricia-krentcil-gives-up-tanning-for-botox-50845)",howardstern
dwqm7at,"OxyContin from Mundipharma, just like the original Purdue ones from 1996","Nice, how did you get your hands on these?",opiates
dwqrvu3,"OxyContin from Mundipharma, just like the original Purdue ones from 1996",Good score my friend,opiates
dwuzxax,Maldivian model Raudha Athif,I thought that she had a zipper on her head at first glance,pics
dwv1kdv,Caption this,Let's go fuck some whores!,howardstern
dwv7wcn,Howard Stern is currently thinking only 1 thing about Scott.,He is when it comes to health insurance,howardstern
