Submission_ID,Submission_Title,Submission_Text,Subreddit
2o84eo,Am I the only one who has seen it? A face... Master Chief perhaps?,"Yeah, it’s like a furnace out back with the washers and dryers",pics
480c04,Playing The Witcher 3 when suddenly...,"Yeah, it’s like a furnace out back with the washers and dryers",witcher
5025r8,Memet and Sal,"Yeah, it’s like a furnace out back with the washers and dryers",howardstern
55v9ij,SMDH. repost from /r/funny,"Yeah, it’s like a furnace out back with the washers and dryers",opiates
5d3w3g,Amateur in kneehigh rainbow socks,"Yeah, it’s like a furnace out back with the washers and dryers",kneehighsocks
6jt88t,Woman revives her ODing boyfriend with Narcan [x-post from r/videos],"Yeah, it’s like a furnace out back with the washers and dryers",opiates
6lo4z7,Rainbow Colored Kneesocks,"Yeah, it’s like a furnace out back with the washers and dryers",kneehighsocks
6n3u8j,Who needs a truck?,"Yeah, it’s like a furnace out back with the washers and dryers",WhatIsATruck
6sohd9,Discounted Door Guard,"Yeah, it’s like a furnace out back with the washers and dryers",CrappyDesign
6sw75i,"Put up those signs, boss!","Yeah, it’s like a furnace out back with the washers and dryers",NotMyJob
6tu7mp,Madison Abenue?,"Yeah, it’s like a furnace out back with the washers and dryers",CrappyDesign
6vcyq2,Is this how I blep?,"Yeah, it’s like a furnace out back with the washers and dryers",Blep
6vrho9,God Bless America,"Yeah, it’s like a furnace out back with the washers and dryers",kneehighsocks
6vytu1,Pigtails and Knee-Highs,"Yeah, it’s like a furnace out back with the washers and dryers",kneehighsocks
7a68jp,Insomnia,"Yeah, it’s like a furnace out back with the washers and dryers",OpiatesRecovery
7k35ug,"The Battle of the Bastards, aka the PS2 Launch Date [xpost from r/funny]","Yeah, it’s like a furnace out back with the washers and dryers",freefolk
832oud,Please help!!!,"Yeah, it’s like a furnace out back with the washers and dryers",Plumbing
85pik7,Trouble Logging In,"Yeah, it’s like a furnace out back with the washers and dryers",DemonoidP2P
87cglh,Mother goes out to work and the housework has to be done by herself!,"Yeah, it’s like a furnace out back with the washers and dryers",titlegore
87k95w,Bumble won't allow me to delete old photos,"Yeah, it’s like a furnace out back with the washers and dryers",Bumble
8987ry,The symmetry of THIS flower!,"Yeah, it’s like a furnace out back with the washers and dryers",oddlysatisfying
89zxsm,This guy breaking it down at a Rockets game,"Yeah, it’s like a furnace out back with the washers and dryers",houston
ohi4i,Civil Engineering College Sophmore,"Yeah, it’s like a furnace out back with the washers and dryers",AdviceAnimals
orprs,"Today I Learned where the members of /trees got the term ""ents""","Yeah, it’s like a furnace out back with the washers and dryers",todayilearned
os8mj,The Grundle Shave (first rage comic),"Yeah, it’s like a furnace out back with the washers and dryers",fffffffuuuuuuuuuuuu
