Submission_ID,Submission_Title,Submission_Text,Subreddit
6qncwc,Sirmione/Garda Friends,"Oh cool, I'll check it out",italy
6qnfl0,Italy - Sirmione,"Oh cool, I'll check it out",Drugs
6qnh2b,Italy - Sirmione - help,"Oh cool, I'll check it out",Drugs
6r3jr8,Verona - weed - places?,"Oh cool, I'll check it out",Drugs
6tel28,"Cardiff - numbers, friends, areas","Oh cool, I'll check it out",Drugs
76wtr9,Thirty-four going back twenty-one,"Oh cool, I'll check it out",opiates
79da99,"""Inside Out"" - Short Story (Part 1)","Oh cool, I'll check it out",opiates
79gywf,Comparison Question,"Oh cool, I'll check it out",benzodiazepines
7aq794,Tapered use and eventual cleanliness,"Oh cool, I'll check it out",opiates
7axo9m,Can This be Right?,"Oh cool, I'll check it out",benzodiazepines
7b5cxb,At the cinema,"Oh cool, I'll check it out",benzodiazepines
7e111f,'Dose as small as a grain of sand can kill you': alarm after Canada carfentanil bust,"Oh cool, I'll check it out",opiates
7h66m5,"Pills, Scams, and Successful Experiments","Oh cool, I'll check it out",opiates
7k6nl0,Valuim Identification and Information Help Request,"Oh cool, I'll check it out",benzodiazepines
7kkq53,Loyal to the Foil,"Oh cool, I'll check it out",opiates
8536kx,Uber Dopes,"Oh cool, I'll check it out",opiates
881bfy,Rebate; Re up; Relief,"Oh cool, I'll check it out",opiates
8ai4v2,Supplies for a two-week stint off work,"Oh cool, I'll check it out",opiates
8aj3ra,First time benzo injection,"Oh cool, I'll check it out",benzodiazepines
