Comment_ID,Comment_Submission,Comment_Text,Subreddit
dulyce3,"Welp, this certainly WON’T get me high, but at least I’ll feel o.k. 🤓",No big dicking but I'm jealous.. years later and I'm still looking at needing 3 blues for half a nod,opiates
dulyfz9,Final question for iv pros,Are you bevel up?  Are you coming in at an angle?,opiates
dulym0d,Final question for iv pros,Might overload the vein n pop it?  I don't think that is very likely tho.  Like i said I used the Burroughs 'leave it on and let the release pressure suck it in method.  I dunno if this is bad harm reduction but if say make small shots.. boot with tie on and get it off quick,opiates
dulyyh7,Final question for iv pros,Sounds like right form.. I say leave the damn tie on.  Anyone feel welcome to tell me I'm wrong,opiates
dum4e03,Final question for iv pros,"I have fucking pvc pipes for vein and always have so I never suffered much damage.. they are huge and plump and juicy..sigh.. after a few years clean and never got bad at all but my heart isn't happy 
Buy micron filters kids..",opiates
duo0fm0,The Real Reason the FDA wants kratom banned (Proof),What's the difference man?  If its animal cells grown in lab or on cow what is the difference? I don't see a defeated argument.  I see a confusion on your part between theme and aesthetic,kratom
duo8qrn,I know they don't look as pretty as blue or green eyes while high but I thought my brown eyes looked cool in this photo.,How did you escape r / drugs?,opiates
duu88bx,"Washington Post article, says that Kratom is likely NOT the salmonella culprit","Why do they always call them drug czars?   I never got that.. sounds like some Soviet,  authoritarian shit.  Why is the person protecting America from its greatest threat to it's freedom (drugs are unamerican ya know) have a foreign sounding, scary name.",kratom
duu9i2t,R/guns discovers my drug taking habits from snooping my username and judgement ensues. Am I the only 1 who doesnt dig into everyone's posts?,Pretty sure dude doesn't live in the u.s... so fuck your laws,opiates
duuaasj,"Washington Post article, says that Kratom is likely NOT the salmonella culprit",Not very American at all,kratom
dv0htb6,"I've lost a lot of weight, a lot of sadness, and a little facial hair. I've gained a whole new appreciation for life. Remember to always love yourself",Damn bro.  Sick hair,pics
dv0i60b,Accurate..,Y'all's retarded...  Come on bot ...  come on....,ImGoingToHellForThis
dv9kgtg,When did you come to your biggest realization about life while on or off opiates and what was your 'revelation'?,"Fuck sobriety and drugs.   Life is a nightmare with long days n short years 

Edit.15 years on and off",opiates
dv9kq5o,What are the funniest or strangest dealer names you've encountered?,Nu money high.. chump change when sick.. funny guy,opiates
dvdl8mq,"fire, are they though?",They good,opiates
dvgw5ex,How much Hydrocodone to OD?,"Oxy, hydro, or jelly donut?",opiates
dvue3dt,"This hockey game has an ""alone cam"" that shows people who are by themselves",In germany? Was he a nice guy tho atleast?  Was his fashion sense keen?  How about his appreciation for architecture?,assholedesign
dwjt1mm,Drug test for work on Monday morning and I CANNOT lose this job!! Help?,"You will pass.  I'm from a navy town and the squiddies love H or ""H"" partly because with the chinsy, cheap ass navy tests.. they are good In straight 24 hours sometimes.  My boy, close close pal in navy, did it for years and I saw first hand.   If you're thin with fast metabolism and us drink f-loads of water then it's like a 99% your good assuming it's not a super hyper advanced lab spectrocephslorandybandyscope test, which.. I just dunno what's up with them.  They Get Yo Ass on weed tho.",opiates
dwpjzji,Now that Easter is over...,"You wouldn't happen to be from  a criminally shitty beach town in the eastern US, mr flipper?",natureismetal
dwpoyh6,Elon musk is my god,Sooo... we all hate Facebook now.?  It seemed so monolithic and permanent.  Nice,memes
dwsfb4i,I tossed my rigs tonight - Do the work and you’ll be blessed.,"Digging through the dumpster for the civil war dull rig you stuffed in the empty almond milk carton 2 days previous.
 The thrill.. oh I miss it",opiates
dwte66g,"Wish me luck, I think a controlled delivery is underway","What this guy said... who gives s fuck if he is creeped out by trans people.  Being the epitome of the morals of your time means nothing.  Morality is relative, life is meaningless and I bet half y'all ragging on him hardly stand up to the measure of your own moral codes.  Also being a bigot does not mean you are stupid necessarily.. trans people kinda creep me out too.... sorry.  And well..I think dude is half troll",Drugs
dwtec3b,"Wish me luck, I think a controlled delivery is underway",Clever.  You sound a bit racist yourself,Drugs
dwteod3,HALP,Am a cop...  need heroin.. dm heroin,opiates
dwterlw,And they say they are hard to get .. 🧐,Is dey weawoow?,opiates
