Submission_ID,Submission_Title,Submission_Text,Subreddit
751p1e,Music from the youtube. Junkie folk,No big dicking but I'm jealous.. years later and I'm still looking at needing 3 blues for half a nod,opiates
752m3o,Trouble finding mr. Caleb,No big dicking but I'm jealous.. years later and I'm still looking at needing 3 blues for half a nod,kratom
7i6jjv,JJ SAVES. JJ HEALS. be kind (to reposters) and JJ will shine his light on YOU!,No big dicking but I'm jealous.. years later and I'm still looking at needing 3 blues for half a nod,opiates
7leg15,https://youtu.be/P3QkcAO6b8E World never chances and neither do I,No big dicking but I'm jealous.. years later and I'm still looking at needing 3 blues for half a nod,opiates
7lpgk8,Wasting the love of another.(guilty shitpost),No big dicking but I'm jealous.. years later and I'm still looking at needing 3 blues for half a nod,opiates
