Comment_ID,Comment_Submission,Comment_Text,Subreddit
dwxjmt1,[Official Tournament Discussion] The Masters Second Round,A lot of those players who have a birdie on a par 5 are well beyond the cut line though.,golf
dwxjybf,[Official Tournament Discussion] The Masters Second Round,"I'm deflated now, just deflated, common Tiger. Lets Go LETS GO!",golf
dwxkdn2,[Official Tournament Discussion] The Masters Second Round,"Is Reed's brother in law laying down trying to read greens today?  That is one reason I don't want to watch him this weekend, every time he pulls that shit I want to vomit.  I mean one time per round, maybe, but every other hole, common man.",golf
dwxkkzb,[Official Tournament Discussion] The Masters Second Round,"Common, announcers jinxing him now.  'We must watch that false front, it's a killer.. yup he missed it, another unforced error from Tiger.."" goddamn",golf
dwxkp8z,[Official Tournament Discussion] The Masters Second Round,The networks will definitely be disappointed.   Some broken office wares.,golf
dwxl1rz,[Official Tournament Discussion] The Masters Second Round,Well that is something!  You know shit is fucked up when we are celebrating a par for Tiger.,golf
dwxlllr,[Official Tournament Discussion] The Masters Second Round,Nothing at all.  I just wish we were celebrating birdies as well.  Maybe my dreams will come true soon!,golf
dwxm0ph,[Official Tournament Discussion] The Masters Second Round,"Vijay is cool, he is solid. But, tell me, honestly, when was the last time you were excited he won a tournament? 2002? Maybe 2004? We are going to be watching Tiger in 2030 hoping he goes on a Master's run.  Fuck that, we'll be hoping for a run when he birdies a few holes in 2040.",golf
dwxm93y,[Official Tournament Discussion] The Masters Second Round,All I want to do right now. All I want to do is shout YES TIGER!! Birdieeeeeeeeeeee!!!!!!!,golf
dwxmcl6,[Official Tournament Discussion] The Masters Second Round,"You ever play Augusta? Just wondering? Pretty sure he knows what shots to hit.  He just happens to be having an off day, a couple of off days in a row.",golf
dwxmzn5,[Official Tournament Discussion] The Masters Second Round,Nice shot Hoffman!,golf
dwxn6ym,[Official Tournament Discussion] The Masters Second Round,It will open up my weekend if he doesn't make the cut but I'd rather watch Tiger contending not tied for 15th or so.  I think he makes the cut though.  He might bogey 11 or 12 but I feel good about the par 5s on the back 9.,golf
dwxnbfv,[Official Tournament Discussion] The Masters Second Round,Did you guys see that ball bend?!?!,golf
dwxo6l6,When will this shiny object pop?,Yeah but..,Silverbugs
dwxofae,When will this shiny object pop?,"I always buy used, almost everything.",Silverbugs
dwxog8h,When will this shiny object pop?,I'll try!,Silverbugs
dwxxjwp,When will this shiny object pop?,"No no no I started stacking minimally before the sharp rise (about 3 years before and really started stacking in 12-13-14, bought the most in 14-15 and have been buying minimally since then.  I only owned something like 40-45 ounces at the spike.",Silverbugs
dwxxnyf,When will this shiny object pop?,"It wasn't short term brother.  I bought my 2006 truck in 2008 and it has almost 250K on it now, still going strong but I anticipate a major breakdown soon because she is due.  There is a strong possibility I can keep my silver and be able to afford a new truck without it but there is always the possibility I will need to liquidate.  I am definitely happy to have it there if I need it.",Silverbugs
dwxxpbb,When will this shiny object pop?,I feel you baking soda gets old.. So does taking soap and TP from public bathrooms ::::))))),Silverbugs
dwxxrl9,I knew I recognized Tommy Fleetwood.,Well done well done.,golf
dwxxtx3,When will this shiny object pop?,F-250.  Must be diesel.  I might go with something else when the time comes but this is the plan right now.,Silverbugs
dwy30o2,"Our Goblin Boy Hit 500,000 subscribers, congrats!","Where is his schnoz? Is this 29 nose jobs later a la Michael Jackson or is this what he looks like reincarnated as the holy scuffed Saint Denino?  Either way, well done.",Ice_Poseidon
dwy5phx,What are men only problems most women can't experience?,"Sorry, but are you special?",AskReddit
dwy5v3z,Lightbulb Self Poke 12:9RL & 10:5RL,Damn.,sticknpokes
dwy5wkp,Lightbulb Self Poke 12:9RL & 10:5RL,The entire piece is ridic.,sticknpokes
