Submission_ID,Submission_Title,Submission_Text,Subreddit
7zm7ge,Second lens for my 80d?,A lot of those players who have a birdie on a par 5 are well beyond the cut line though.,AskPhotography
7zsz2r,For the fun of it,A lot of those players who have a birdie on a par 5 are well beyond the cut line though.,navy
81cpek,Polarizer - UV Filter,A lot of those players who have a birdie on a par 5 are well beyond the cut line though.,Cameras
81r6m5,Defined.,A lot of those players who have a birdie on a par 5 are well beyond the cut line though.,nursing
81th5s,Need Help - I want to get started,A lot of those players who have a birdie on a par 5 are well beyond the cut line though.,sticknpokes
833ckj,People's thoughts on when silver may pop.,A lot of those players who have a birdie on a par 5 are well beyond the cut line though.,Silverbugs
8357r8,Clear lens cover for Canon EF-S lens,A lot of those players who have a birdie on a par 5 are well beyond the cut line though.,Cameras
84otrz,"Et tu, Brute?",A lot of those players who have a birdie on a par 5 are well beyond the cut line though.,RomeSweetRome
85mbud,Marine's younger brother steals his girl while he is away at training..,A lot of those players who have a birdie on a par 5 are well beyond the cut line though.,USMC
85za5g,Lefty refused an autograph to young Spieth,A lot of those players who have a birdie on a par 5 are well beyond the cut line though.,golf
86dh2j,Etrade said they'll give me 2500 American Bank Notes for free!,A lot of those players who have a birdie on a par 5 are well beyond the cut line though.,wallstreetbets
881n5l,7 MORE DAYS.,A lot of those players who have a birdie on a par 5 are well beyond the cut line though.,golf
883kbo,Any of yous stuck in traffic on 309 yesterday? Here's why.,A lot of those players who have a birdie on a par 5 are well beyond the cut line though.,Truckers
886z73,Just cause,A lot of those players who have a birdie on a par 5 are well beyond the cut line though.,golf
88o0ob,The absolute ridiculousness that is this leaderboard,A lot of those players who have a birdie on a par 5 are well beyond the cut line though.,golf
88opvj,Which online MCAT course is the best?,A lot of those players who have a birdie on a par 5 are well beyond the cut line though.,Mcat
88ox6i,"Big Cat Hype, since we can never have enough",A lot of those players who have a birdie on a par 5 are well beyond the cut line though.,golf
88xll8,"Upvote for Tiger to win the Masters, downvote for Patrick Reed to win",A lot of those players who have a birdie on a par 5 are well beyond the cut line though.,golf
88zwi1,"More Patrick Reed on Tiger Woods 'The best player wore black pants, a red shirt.' Thank you Patrick.",A lot of those players who have a birdie on a par 5 are well beyond the cut line though.,golf
89gf11,Young Veteran Living/Traveling in Vietnam,A lot of those players who have a birdie on a par 5 are well beyond the cut line though.,Military
89h10d,Going to Vietnam this summer,A lot of those players who have a birdie on a par 5 are well beyond the cut line though.,USMC
89vpm5,Real Talk What is grandma going to do when she turns 50?,A lot of those players who have a birdie on a par 5 are well beyond the cut line though.,Ice_Poseidon
8a3vs6,Marines IRL,A lot of those players who have a birdie on a par 5 are well beyond the cut line though.,Military
8a5gqh,Tiger Woods' First Round at the Masters,A lot of those players who have a birdie on a par 5 are well beyond the cut line though.,golf
8ad107,When will this shiny object pop?,A lot of those players who have a birdie on a par 5 are well beyond the cut line though.,Silverbugs
