Comment_ID,Comment_Submission,Comment_Text,Subreddit
dv1ply7,LOVE THE A215'S!!!,"maybe the blue background?!  In your area, how much $ do they go for?  my area is $30... seems high right? WtF!! or is that the norm?  long time viewer, 1st time posting..",opiates
dv1rbx2,LOVE THE A215'S!!!,"thats crazy... am I trippin but dude, when i take them= f' crzy amount of ENERGY!!!  I mean i can run/ workout like its 'going out of stye.'  If everyone talks noise about being a downer, its has the polar opposite on me...",opiates
dv6rcbc,Is this real?,"the worst thing to do is ask people on Reddit... I had A215's from the pharmacy, posted it up just to see feedback, 7/10 said fakes.. people by and large are dumb...",opiates
dv6rvi0,Is this real?,whats the best way of consumption?  snorting them or eating/chewing them??,opiates
dv6scy2,Is this real?,"i think you're right... railing them hits you quicker but doesn't last as long.  I've never chewed on 'em..  I will next time..

so you chew on em and keep all the substance under your tongue?  interesting..",opiates
dve6ff3,Real or fake 30s? Thanks :),Lol... the worst thing to do is ask people on Reddit.. majority are haters and I bet 8/10 will say fake just to “F” w/ you.. BTW- look real to me..,opiates
dvff94l,Real or fake 30s? Thanks :),tell Murphy i'm going to kick his ass when I see him..  lol,opiates
dvo5ctb,Getting through work while dope sick (shitpost),happizooms- do addys help you w/ the chills?? i never thought about taking a upper during w/d's..  sounds like a good ideal.,opiates
dwe132i,Why does black tar always have a strong vinegar odor to it?,"so the stronger the vinegar odor, the more potent the product is?",opiates
dwe7tiv,Why does black tar always have a strong vinegar odor to it?,are you asking a question or making an statement?,opiates
dwi52n6,Last 2 before payday; issue is I get paid on the 31st (sat) but hopefully direct deposit kicks in tonight 12:01am cuz deposit don't happen on fri night.,pay $25 per.. I'm on the West Coast... - you stated Fri is a regular day so that's my concern; it might be deposited Fri night/ sat morning (12:01am) which would SUCK!!!,opiates
dwi7275,Last 2 before payday; issue is I get paid on the 31st (sat) but hopefully direct deposit kicks in tonight 12:01am cuz deposit don't happen on fri night.,are you f'ing serious right now??!! You can take your dissertation and stick it up your mom's box ..,opiates
dwims21,Last 2 before payday; issue is I get paid on the 31st (sat) but hopefully direct deposit kicks in tonight 12:01am cuz deposit don't happen on fri night.,"cuz you sound shady as heck, ""How long have you known your plug? If something happens and you dont get your deposit will your plug front you like most do when you have been buying from them for years?""  Are you doing a documentary? dude, why don't you start chasing cars on the freeway. Sounds like a good ideal right?!",opiates
