Comment_ID,Comment_Submission,Comment_Text,Subreddit
dwn8sol,What do people call dope where you live?,"I call it smack, most people I say it around think I'm talking about some sort of crack lmao",opiates
dwpap0d,Happy Easter Speed Balling Br/opiates!!,LMFAO I actually busted out laughing at work :p,opiates
dwpaqk3,Happy Easter Speed Balling Br/opiates!!,As soon as I saw it I hopped on eBay and ordered it no bullshit it should be here in the next couple days haha,opiates
dwpaw66,Happy Easter Speed Balling Br/opiates!!,If you only knew how good my plug is.... Your grandmother's grandmother would feel it in her grave if you hit a bump of this shit. Bet.,opiates
dwpb1kq,Happy Easter Speed Balling Br/opiates!!,"I just picked it up 3 days ago, I like it alot but the key could be a bit better quality lol. I was trying to find something that will hold my patches and a cooling pad wild remaining inconspicuous at work :p",opiates
dwpbb59,Happy Easter Speed Balling Br/opiates!!,"Nah bro not while you're on the dirty F, be running to the shitter every 5 minutes to hit bumbs when you can just mix a drink with this shit and be cool for 5 hours. Plus if I were to mention the price I pay for a quarter it would make a lot of these fellas uncomfortable in their seats lol. This batch would have you glued to that peep hole for a minute!",opiates
dwpp3ax,This is Us (Dope Fiend Edition),"Wow, that hit a nerve. I'm looking in a fucking mirror....",opiates
dwpt91x,This is Us (Dope Fiend Edition),"Yeah it helps to talk about it for sure. I took 14 10/325 hydro's when I was first going through withdrawal and it was like taking Tylenol. If you're that way with that, don't ever touch Fent... I've overcame alcohol, snuff, meth, coke, tramadol, Oxy, the list goes on. Fent destroyed my life in 3 months with only a painful death to leave in it's wake...",opiates
dwptlb8,This is Us (Dope Fiend Edition),A spatula and an egg beater.,opiates
dwtp3wi,I passed my drug test for my job using “XSTREAM” synthetic urine. THANK GOD!!!,I've passed 3 so far with Magnum Detox. One of which was a DOT test. Just make sure you either a. Strap it to your calf in a boot or b. Have a heat patch strapped. Saved me a 6 digit annual job!,opiates
dwtpd37,I passed my drug test for my job using “XSTREAM” synthetic urine. THANK GOD!!!,"Lmao yeah I did that for the longest time! 16 hour days in the oilfield that shit got uncomfortable real quick tho. If it's hot enough outside the boot is good but I used to have to have it on me daily. If you get a heads up you're golden. Glad to hear man, fuck those corporate fucks! :X",opiates
