Submission_ID,Submission_Title,Submission_Text,Subreddit
854w04,Need help in nola,I will say that unfortunately W ODed and died about 2 years ago leaving behind a 2 month old,kratom
856i12,Random story,I will say that unfortunately W ODed and died about 2 years ago leaving behind a 2 month old,opiates
85d766,Best RC benzo for a nasty opiate WD,I will say that unfortunately W ODed and died about 2 years ago leaving behind a 2 month old,benzodiazepines
883w95,My first junkie love SUPER LONG,I will say that unfortunately W ODed and died about 2 years ago leaving behind a 2 month old,opiates
