Comment_ID,Comment_Submission,Comment_Text,Subreddit
dun13b8,This is why you wear your seat belt,It’s an accident because no one would intentionally tip a dozer and injure themselves hahah,OSHA
duojs3d,In the lap of luxury,How many smokes are in each packet? They look so wide haha,Cigarettes
duryh45,Cartoon bar,Yeah all loony tunes characters,benzodiazepines
duwango,When your doc hooks you up...,That maths doesn’t add up these are 100% presses!! 2mg a day a month for 30 days???,benzodiazepines
dux8cmr,When your doc hooks you up...,If I was you I’d be on the hustle hard,benzodiazepines
duy26sp,When your doc hooks you up...,"I got on Phenibut and cut the bars now I just get straight profit 
I treat my self with a couple every now and then but the Phenibut does the job better and longer then alp ever has",benzodiazepines
dv22nyc,No tax this week! Cash is king,Chinese,benzodiazepines
dv23ps0,I workshop floor hasn’t been cleaned in 15 years!!!,15 may be a big statement but it looks like 15 years worth of dirt haha,powerwashingporn
dv279g0,I workshop floor hasn’t been cleaned in 15 years!!!,Personal protection equipment is key to successful job,powerwashingporn
dv3lztg,I workshop floor hasn’t been cleaned in 15 years!!!,I got eve thing off ground level that could be affected by water and just got the apprentice to push it out the door with a broom,powerwashingporn
dv3m2d4,I workshop floor hasn’t been cleaned in 15 years!!!,Sorry dude I’ll try be more OCD pleasing next time xx,powerwashingporn
dv944tx,Fuck Community College. Let's Get Drunk and Eat Etizolam,There’s always one hero,benzodiazepines
dv949xw,Fuck Community College. Let's Get Drunk and Eat Etizolam,Your an opiate addict aswell so of course benzo’s arnt gonna be the bee’s knee’s,benzodiazepines
dv94m4u,Fuck Community College. Let's Get Drunk and Eat Etizolam,Narh the guy that made the original comment,benzodiazepines
dv94nwf,Fuck Community College. Let's Get Drunk and Eat Etizolam,Eshays,benzodiazepines
dvhz2lk,Tooheys New,Tooheys new is for gods! Message me and I’ll send you a can or two haha,beer
dvxnxcx,Hospital grade,Won’t even send a sample!!!! Fake fake fake fake,ketamine
dvxnyam,Secure delivery service......,Won’t even send a sample his do fake,ketamine
dvxnzaa,The master is around the corner,This guy is fake as fake comes don’t trust him,ketamine
dwk15i0,The only lean we have left in Australia 🤪. it’s over the counter tho!,You can get rikodene just gotta ask for it hahah,opiates
dwk495d,The only lean we have left in Australia 🤪. it’s over the counter tho!,Aussie rappers post it all over insta it’s already going that way mate,opiates
dwlnzxq,The only lean we have left in Australia 🤪. it’s over the counter tho!,Rap after the lean not on the lean,opiates
dwlo3eu,The only lean we have left in Australia 🤪. it’s over the counter tho!,Nup no changes it’s still  otc because its meant to be low abuse because of the other ingredient makes you really gassy,opiates
dwlo7hc,The only lean we have left in Australia 🤪. it’s over the counter tho!,Yeah it hits harder then codeine syrup we used to get here and it’s not mixed with paracetamol!! My liver would love me a bit more,opiates
dwnprcu,The only lean we have left in Australia 🤪. it’s over the counter tho!,Benzo’s and the opiates,opiates
