Submission_ID,Submission_Title,Submission_Text,Subreddit
7h272m,"Just a few bars, not bad for aus :)",It’s an accident because no one would intentionally tip a dozer and injure themselves hahah,benzodiazepines
7k2xd7,Bars 😎,It’s an accident because no one would intentionally tip a dozer and injure themselves hahah,benzodiazepines
7lgyq8,"Few 5mg Val’s, 1 2/4 xan n a nice view",It’s an accident because no one would intentionally tip a dozer and injure themselves hahah,benzodiazepines
7lnohc,Marlboro blue firm filter 100 cigarettes for $105 AUD,It’s an accident because no one would intentionally tip a dozer and injure themselves hahah,Cigarettes
7rwfsf,In for a big one,It’s an accident because no one would intentionally tip a dozer and injure themselves hahah,benzodiazepines
7rwfzx,Does nitrous and alcohol count?,It’s an accident because no one would intentionally tip a dozer and injure themselves hahah,DrugStashes
7upd1c,Re up every fortnight (payday),It’s an accident because no one would intentionally tip a dozer and injure themselves hahah,DrugStashes
7uq4f7,Frieday set ✔️,It’s an accident because no one would intentionally tip a dozer and injure themselves hahah,benzodiazepines
7wqjwo,Presents from Thailand,It’s an accident because no one would intentionally tip a dozer and injure themselves hahah,Cigarettes
7za9pt,This is why you wear your seat belt,It’s an accident because no one would intentionally tip a dozer and injure themselves hahah,OSHA
7zsorg,Cartoon bar,It’s an accident because no one would intentionally tip a dozer and injure themselves hahah,benzodiazepines
81asd2,No tax this week! Cash is king,It’s an accident because no one would intentionally tip a dozer and injure themselves hahah,benzodiazepines
81c2b2,I workshop floor hasn’t been cleaned in 15 years!!!,It’s an accident because no one would intentionally tip a dozer and injure themselves hahah,powerwashingporn
83epu9,Tooheys New,It’s an accident because no one would intentionally tip a dozer and injure themselves hahah,beer
889hba,The only lean we have left in Australia 🤪. it’s over the counter tho!,It’s an accident because no one would intentionally tip a dozer and injure themselves hahah,opiates
