Comment_ID,Comment_Submission,Comment_Text,Subreddit
dwyon0r,Forced vinegar patina DESTROYED knife. What happened? Album in description.,pretty sure guillrmqv was just trying to help captain ajax,knifemaking
dwyopv0,Forced vinegar patina DESTROYED knife. What happened? Album in description.,"there are tons of knives for that price and cheaper that are very good quality. if you arent set upon ""handmade"", check out ontario, esee, ka-bar, and the buck thug, just to name a few off the top of my head that i used to sell at a store i worked for.",knifemaking
dwyoww2,Naturopath jailed in starving baby case: A NATUROPATH — who told a mother her baby vomiting was good for him — has been sent to prison up after the baby almost died.,"i assumed ""comeuppance"" was reserved for ppl that are deliberately evil",JusticeServed
dwyqkvn,Mushrooms like to appear in the middle of our dirt driveway. Thought I'd share :),"hmm... mycorhizzal relationship with a tree that spread its roots that far?

there look to be lots of little pieces of woody debris, perhaps it is gnawing on buried wood. i have found psilocybe ovoideocystidiata fruiting right up out of the mud, and upon digging, it was found to have colonized a single piece of wood, the size of maybe half of my hand or smaller.",mycology
dwyr2jv,"Didn't have the correct value resistor array, so I improvised.",... oh my god,electronics
dwyr56j,This parent's very real son loves them,"[skinned](https://m.youtube.com/watch?v=lCHd3VCu47M)

warning: music",thatHappened
dwyrahy,Weird stuff never happens,"are you saying that everything in white is the meme, including the quote about the stranger's question? cause i would be so embarrassed lol",nothingeverhappens
dwyrjgz,Physics Jokes Ruined by SMBC,the shroefinger cat thing was already ded,Physics
dwyrs4r,This is my cat Sebastian.. *NOT PHOTO SHOPPED*,its a heroin cigarette,opiates
dwys0k5,Is it wrong to watch meat-eating mukbangs?,i love watching a good book,DebateAVegan
dwys2ug,Here we go,i dont get why people still eat their mushrooms. lemon tek tea all the way for me!!,shrooms
dwyscku,Here we go,"my highest is 8 grams of p. ovoideocystidiata, which is probably equal to about 10-13g of p. cubensis. completely stupidly insane. it helped my mental that i mixed it with 10 or 15mg o-pce (i forget how much honestly, it was months ago), cause then the emotional turmoil of the comeup was thwarted (it worked for me, i cant promise that it wouldnt do the opposite for someone else)

there was one point where i stopped being able to control the thoughts in my head, and they were coming too fast to even catch with my net. i remember them being completely off the wall insane, but i dont remember the nature of the thoughts themselves, i dont have even a single shred of remembered thought from the peak. 

the comedown was where the real work happened, and it helped me realize how i dont need drugs everyday anymore. it took a few months to implement, and i doubt ill ever give up psychedelics (classicals, as well as dissos and cannabis) entirely, but now i do them with purpose, and seldomly. 

it was highly exhausting, as well. took a lot out of me, and lasted like 10 hours, iirc. 

truly mushrooms are capable of such healing, if i let them.",shrooms
dwysr17,"I just carried my friend home from a club after her drink was possibly spiked, AMA","[recovery position](https://en.m.wikipedia.org/wiki/Recovery_position)

added benefit: no backpack straps to complicate things",AMA
dwyu7jv,"I just carried my friend home from a club after her drink was possibly spiked, AMA",a bag oh em? bag on em? i still have no clue what youre trying to say,AMA
dwyuz8s,Here we go,"my stomach doesnt respend to chitin well... i grind em, soak em in lemon (20 minutes), and then i make tea (boiling water doesnt kill psilocin, contrary to popular belief), soak for 20 min., and strain it. works like a charm, and no pesky fiber.",shrooms
dwyxtz1,Scott Pruitt is unfit to serve,we should be able tutu*,politics
dwz2wjh,Here we go,"i grind it up (not to a powder, more crushed, like what o.p. has going on), and soak it in lemon juice or lime juice (i like fresh squeezed), for about 20 minutes. 

before the 20 minutes are up, i get some water boiling. i like it to be at a HARD boil when i pour (contrary to popular belief, 212°F is nowhere near hot enough to kill psilocin) to soften up those chitin-enforced cell walls. 

i cover it to keep it hot, and let it steep for another 20 minutes, strain, and add honey to taste. 

usually i drink it warm cause i dont mind, but i *have* let it cool to room temp and then added some ice before, for a weird lemonade. not bad! 

my stomach cant deal with fiber very well, and this method *completely* takes away any g.i. discomfort for me. even fucked up crazy high dose amounts.",shrooms
dwz3mwt,"""That's our exit""","on a three lane highway, i drive in the middle lane, *pass on the left ONLY*, get *immediately* back into the middle lane when it is *safe*, and use the right lane to enter/ exit the highway; or cruise in the right lane if im not going *faster* than the speed limit/ as fast as traffic. 

if i see someone pass a tractor trailer on the right, i follow that person home, tie up their family, and pull out the offendor's teeth/ fingernails

then i snap out of my fantasy and keep driving correctly",gifs
dwz46lx,"""That's our exit""","whenever the roads are particularly nasty (for instance: sleet), i find a spot with no cars/ obstacles, and take a few minutes to *try* getting my car to lose control, just so i know what im working with.",gifs
dwz4dzj,"""That's our exit""","i mean, ill do that too, but only if im *clearly* the only person *anywhere* near me.",gifs
dwz5tc5,Here we go,"youre very welcome! i love it when i can help others. 

no promises, i have gotten gas even from lsd alone before... maybe tripping amplifies whatever feeling is already inside of you, who knows?

but the fiber from shroomies *definitely* messes with my gut",shrooms
dwzb6de,"TIL a German woman and her son on Christmas Eve 1944 fed and sheltered 3 American and 4 German soldiers in her small cabin in the Huertgen forest. Both sides disarmed themselves for that night, and the next morning the Germans gave their adversaries a compass and directions before leaving.",john->juh->fuh,todayilearned
dwzdmj1,(FLORIDA) We have a pool and a fence and the next door (in the back) neighbor's kid keeps coming over the fence after being told not to. I'm not sure what are my best courses of action.,"""trying to learn what to do"", they are here specifically for legaladvice, and want to make sure they have all of the information they need in terms of legally what they can/ cannot do *before* they talk to the parent, so it doesnt become a back-and-forth game. hope that helps.",legaladvice
dwzdwrb,how am i posting too many comments?,"that is a mess of html that is impossible to navigate. i found the question, but not the answer. thanks anyway.",reddithelp
dwzeioe,“You guys used the AC too much.”,"hate to kill food service for you, but thats every kitchen ive ever worked in. and its been quite a few. if you think 112 is hot, dont work in a sit-down restaurant that has 2 flat tops, four friers, two steamers, a rack of ovens, and a dishwasher. pretty sure one of the line cooks wasnt lying when he said it got up to 140 one time. i have nightmares, and at that place, i was the *salad and ice cream guy*... cant imagine workin the friers at *that* place.

*edit*

140°F = 60°C",MaliciousCompliance
