Submission_ID,Submission_Title,Submission_Text,Subreddit
5lhzca,lets hope trump gives us maternity leave!,pretty sure guillrmqv was just trying to help captain ajax,The_Donald
70uzyy,every erowid exp report is a cannabis report,pretty sure guillrmqv was just trying to help captain ajax,drugscirclejerk
72c7bi,saw another bbt/ young shekdon advert on my kindle swipe screen,pretty sure guillrmqv was just trying to help captain ajax,drugscirclejerk
72hqxc,can we stop with the ads?????,pretty sure guillrmqv was just trying to help captain ajax,kindlefire
72hss7,adverts on kindle fire swipe screen,pretty sure guillrmqv was just trying to help captain ajax,amazon
72hxdw,fix the swipe screen to prevent pesky adverts?,pretty sure guillrmqv was just trying to help captain ajax,kindle
7461hk,yup,pretty sure guillrmqv was just trying to help captain ajax,rotator
77qh37,using gold for altruistic purposes,pretty sure guillrmqv was just trying to help captain ajax,goldbenefits
7gre5y,why is it...?,pretty sure guillrmqv was just trying to help captain ajax,drugscirclejerk
7ot1iy,(silk) how to turn off auto-fill on addybar? spell-check in typing fields?,pretty sure guillrmqv was just trying to help captain ajax,kindlefire
7tdcpj,hard to find needles for i.m. injection,pretty sure guillrmqv was just trying to help captain ajax,opiates
7tvxt7,extreme thc reclamation,pretty sure guillrmqv was just trying to help captain ajax,CannabisExtracts
7uddah,never ripe bananas,pretty sure guillrmqv was just trying to help captain ajax,bananas
7w0o2a,my ++++ button,pretty sure guillrmqv was just trying to help captain ajax,drugscirclejerk
81uhwh,need ideas for cleaning the nut out of my beard,pretty sure guillrmqv was just trying to help captain ajax,opieandanthony
81uua1,got high and ate whole box of fruity pebbles. now my shit is green. AMA,pretty sure guillrmqv was just trying to help captain ajax,drugscirclejerk
83i6hj,ovoid fruiting ground temps??,pretty sure guillrmqv was just trying to help captain ajax,shrooms
85uild,"please help, medical expenses",pretty sure guillrmqv was just trying to help captain ajax,Assistance
87baos,a vision,pretty sure guillrmqv was just trying to help captain ajax,drugscirclejerk
880rwc,test your drugs for fentanyl,pretty sure guillrmqv was just trying to help captain ajax,opiates
8965f9,"just watched the film *coraline*, looking for recommendations",pretty sure guillrmqv was just trying to help captain ajax,movies
89jxu1,speesball psa,pretty sure guillrmqv was just trying to help captain ajax,drugscirclejerk
8a4jww,statue of giant pink rabbit eating naked guy,pretty sure guillrmqv was just trying to help captain ajax,photoshopbattles
8ahz7p,how am i posting too many comments?,pretty sure guillrmqv was just trying to help captain ajax,reddithelp
8aktum,why 'karma'?,pretty sure guillrmqv was just trying to help captain ajax,reddithelp
