Comment_ID,Comment_Submission,Comment_Text,Subreddit
dv6rq68,Xanax at school,"I don't actually think you're fucked if you can change your mentality, but if you're gonna try to be scarface.. well I'm sure you know what happens to that guy. If your use is truly that minimal, then just don't take them anymore. I've had serious health issues, been in dangerous situations, and have lost a lot due to this shit. I honestly think you just need to hear how harsh the consequences of the dealer lifestyle is. The comment was an attempt to get you to question what is you're doing, and hopefully you're a little more aware now. I truly wish you the best.",Drugs
dv6ttx7,Xanax at school,"You're welcome, I hoped I helped. You can just read through my post history and see the consequences, they're not fun.",Drugs
dwg98e7,Any other emo dope fiends in this group?,"Yeah I still bump stuff like The story so far, tigers jaw, saosin, ADTR, and the classics like senses fail.",opiates
dwkj9qn,What are some signs that you’re getting old?,"My parents got me socks for my Xmas and I'm 22, I was super happy.",AskReddit
dwl2waj,How do people get away with selling drugs on social media?,"Because they only use Snapchat stories and messages, and only know people likely not to tell. And just hide everything else from the general public. Know your audience, there's no to it but it's about being conscious of what you're doing.",AskReddit
dwl686l,How do people get away with selling drugs on social media?,"So he has permanent posts about selling drugs to the public, as in I could look at his @ and just know he's selling? Because I've posted many stories of huge packs of weed, and small amounts of coke, Lsd sheets, Molly, opiate pills, lean, and large amounts of Xanax. But anyone I have added isn't gonna tell because they don't want me in jail. And I've even posted on Instagram with me holding jars of weed, but I've taken most of my post since the beginning of the year. Not because I'm under and suspicion from police, but I was trying to clean up my public profile.",AskReddit
dwlb2zh,"What one product screams ""I'm trashy"" more than anything?",Today I learned I'm trashy.,AskReddit
dwpfv93,Feelin like perc nowitzki,"""I got some xans mixed with purp, I'm shooting shots at em call me young Dirk (swish!) I guess she wanna slurp, she got the thirst. I popped a couple percs, slow down I need some syrup!""",opiates
dwpfy3g,"Legit oxys 10s, yellow bars, good blow, and some weed.","Yeah I hate coke by itself, I need the oxys, xans, and weed for the comedown.",opiates
dwpowxw,"Legit oxys 10s, yellow bars, good blow, and some weed.","They came from a script bottle, just like the xans.",opiates
dwpp8f0,"Legit oxys 10s, yellow bars, good blow, and some weed.","Will do, I'll probably take two percs after I'm coming down off the white girl.",opiates
dwprjtw,"Legit oxys 10s, yellow bars, good blow, and some weed.","Well, they're excellent fakes if so, im prescribed 90mg of xanax 3x a day. I cannot tell the difference between taking two of my script (which would be 2mg) or taking one of these yellow bars.",opiates
dwprxyj,"Legit oxys 10s, yellow bars, good blow, and some weed.","Thanks, I'm conscious of the dangers. I wait until I'm fully off coke, which is the only upper I do, and then I take the downers for the comedown and just to feel good again.",opiates
dwpsvfv,Feelin like perc nowitzki,Haha you know yung nation I suppose huh?,opiates
dwpuiuy,"Legit oxys 10s, yellow bars, good blow, and some weed.",I'm pretty sure I know bars when I see them. They taste just right and everything. Perhaps the angle and flash from the camera make them look off.,opiates
dwpujq8,"Legit oxys 10s, yellow bars, good blow, and some weed.","I'm know my benzos, they're real.",opiates
dwput95,"Legit oxys 10s, yellow bars, good blow, and some weed.","Seriously? I'm obviously a little defensive, but they're as real as it gets. I can take a close up picture and they'll look right out of the script bottle.",opiates
dwqboiy,"Legit oxys 10s, yellow bars, good blow, and some weed.","Damn I didn't know you were a pharmacist. It's kinda odd my plug only gets these around the 10th of every month. If they were fakes they wouldn't run out. They also get scripted narcos that same day, but whatever I guess I don't know anything.",opiates
dwqbyve,What is the largest way where people waste money?,"My drugs habits, which include alcohol, Xanax, opiates when I can get them, and the weed I sell to support these habits.",AskReddit
dwqcaci,"Legit oxys 10s, yellow bars, good blow, and some weed.","Yup, one image on Reddit is all you need, all mighty street pharmacist.",opiates
dws0t8u,Hillary Clinton on Donald Trump: We Haven't 'Seen the Bottom Yet',Welcome to hell (:,worldnews
dwuarlq,The Spurs are 31-8 at home and 14-25 on the road,Yassss,nba
dwvubjn,"Legit oxys 10s, yellow bars, good blow, and some weed.",Yeah I a lot of people are saying they're fake but I see them get pulled our of the script bottle when I re up the 10th of every month.,opiates
dwvueo7,"Legit oxys 10s, yellow bars, good blow, and some weed.",I've been using street Xanax for 5 years.. I'm pretty sure I know I fake see one. I know people call them school busses but they're just yellow bars to me at the end of the day,opiates
dwxnxmz,Would you rather have Derrick Rose at 21 or Kobe at 21 for one season?,"Kobe, hands down.",nba
