Submission_ID,Submission_Title,Submission_Text,Subreddit
4qhjym,Questions about xans and acid.,"I don't actually think you're fucked if you can change your mentality, but if you're gonna try to be scarface.. well I'm sure you know what happens to that guy. If your use is truly that minimal, then just don't take them anymore. I've had serious health issues, been in dangerous situations, and have lost a lot due to this shit. I honestly think you just need to hear how harsh the consequences of the dealer lifestyle is. The comment was an attempt to get you to question what is you're doing, and hopefully you're a little more aware now. I truly wish you the best.",Drugs
58kyne,"Took acid last Saturday, should I Candyflip for the Neon Indian concert tomorrow?","I don't actually think you're fucked if you can change your mentality, but if you're gonna try to be scarface.. well I'm sure you know what happens to that guy. If your use is truly that minimal, then just don't take them anymore. I've had serious health issues, been in dangerous situations, and have lost a lot due to this shit. I honestly think you just need to hear how harsh the consequences of the dealer lifestyle is. The comment was an attempt to get you to question what is you're doing, and hopefully you're a little more aware now. I truly wish you the best.",Drugs
5qp84t,"MOLLY, LSD, $UICIDEBOY$, and Butterfly Knifes.","I don't actually think you're fucked if you can change your mentality, but if you're gonna try to be scarface.. well I'm sure you know what happens to that guy. If your use is truly that minimal, then just don't take them anymore. I've had serious health issues, been in dangerous situations, and have lost a lot due to this shit. I honestly think you just need to hear how harsh the consequences of the dealer lifestyle is. The comment was an attempt to get you to question what is you're doing, and hopefully you're a little more aware now. I truly wish you the best.",Drugs
6rg3ur,"Probably will die due to my using in a couples years or less, this is not a cry for help.","I don't actually think you're fucked if you can change your mentality, but if you're gonna try to be scarface.. well I'm sure you know what happens to that guy. If your use is truly that minimal, then just don't take them anymore. I've had serious health issues, been in dangerous situations, and have lost a lot due to this shit. I honestly think you just need to hear how harsh the consequences of the dealer lifestyle is. The comment was an attempt to get you to question what is you're doing, and hopefully you're a little more aware now. I truly wish you the best.",Drugs
6sf7ko,"Xanax, alcohol, and Butterfly knifes.","I don't actually think you're fucked if you can change your mentality, but if you're gonna try to be scarface.. well I'm sure you know what happens to that guy. If your use is truly that minimal, then just don't take them anymore. I've had serious health issues, been in dangerous situations, and have lost a lot due to this shit. I honestly think you just need to hear how harsh the consequences of the dealer lifestyle is. The comment was an attempt to get you to question what is you're doing, and hopefully you're a little more aware now. I truly wish you the best.",Drugs
6sggmm,Anyone else not mind xxxtentacion's xxl cypher?,"I don't actually think you're fucked if you can change your mentality, but if you're gonna try to be scarface.. well I'm sure you know what happens to that guy. If your use is truly that minimal, then just don't take them anymore. I've had serious health issues, been in dangerous situations, and have lost a lot due to this shit. I honestly think you just need to hear how harsh the consequences of the dealer lifestyle is. The comment was an attempt to get you to question what is you're doing, and hopefully you're a little more aware now. I truly wish you the best.",XXXTENTACION
726nj0,I tried herion for the first time a couple days ago.,"I don't actually think you're fucked if you can change your mentality, but if you're gonna try to be scarface.. well I'm sure you know what happens to that guy. If your use is truly that minimal, then just don't take them anymore. I've had serious health issues, been in dangerous situations, and have lost a lot due to this shit. I honestly think you just need to hear how harsh the consequences of the dealer lifestyle is. The comment was an attempt to get you to question what is you're doing, and hopefully you're a little more aware now. I truly wish you the best.",Drugs
7bs6i2,"Went on a heroin binge almost two months ago, haven't shot up since. It was my first and only time doing it.","I don't actually think you're fucked if you can change your mentality, but if you're gonna try to be scarface.. well I'm sure you know what happens to that guy. If your use is truly that minimal, then just don't take them anymore. I've had serious health issues, been in dangerous situations, and have lost a lot due to this shit. I honestly think you just need to hear how harsh the consequences of the dealer lifestyle is. The comment was an attempt to get you to question what is you're doing, and hopefully you're a little more aware now. I truly wish you the best.",opiates
7nqxqf,Day 2 no Alcohol,"I don't actually think you're fucked if you can change your mentality, but if you're gonna try to be scarface.. well I'm sure you know what happens to that guy. If your use is truly that minimal, then just don't take them anymore. I've had serious health issues, been in dangerous situations, and have lost a lot due to this shit. I honestly think you just need to hear how harsh the consequences of the dealer lifestyle is. The comment was an attempt to get you to question what is you're doing, and hopefully you're a little more aware now. I truly wish you the best.",Drugs
897gcq,"Legit oxys 10s, yellow bars, good blow, and some weed.","I don't actually think you're fucked if you can change your mentality, but if you're gonna try to be scarface.. well I'm sure you know what happens to that guy. If your use is truly that minimal, then just don't take them anymore. I've had serious health issues, been in dangerous situations, and have lost a lot due to this shit. I honestly think you just need to hear how harsh the consequences of the dealer lifestyle is. The comment was an attempt to get you to question what is you're doing, and hopefully you're a little more aware now. I truly wish you the best.",opiates
rgwdu,Cannabis and Tolerance.,"I don't actually think you're fucked if you can change your mentality, but if you're gonna try to be scarface.. well I'm sure you know what happens to that guy. If your use is truly that minimal, then just don't take them anymore. I've had serious health issues, been in dangerous situations, and have lost a lot due to this shit. I honestly think you just need to hear how harsh the consequences of the dealer lifestyle is. The comment was an attempt to get you to question what is you're doing, and hopefully you're a little more aware now. I truly wish you the best.",Drugs
