Comment_ID,Comment_Submission,Comment_Text,Subreddit
dnmqskk,Which books would you like seen made into a movie?,Wool by Hugh Howey! Every since reading his Wool series I just want to see that world on the big screen!,books
dnmrfbi,What’s your most poetic book you’ve read?,"Station Eleven by Emily St. John Mandel. I can't really describe it, it's just beautiful. There is tragedy and beauty and stories weaved together like an elaborate tapestry. The author is a wordsmith.",books
dodulx9,"TIL there's a missing link in the European bison lineage that scientists call the ""Higgs Bison.""","Somewhat related story: when me and my husband were first dating he took me to a cute restaurant in Little Italy NYC and I ordered a Buffalo Mozzarella appetizer. While I was eating, I commented that I didn't understand why they didn't source cheese from cows closer to NYC and that Buffalo seemed a bit far. Plus, I thought the cheese tasted a bit odd. He kindly explained that the cheese was not from Buffalo NY but from A buffalo. I'm glad he didn't stop dating me at that point.",todayilearned
dovxh2q,My mom is moving out of state and doesn’t want me to go with her and won’t co-sign a lease for me + I don’t know how to afford.... life?? Help,You can also reach out to your local welfare office. They usually have lists of food pantries and you can sign up for Medicaid due to having low income right now. They can also help you get on a list for subsidized housing (although that may take a while because households with young children and the elderly usually go to the top of the list). At least the medical coverage can help with your meds and allow you to save money until you find full time work.,personalfinance
dpwwtg2,What show never declined in quality?,The IT Crowd. I laugh at every episode and I've re-watched it multiple times. British comedies stand up to the test of time. Another good one is Black Books.,AskReddit
dqjin2m,"Mr. Robot - 3x08 ""eps3.7_dont-delete-me.ko"" - Live Episode Discussion","His generation is so good with tech, he might be a Junior hacker. Especially having Trenton as a big sister. FSociety 2.0",MrRobot
dqjja03,"Mr. Robot - 3x08 ""eps3.7_dont-delete-me.ko"" - Live Episode Discussion",The cinematography of the ice cream truck was great. Now I want a cone.,MrRobot
dqm2jvb,What is the weirdest thing about humans?,Dad?,AskReddit
dqzhf4a,PsBattle: Tim Cook in a meeting.,Meep...,photoshopbattles
drmd8rw,"What item once you get a taste of the luxury version, can't go back to the economy version?",I haven't found anything better for me than Benefit's They're Real. It lengthens lashes incredibly.,AskReddit
dro4w1n,[I ate] tomahawk steak medium with mushroom sauce and chips,I love that the fries are in baskets to keep the outside crispy!!,food
dro54dw,Disabled girl does a super scoot,That's the hardest I've laughed all week!!! Thank you!,Zoomies
drqujak,They bought their disabled dog some new wheels for Christmas!,It looks like crying a happy tear 💧😂,aww
drtxdzl,"Couldn't decide which colour Lab I liked best, so I got all 3!",Sounds a ton like my boxer except he prefers Dove soap to ivory.,rarepuppers
ds04345,My story...,Look at what you wrote from someone else's perspective for a moment. It sounds like you were handed a ton of opportunities and squandered each and every one of them. The best thing is to hit rock bottom sometimes and have zero support and only one choice to make. That choice is to actively choose to get clean. I hope you succeed. Good luck and keep your head up.,opiates
ds6rnbm,AP NewsBreak: US to end policy that let legal pot flourish,Username checks out (?),news
dtkwayc,"Americans who visited Europe, what was your biggest WTF moment?","I'm American and I drink room temp water. Everyone thinks I'm strange for it, even my family. I like that I can drink it fast without getting brain freeze.",AskReddit
dtsqycs,Giannis Antetokounmpo gives a young fan his own hoodie to cover up a Big Baller Brand hoodie,I'm the same gal,sports
dud0iu9,"Thirteen Russians criminally charged for interfering in US election, Mueller announces",I thought you were joking until I read the BBC article.,news
duo322n,"What ""I know it sounds weird, but just try it"" thing do you swear by?","For the hiccups: get a glass of water and put it under you upper lip. Slowly bend over as far as you can and drink a gulp or two of water from the glass while bent down over the cup (the bottom of the cup should be pointed toward your chest).  When you stand up, your hiccups will be gone.",AskReddit
dvbvjkt,Moving into my first house from an apartment. What are the things I need and everyone forgets?!,A Shop Vac. I use one way more than I thought I would during home reno projects.,personalfinance
dwufvek,At home it's weird for two people to eat two different things for dinner but at a restaurant it's weird to order the same thing.,"We have fend-for-yourself-Thursdays. At that point in the week, I'm out of dinner ideas.",Showerthoughts
dwuz0in,And they say they are hard to get .. 🧐,So true. They will deny women for the same issues men get Rxs for. I'm so fed up with doctors at this point.,opiates
dwuz98e,And they say they are hard to get .. 🧐,Hang in there. I'm 35ish lol and in a similar situation. I'm doing pain management now and all they will give me is anti-inflammatory junk. I've had a spinal condition since I was 17 and it's getting worse with no help in sight.,opiates
dwxe1gv,I hate periods,My friend got something called an ablation. She had very heavy painful periods and she said the procedure helped her. I am afraid to get it done for myself because I have a retroverted uterus but I might talk to my gyno about it to see if it's an option.,TwoXChromosomes
