Comment_ID,Comment_Submission,Comment_Text,Subreddit
dwlkv4h,"[FIGHT THREAD] ANTHONY JOSHUA VS JOSEPH PARKER, ALEXANDER POVETKIN VS DAVID PRICE, RYAN BURNETT VS YONFREZ PAREJO, JOSH KELLY VS CARLOS MOLINA, ANTHONY CROLLA VS EDSON RAMIREZ & MORE + LIVE ROUND BY ROUND COVERAGE",Idk this isn't a good game plan by parker.,Boxing
dwlmh95,"[FIGHT THREAD] ANTHONY JOSHUA VS JOSEPH PARKER, ALEXANDER POVETKIN VS DAVID PRICE, RYAN BURNETT VS YONFREZ PAREJO, JOSH KELLY VS CARLOS MOLINA, ANTHONY CROLLA VS EDSON RAMIREZ & MORE + LIVE ROUND BY ROUND COVERAGE",Holy fuck what a sham. From the undercard to the ref. I'm kinda pissed I wasted my morning and afternoon on that bullshit.,Boxing
dwlmo9d,"[FIGHT THREAD] ANTHONY JOSHUA VS JOSEPH PARKER, ALEXANDER POVETKIN VS DAVID PRICE, RYAN BURNETT VS YONFREZ PAREJO, JOSH KELLY VS CARLOS MOLINA, ANTHONY CROLLA VS EDSON RAMIREZ & MORE + LIVE ROUND BY ROUND COVERAGE","119-109

Lol british boxing should have its own sub.",Boxing
dwlngl3,"[FIGHT THREAD] ANTHONY JOSHUA VS JOSEPH PARKER, ALEXANDER POVETKIN VS DAVID PRICE, RYAN BURNETT VS YONFREZ PAREJO, JOSH KELLY VS CARLOS MOLINA, ANTHONY CROLLA VS EDSON RAMIREZ & MORE + LIVE ROUND BY ROUND COVERAGE","Yes, walking around in fog all day is the tits m8",Boxing
dwlobkm,Anthony Joshua vs. Joseph Parker,"Broke them up sooner than bernie supporters break up their freshly scored dime-bag.

Am I doing this right? Idk.. w/e",Boxing
dwls1ps,Anthony Joshua vs. Joseph Parker,Do ppl not break up their bud anymore haha,Boxing
dwmxxdd,People get stressed out because of me and i don't get why,Alot of people say my tone is condescending even when I don't mean it to be. I think it's classic ENTP.,entp
dwnfbv1,BBC: What next for Anthony Joshua?,As a fan i am upset with his situation but honestly if I was him i would ride this wonderful situation he's in. Fuck it I'd sell out stadiums in the UK for the next couple years fighting 5-20 ranked guys and invest the money. He could make some serious acute money fighting wilder but it is a huge risk because if he gets KO'D hid stocks will plummet. He's only 28. He should milk it for everything it's worth. He has the refs and judges on his side so his risk is minimal,Boxing
dwngrmv,BBC: What next for Anthony Joshua?,"Possible, do u think that wilder is down for a rematch tho? He's smart enough to realize if he beats AJ there's a possibility he can lose in a rematch. Idk. These guys are about money. Both will prolly keep it that way.",Boxing
dwootcl,Best heavyweight match ups other than AJ wilder,Glad someone mentioned kownacki. Think he could possibly KO some of the top 5 ranked.,Boxing
dwop4bh,Fake Personalities in Boxing,I'm 100% certain the charlos are not really the shit bags they try to lead you on to believe that they are. It's all an act the whole thing. They are probably super chill behind closed doors.,Boxing
dwox5hp,What is the silliest name you've ever heard of for a person?,"British last names are hilarious.

Cheeseman

Sexton

Cornish
 
Just some recent ones I heard.",AskReddit
dws377i,Golden Boy Prez Hopes To Have Canelo Fight By The Summer,Interesting you don't think they would work something out for even 75% of the value? I guess he could try to do this again in 2019 but there is no guarantee ggg or Canelo won't sustain any sort of injury. Kind of a bird in one hand 2 birds in a bush type. Idk tomorrow isn't promised and even a good fraction is still a lot of $$$$ in this situation.,Boxing
dwsy03x,"Julian Williams' Coach Gives Lara Edge Over Hurd, Talks Gallimore","Think hurd has slicker skills than he leads us on to believe of late. The fans who dont seem to be very high on him are the ones who have only watched the harrison and trout fight. Galarza and the fights after, he demonstrated some pretty slick movement and countering.

But yeah there is a possibility he just gets completely outclassed and loses a decision... a real risk for anyone fighting lara.",Boxing
dwt0ofy,Man Koed while returning stolen/lost phone,"Straight up I found an iphone x brand new in the box last week in a bag on a sidewalk outside a house. The good person somewhere in me wanted to find the owner directly and return his phone, but then shit like this comes to mind and just turned it into the police instead.",StreetFights
dwu2owq,"When you watch a boxing match, what is it that you watch and look out for in the fighters? And what do you base your scoring on as the rounds progress?","Mines kind of obscure but I just look for who looks to be the most frustrated fighter, like who is getting bothered the most by the other man. This is why I have scored fights a certain way. Lara vs canelo is a good example. Canelo was doing what he could but he looked visibly annoyed during the fight and in my books had lara edge it for that reason. Also why I felt canelo/jacobs bothered ggg so I had those ones close or them edging them over ggg.",Boxing
dwubgvu,"When you watch a boxing match, what is it that you watch and look out for in the fighters? And what do you base your scoring on as the rounds progress?",Idk I saw it differently granted I watched it only live but felt that ggg was getting frustrated and he lost points on my scorecard cuz of it. Maybe if I rewatch I'd feel differently.,Boxing
dww6pjf,"Mexican president to Trump: Direct your frustrations at Congress, not Mexicans",Lol by your logic nowhere in the world is a failed state either.,worldnews
dww7ajw,"Mexican president to Trump: Direct your frustrations at Congress, not Mexicans",Idk Mexican squirrels are thieves and rapists so....,worldnews
dww7v2l,"Mexican president to Trump: Direct your frustrations at Congress, not Mexicans","I'd say so but to use ""*where I'm at* its good"" is a terrible argument. Someone from literally any place in the world can use that, and to sustain an argument that the governing body of Mexico is somehow more democratic or even more sufficient than the U.S. is utterly absurd.",worldnews
dww9qml,"Mexican president to Trump: Direct your frustrations at Congress, not Mexicans","I mean there's problems *everywhere* the US is no exception. If you think Mexico has a better democratic state than the US tho, ur an idiot and are not worth arguing with.",worldnews
dwwa96h,"Mexican president to Trump: Direct your frustrations at Congress, not Mexicans","Yes, I've never left my mother's basement in syria.",worldnews
dwx5kue,"Mexican president to Trump: Direct your frustrations at Congress, not Mexicans","... If they were on equal levels, millions of mexicos citizens wouldn't flee to the other, risking everything they have in order to try to live in a *better life* in the US. It's not the other way around. Don't let your bias cloud your judgement here.",worldnews
dwx704b,"Young Britons have never been unhappier, research suggests - Young people’s happiness across every single area of their lives has never been lower, research by the Prince’s Trust has found.",Movies are the same. Hollywood is only banking on political unrest.,worldnews
dwxcuzd,I have never done any opiates. I've been browsing this sub for ~2 hours now.,"At what point is it considered out of hand? I've been abusing norcos/tramadols off and on for 5 years. I haven't gone to the street looking for them or anything, really only get em when my uncle throws me like 20 of them at a time every few months. I read stories here and it makes me paranoid that like it's 100% certain in only a couple more months I'll be at a point Im nodding out after shooting up. 

Never the less, does seem like it could be a slippery slope. The best feeling I have ever had off of any drug period was 40 minutes after taking 20mg of oxycodone 6 years ago. I'll never forget that.",opiates
