Submission_ID,Submission_Title,Submission_Text,Subreddit
7s6nmo,How important is commute time to you?,Idk this isn't a good game plan by parker.,personalfinance
7so3i0,"CMV: If you enjoy playing MMORPG games, you are a capitalist at heart.",Idk this isn't a good game plan by parker.,changemyview
7v43ac,"What is your ""fake it til' you make it"" career story?",Idk this isn't a good game plan by parker.,AskMen
7vr467,"Those of you who have switched from your smart phone back to the classic flip or basic cellphone, how has your life improved or declined?",Idk this isn't a good game plan by parker.,AskMen
7wawl1,What is the dumbest thing you've ever asked or stated?,Idk this isn't a good game plan by parker.,AskMen
7wqkx7,Fantasy Match Up: Miguel Berchelt vs Mikey Garcia at super featherweight.,Idk this isn't a good game plan by parker.,Boxing
7ww6a9,"CMV: If you're under 25 years old, you should be able to serve the military in lieu of criminal incarceration sentences from sentences under 12 months.",Idk this isn't a good game plan by parker.,changemyview
7xbe17,(Request) someone who works in the boxing industry not as a trainer or boxer.,Idk this isn't a good game plan by parker.,AMA
7xbv0i,"Military veteran here with first full-time job offer. Questions about salary negotiation, what your opinions are on how this would work for me.",Idk this isn't a good game plan by parker.,personalfinance
7y1hxu,"CMV: Child support rates should be flat based on the local COL, with only additional payments due when the child has special needs.",Idk this isn't a good game plan by parker.,changemyview
7zbxzu,"Those who have no college degree, what do you do and how much do you make? Do you feel you are paid fairly?",Idk this isn't a good game plan by parker.,AskMen
7zced5,"CMV: The people who believe that ring-girls should be banned from boxing events to combat objectification, should also advocate a strict dress code for women at nightclubs and bars.",Idk this isn't a good game plan by parker.,changemyview
801yg0,Trying to help out an old friend who discharged under honorable conditions (general),Idk this isn't a good game plan by parker.,Veterans
80gf7e,[Boxing] Scott Westgarth passes away after a tough win in his boxing match this last weekend. Future boxing bets in UK discussion.,Idk this isn't a good game plan by parker.,sportsbook
80z880,"CMV: In light of Scott Westgarth's death, there has been a public call to ban the sport of boxing, particularly in the UK. I believe banning anything where all parties are consenting is immoral.",Idk this isn't a good game plan by parker.,changemyview
813el5,"What is your craziest ""small world"" story?",Idk this isn't a good game plan by parker.,AskMen
82axie,Starting next Monday as a Sr. Maintenance Mechanic for a Biolab Pharmaceutical company. This will be my very first real civilian employee position. Any last minute advice from you guys?,Idk this isn't a good game plan by parker.,IndustrialMaintenance
82kziq,Pay 100 a month for verizon phone. What is the go to switch in order to keep a smartphone with data?,Idk this isn't a good game plan by parker.,Frugal
834hj8,Boxing: 3/9/2018 Discussion,Idk this isn't a good game plan by parker.,sportsbook
8381wr,Someone please make a ratemynco.com,Idk this isn't a good game plan by parker.,army
841jo3,"Help, i'm losing faith in new releases.",Idk this isn't a good game plan by parker.,movies
848j00,What is the most common delusion you come across that people have?,Idk this isn't a good game plan by parker.,AskMen
849p5w,Daily usage and dosage,Idk this isn't a good game plan by parker.,ambien
87va9y,"Found a bag with weed and a brand new iPhone x in the box, what to do?",Idk this isn't a good game plan by parker.,AskMen
88dqlk,What would you say the average seller is willing to negotiate down to?,Idk this isn't a good game plan by parker.,Flipping
