Comment_ID,Comment_Submission,Comment_Text,Subreddit
dvy0ohm,"friend gave me these, didn't give name just 10mg each he says. How/When do I take them?","You're tripping my dude methadone will rock your world if you take the right dose.  I went to a methadone clinic for years and got high daily.  I've taken some as recently as a year ago and they still fuck me up solid.

OP if you have zero tolerance to opiates I would break one of those quarters in half and take it.  It takes over an hour for methadone to kick in so don't take more fifteen minutes later thinking it didn't work.   If you have a tolerance then it's up to how much H or oxy you take daily.   I was taking about 100 mgs of oxy/day and 40 mgs of methadone would get me right.",opiates
dw83146,"Good morning world, I been doin good saving shit for the next day. next mission making the squad breakfast, before we start the day. Am I the only one that can eat and do white?","If you take pills you want an empty stomach.  Common sense move right there.  Hell that's probably the only reason I'm not overweight.  I don't take pills until after my 9-5 and I won't eat until I've been high at least an hour (I also feel it can take away from the high but if you eat on the very beginning of the comedown it can revive a high).

So basically for years I've not eaten much, if anything, throughout the day in anticipation of a good high.",opiates
dw83je3,DAE feel like we are using opiates because we have been blocked off from our real purpose in life?,"I used to think like you and then I got clean for 4 years.  During this time I finished my college degree, met my wife, got a well paying job, and had a kid.  Around the time my son was born I started chipping and we know what happens from there.

I still have my job but I am on my literal last leg with my wife and kid.  I came clean about my use for probably the third or fourth time with my wife yesterday.  It doesn't matter what you have opiates will always have that place in your heart.  I have a choice right now, I can keep doing opiates or I can keep my family.  I'm going to try to keep my family.

Most people trying to quit will tell you how much they hate opiates and how awful they are..   I don't feel that way.  I love them and wish there was a place for them in my life but I clearly don't have the self control to use them responsibly.   They are too financially draining and they dull your emotions and sex drive.  No human should live their life addicted to opiates.  I've been physically addicted for about 10 of the almost 32 years I've been alive.  As someone who has been on both sides of the fence multiple times the clean life is more fulfilling.  I haven't tried it with my wife and kid in tow yet but I cant imagine the emotion my lil dude is going to bring me when I get back to normal (I'm on day 3 now).  He's 2 and although I have been a solid provider I haven't been much of an interacter.  Looking to change that.  

Just know opiates will always have a pull on you.  You may find a flame that burns hotter for a bit but the opiates flame is steady and bright.  It never goes out I don't think.",opiates
dw83uy3,Ain’t refill day the best y’all!?! Currently feeling damn good.,And they give you some 7.5 percs for that lmao. Nigga u should be getting roxy 30s for all that shit.,opiates
dw87mbl,What’s the most disgusting thing you’ve ever done in your life? (NSFW),"I shit in a car wash drain bc the exterior bathroom at a gas station was locked and I didn't have time to make it to the clerk to get the key.  Car wash was 10 feet away.  Quickly (I mean VERY quickly) pulled my car into the stall, opened driver and passenger door for view blockage, ripped off shirt and held up to block view from exposed side number 3.   As soon as I had my setup in place EXPLOSIVE diarrhea goes down the drains.   Use shirt to wipe ass and throw in trash.   Drop $1.25 in the car wash to rinse the damn floor.  Head to the doctor that I was originally going to for stomach problems in the first place, now shirtless.

There is a whole other story to that day that makes it possibly the most memorable day of my life but that's one for another time.  All I can say is shitting in the car wash is a valid option if you're desperate.  It can be done.",AskReddit
dw87p47,"Just ignore my son, like I do.",Honestly tho it's better than I expected when you see the face associated with it.,trashy
dw8d4ub,DAE feel like we are using opiates because we have been blocked off from our real purpose in life?,"Had a scare where I thought I may have some twins.  Slept with a taken woman and she ended up pregnant soon afterwards.   Turned out to not be mine but I was a total loser at the time and when I heard she was pregnant I knew I had to get my shit in gear just in case they were mine.   Heard they were twins and really kicked recovery into high gear.  Had been using for so long I enjoyed the clean life.  Excelled at school and work but then I thought I could fuck around, it bit me in the ass.",opiates
dwbj02b,Yum,I got a bunch of fakes like these a few months ago.  Couldn't believe someone would waste their time pressing tabs.,opiates
dwc2zh5,Yum,"They made me sick as a motherfucker.  Idk what was in it but it wasn't opiates(no pinpoint pupils).  I was very skeptical too bc I had thought I had gotten fakes from this source before (took 12 tab tens and didn't get high, but didn't get sick).  I looked at them very closely and decided they were legit.  Fucking thought I was going to die I got so sick.

There were some M523 percs made out of the same shit that I got through another middle but from the same source I later discovered.   I heard some people went to the hospital over them but I don't know what became of it.   I would like to find out what was in them.

The second time it happened I took 9 of the fake percs (inspected them very closely, even holding them up to my phone with a pic of a 523 pulled up and STILL fell for these motherfuckers!).  My wife and I were about to drive back to our family's house 4 hours away with the kid.   I copped these and was throwing my guts up within an hour.  Left to ""go to the store"" and come back deathly ill.. not suspicious at all.  

Anyways.. tell her to take the kid and go and I will be behind them in my truck shortly (we typically drive separately as we have a lot of people to see when we go home) but I just laid there and wondered if I would die or not.  It fucking sucked so bad and I would only wish that feeling on one person.. the motherfucker dealing these pills.

You can check my post history I posted about it when it was happening bc I was legit worried about dying.   I was hiding my addiction (I recently came clean) and didn't wanna go to the doc.  Very scary experience and I feel so stupid for going through it twice!  I'm hoping to stay clean now but yeah be careful this was in rural middle America.  Shit can happen anywhere!",opiates
dwc3ftb,Yum,"The first ones I got I agree on all that.  The second set of fakes I got (which were m523 perc 10s) were fuckin pristine.   I had these little bitches right up to a google image on my phone.  Broke one and tasted one.  I thought the taste was a little off but everything else was so dead on I fell for that shit again!  bro I used to think I was a pill connoisseur and this just made me feel like I went back to pillhead preschool.  

I'm too old for this game anymore... I don't have the sack i used to to stand up for myself and my money and I got too much to lose (which is the main reason for not taking shit to the next level when I need to!! Not worth it for me!)",opiates
dwdan2d,Yum,I'm just glad the ones I took didn't have fent or I'd be dead.  I wish I knew what was in them.,opiates
dwfqf1z,Running doesn't get you high.,"I ran track and cross country in high school and I don't think you can get runner's high from a 3 mile run.  We ran 3 miles every morning and I've never experienced it.  

I believe this is something that even marathon runners have a hard time achieving and that's 26 miles.",opiates
dwfz8c4,Good day,They're saying it's the best far cry to date.   To me there has been no improvement since 3 so hopefully they're right.  I won't pay $60 for a game these days tho.  Steam has ruined me on that.,opiates
dwmlc2a,Anatomy of a dope fiend (original artwork),You're not stealing bc you're high on opiates.  You're stealing bc you're sober and you need to be high.,opiates
dwp73h5,"I’m sick and tired of this, and nobody wants to help me. I’m a grown ass man and I’m crying right now.","This OP.  This is your quickest route to anything that resembles relief.  It is worth the effort to get your hands on loperamide as it helps many withdrawal symptoms, not just diarrhea.",opiates
dwp7h29,"First time with oxycodone, probably won’t feel much but still excited :)",The same could be said about your existence but no one is complaining.,opiates
dwp8xvu,Do you guys think I passed my drug test?,Idk about the alcohol but you are money on the heroin.  9 days is more than enough.,opiates
dwq72ee,Do you guys think I passed my drug test?,I've taken a shit load of drug tests.  It just depends on how your system is running at the time...  I don't think you have to worry about anything past 5 days.,opiates
dwqnzjf,IV use is not for everyone,"I have a healthy habit and have shot up three times in 12 years.  It's not everyone's cup of tea my man.  I hit myself with dilaudid maybe a month ago and I'm back to eating pills.  I've IV'd oxy and I've IV'd meth.. just like OP I don't like sticking myself and I don't like the bruising.  It's not worth it for me.

Some people (even those with habits) don't like it.",opiates
dwqp032,"Please help! Methadone levels cut, counselor not taking responsibility or helping resolve my problem.","Just curious but what would calling OSHA do for you?  I'm an occupational health and safety professional and this is not their territory.  Unless it is your workplace putting you in danger, OSHA is not the agency to call.",opiates
dwqpou6,"Please help! Methadone levels cut, counselor not taking responsibility or helping resolve my problem.",You would contact the DEA not OSHA.,opiates
dwrhoqa,I was delivering pizzas in the rain at 2 am and thought this alleyway looked cool,Lmao thanks for that.   Cracked my shit up.,pics
dwrhvw8,I was delivering pizzas in the rain at 2 am and thought this alleyway looked cool,Man.  I've pissed in public so many times too.  Right in the middle of fucking old town Pasadena one night.  I always kinda thought those sex offender for pissing in public stories were bogus.  I'd probably just move straight to the hardcore criminal life if I caught a charge like that no lie.  Forget that noise!,pics
dwrmp88,I was delivering pizzas in the rain at 2 am and thought this alleyway looked cool,I'm pretty sure you can look up the charge on those watchdog websites and tell pretty quickly they're lying about pissing in public.,pics
dwru4jh,I was delivering pizzas in the rain at 2 am and thought this alleyway looked cool,"I've seen it.  There are a bunch of scam websites but I have looked at specific charges of people in my neighborhood.   It's familywatchdog.us

I'm on there right now looking at people's charges in my town.  Rape - Second Degree..  ""Well man, I don't think the peeing in public story is gonna fly anymore.""",pics
