Submission_ID,Submission_Title,Submission_Text,Subreddit
6n403z,E794 Opana,"You're tripping my dude methadone will rock your world if you take the right dose.  I went to a methadone clinic for years and got high daily.  I've taken some as recently as a year ago and they still fuck me up solid.

OP if you have zero tolerance to opiates I would break one of those quarters in half and take it.  It takes over an hour for methadone to kick in so don't take more fifteen minutes later thinking it didn't work.   If you have a tolerance then it's up to how much H or oxy you take daily.   I was taking about 100 mgs of oxy/day and 40 mgs of methadone would get me right.",opiates
6nj154,Opana withdrawals?,"You're tripping my dude methadone will rock your world if you take the right dose.  I went to a methadone clinic for years and got high daily.  I've taken some as recently as a year ago and they still fuck me up solid.

OP if you have zero tolerance to opiates I would break one of those quarters in half and take it.  It takes over an hour for methadone to kick in so don't take more fifteen minutes later thinking it didn't work.   If you have a tolerance then it's up to how much H or oxy you take daily.   I was taking about 100 mgs of oxy/day and 40 mgs of methadone would get me right.",opiates
6o1yno,15x 7.5 hydrocodone for 2 molar extractions,"You're tripping my dude methadone will rock your world if you take the right dose.  I went to a methadone clinic for years and got high daily.  I've taken some as recently as a year ago and they still fuck me up solid.

OP if you have zero tolerance to opiates I would break one of those quarters in half and take it.  It takes over an hour for methadone to kick in so don't take more fifteen minutes later thinking it didn't work.   If you have a tolerance then it's up to how much H or oxy you take daily.   I was taking about 100 mgs of oxy/day and 40 mgs of methadone would get me right.",opiates
6oft3n,How much can you overdraw a chase checking account?,"You're tripping my dude methadone will rock your world if you take the right dose.  I went to a methadone clinic for years and got high daily.  I've taken some as recently as a year ago and they still fuck me up solid.

OP if you have zero tolerance to opiates I would break one of those quarters in half and take it.  It takes over an hour for methadone to kick in so don't take more fifteen minutes later thinking it didn't work.   If you have a tolerance then it's up to how much H or oxy you take daily.   I was taking about 100 mgs of oxy/day and 40 mgs of methadone would get me right.",opiates
6pdk17,Lope is better than kratom,"You're tripping my dude methadone will rock your world if you take the right dose.  I went to a methadone clinic for years and got high daily.  I've taken some as recently as a year ago and they still fuck me up solid.

OP if you have zero tolerance to opiates I would break one of those quarters in half and take it.  It takes over an hour for methadone to kick in so don't take more fifteen minutes later thinking it didn't work.   If you have a tolerance then it's up to how much H or oxy you take daily.   I was taking about 100 mgs of oxy/day and 40 mgs of methadone would get me right.",opiates
6qt1ng,Clear liquid running from nose??,"You're tripping my dude methadone will rock your world if you take the right dose.  I went to a methadone clinic for years and got high daily.  I've taken some as recently as a year ago and they still fuck me up solid.

OP if you have zero tolerance to opiates I would break one of those quarters in half and take it.  It takes over an hour for methadone to kick in so don't take more fifteen minutes later thinking it didn't work.   If you have a tolerance then it's up to how much H or oxy you take daily.   I was taking about 100 mgs of oxy/day and 40 mgs of methadone would get me right.",AskDocs
6s1gu3,Morphine Dose and Price,"You're tripping my dude methadone will rock your world if you take the right dose.  I went to a methadone clinic for years and got high daily.  I've taken some as recently as a year ago and they still fuck me up solid.

OP if you have zero tolerance to opiates I would break one of those quarters in half and take it.  It takes over an hour for methadone to kick in so don't take more fifteen minutes later thinking it didn't work.   If you have a tolerance then it's up to how much H or oxy you take daily.   I was taking about 100 mgs of oxy/day and 40 mgs of methadone would get me right.",opiates
6svkwg,Day 3 Problems,"You're tripping my dude methadone will rock your world if you take the right dose.  I went to a methadone clinic for years and got high daily.  I've taken some as recently as a year ago and they still fuck me up solid.

OP if you have zero tolerance to opiates I would break one of those quarters in half and take it.  It takes over an hour for methadone to kick in so don't take more fifteen minutes later thinking it didn't work.   If you have a tolerance then it's up to how much H or oxy you take daily.   I was taking about 100 mgs of oxy/day and 40 mgs of methadone would get me right.",opiates
6x62mx,6 Days,"You're tripping my dude methadone will rock your world if you take the right dose.  I went to a methadone clinic for years and got high daily.  I've taken some as recently as a year ago and they still fuck me up solid.

OP if you have zero tolerance to opiates I would break one of those quarters in half and take it.  It takes over an hour for methadone to kick in so don't take more fifteen minutes later thinking it didn't work.   If you have a tolerance then it's up to how much H or oxy you take daily.   I was taking about 100 mgs of oxy/day and 40 mgs of methadone would get me right.",opiates
741bsn,Still battling the beast (shitpost),"You're tripping my dude methadone will rock your world if you take the right dose.  I went to a methadone clinic for years and got high daily.  I've taken some as recently as a year ago and they still fuck me up solid.

OP if you have zero tolerance to opiates I would break one of those quarters in half and take it.  It takes over an hour for methadone to kick in so don't take more fifteen minutes later thinking it didn't work.   If you have a tolerance then it's up to how much H or oxy you take daily.   I was taking about 100 mgs of oxy/day and 40 mgs of methadone would get me right.",opiates
75q0kh,TFW...,"You're tripping my dude methadone will rock your world if you take the right dose.  I went to a methadone clinic for years and got high daily.  I've taken some as recently as a year ago and they still fuck me up solid.

OP if you have zero tolerance to opiates I would break one of those quarters in half and take it.  It takes over an hour for methadone to kick in so don't take more fifteen minutes later thinking it didn't work.   If you have a tolerance then it's up to how much H or oxy you take daily.   I was taking about 100 mgs of oxy/day and 40 mgs of methadone would get me right.",opiates
765kno,Will my wife's credit be greatly affected as an authorized user?,"You're tripping my dude methadone will rock your world if you take the right dose.  I went to a methadone clinic for years and got high daily.  I've taken some as recently as a year ago and they still fuck me up solid.

OP if you have zero tolerance to opiates I would break one of those quarters in half and take it.  It takes over an hour for methadone to kick in so don't take more fifteen minutes later thinking it didn't work.   If you have a tolerance then it's up to how much H or oxy you take daily.   I was taking about 100 mgs of oxy/day and 40 mgs of methadone would get me right.",personalfinance
7cbddj,Ecstasy or no?,"You're tripping my dude methadone will rock your world if you take the right dose.  I went to a methadone clinic for years and got high daily.  I've taken some as recently as a year ago and they still fuck me up solid.

OP if you have zero tolerance to opiates I would break one of those quarters in half and take it.  It takes over an hour for methadone to kick in so don't take more fifteen minutes later thinking it didn't work.   If you have a tolerance then it's up to how much H or oxy you take daily.   I was taking about 100 mgs of oxy/day and 40 mgs of methadone would get me right.",opiates
7ehr14,How long does lope keep you well?,"You're tripping my dude methadone will rock your world if you take the right dose.  I went to a methadone clinic for years and got high daily.  I've taken some as recently as a year ago and they still fuck me up solid.

OP if you have zero tolerance to opiates I would break one of those quarters in half and take it.  It takes over an hour for methadone to kick in so don't take more fifteen minutes later thinking it didn't work.   If you have a tolerance then it's up to how much H or oxy you take daily.   I was taking about 100 mgs of oxy/day and 40 mgs of methadone would get me right.",opiates
7fqfmg,Would tramadol restart oxy withdrawal?,"You're tripping my dude methadone will rock your world if you take the right dose.  I went to a methadone clinic for years and got high daily.  I've taken some as recently as a year ago and they still fuck me up solid.

OP if you have zero tolerance to opiates I would break one of those quarters in half and take it.  It takes over an hour for methadone to kick in so don't take more fifteen minutes later thinking it didn't work.   If you have a tolerance then it's up to how much H or oxy you take daily.   I was taking about 100 mgs of oxy/day and 40 mgs of methadone would get me right.",opiates
7i73tn,When the plug is low key trying to make you quit..,"You're tripping my dude methadone will rock your world if you take the right dose.  I went to a methadone clinic for years and got high daily.  I've taken some as recently as a year ago and they still fuck me up solid.

OP if you have zero tolerance to opiates I would break one of those quarters in half and take it.  It takes over an hour for methadone to kick in so don't take more fifteen minutes later thinking it didn't work.   If you have a tolerance then it's up to how much H or oxy you take daily.   I was taking about 100 mgs of oxy/day and 40 mgs of methadone would get me right.",opiates
7llim2,First for sure experience with fake pills,"You're tripping my dude methadone will rock your world if you take the right dose.  I went to a methadone clinic for years and got high daily.  I've taken some as recently as a year ago and they still fuck me up solid.

OP if you have zero tolerance to opiates I would break one of those quarters in half and take it.  It takes over an hour for methadone to kick in so don't take more fifteen minutes later thinking it didn't work.   If you have a tolerance then it's up to how much H or oxy you take daily.   I was taking about 100 mgs of oxy/day and 40 mgs of methadone would get me right.",opiates
7ma05n,How long does it take to start feeling Xanax WD?,"You're tripping my dude methadone will rock your world if you take the right dose.  I went to a methadone clinic for years and got high daily.  I've taken some as recently as a year ago and they still fuck me up solid.

OP if you have zero tolerance to opiates I would break one of those quarters in half and take it.  It takes over an hour for methadone to kick in so don't take more fifteen minutes later thinking it didn't work.   If you have a tolerance then it's up to how much H or oxy you take daily.   I was taking about 100 mgs of oxy/day and 40 mgs of methadone would get me right.",opiates
7mf93r,Will I experience withdrawals?,"You're tripping my dude methadone will rock your world if you take the right dose.  I went to a methadone clinic for years and got high daily.  I've taken some as recently as a year ago and they still fuck me up solid.

OP if you have zero tolerance to opiates I would break one of those quarters in half and take it.  It takes over an hour for methadone to kick in so don't take more fifteen minutes later thinking it didn't work.   If you have a tolerance then it's up to how much H or oxy you take daily.   I was taking about 100 mgs of oxy/day and 40 mgs of methadone would get me right.",benzodiazepines
7o7fcg,Need someone to talk to for a bit.. took fake pills don't know what was in them.,"You're tripping my dude methadone will rock your world if you take the right dose.  I went to a methadone clinic for years and got high daily.  I've taken some as recently as a year ago and they still fuck me up solid.

OP if you have zero tolerance to opiates I would break one of those quarters in half and take it.  It takes over an hour for methadone to kick in so don't take more fifteen minutes later thinking it didn't work.   If you have a tolerance then it's up to how much H or oxy you take daily.   I was taking about 100 mgs of oxy/day and 40 mgs of methadone would get me right.",opiates
7v237d,Street value of 2 mg hydromorphone (dilaudid),"You're tripping my dude methadone will rock your world if you take the right dose.  I went to a methadone clinic for years and got high daily.  I've taken some as recently as a year ago and they still fuck me up solid.

OP if you have zero tolerance to opiates I would break one of those quarters in half and take it.  It takes over an hour for methadone to kick in so don't take more fifteen minutes later thinking it didn't work.   If you have a tolerance then it's up to how much H or oxy you take daily.   I was taking about 100 mgs of oxy/day and 40 mgs of methadone would get me right.",opiates
7y5eyd,Shit luck,"You're tripping my dude methadone will rock your world if you take the right dose.  I went to a methadone clinic for years and got high daily.  I've taken some as recently as a year ago and they still fuck me up solid.

OP if you have zero tolerance to opiates I would break one of those quarters in half and take it.  It takes over an hour for methadone to kick in so don't take more fifteen minutes later thinking it didn't work.   If you have a tolerance then it's up to how much H or oxy you take daily.   I was taking about 100 mgs of oxy/day and 40 mgs of methadone would get me right.",opiates
82hmxa,Opi/Stoner Showerthought,"You're tripping my dude methadone will rock your world if you take the right dose.  I went to a methadone clinic for years and got high daily.  I've taken some as recently as a year ago and they still fuck me up solid.

OP if you have zero tolerance to opiates I would break one of those quarters in half and take it.  It takes over an hour for methadone to kick in so don't take more fifteen minutes later thinking it didn't work.   If you have a tolerance then it's up to how much H or oxy you take daily.   I was taking about 100 mgs of oxy/day and 40 mgs of methadone would get me right.",opiates
8393wv,Opiate user for over 12 years about to shoot my first dilly. Advice Welcome.,"You're tripping my dude methadone will rock your world if you take the right dose.  I went to a methadone clinic for years and got high daily.  I've taken some as recently as a year ago and they still fuck me up solid.

OP if you have zero tolerance to opiates I would break one of those quarters in half and take it.  It takes over an hour for methadone to kick in so don't take more fifteen minutes later thinking it didn't work.   If you have a tolerance then it's up to how much H or oxy you take daily.   I was taking about 100 mgs of oxy/day and 40 mgs of methadone would get me right.",opiates
84ivr6,A221 Tramadol,"You're tripping my dude methadone will rock your world if you take the right dose.  I went to a methadone clinic for years and got high daily.  I've taken some as recently as a year ago and they still fuck me up solid.

OP if you have zero tolerance to opiates I would break one of those quarters in half and take it.  It takes over an hour for methadone to kick in so don't take more fifteen minutes later thinking it didn't work.   If you have a tolerance then it's up to how much H or oxy you take daily.   I was taking about 100 mgs of oxy/day and 40 mgs of methadone would get me right.",opiates
