Submission_ID,Submission_Title,Submission_Text,Subreddit
2zbkz6,TIDTRT By returning money stuck in the ATM,"The story that the media touts about people switching to heroin after being cut off opiate prescriptions they didn't need wasn't the main driving force in and of itself. As a second order effect however, the excess of opiate scripts that were floating around meant that a lot of pills were sold on the street. The widespread availability resulted in the birth of an uncountable number of addicts that never had to get prescriptions. The availability of opiates started to decrease and the street price of pills doubled or even tripled in some cases. In my experience, this is what caused many people to make the jump to heroin. The fact that the high from pills and the high from heroin are extremely similar plays a big part as well.",TIDTRT
4i8ehb,Tool -- Title Unknown 2016 [Alt metal / Progressive metal] -- Audio leak from new Tool album!,"The story that the media touts about people switching to heroin after being cut off opiate prescriptions they didn't need wasn't the main driving force in and of itself. As a second order effect however, the excess of opiate scripts that were floating around meant that a lot of pills were sold on the street. The widespread availability resulted in the birth of an uncountable number of addicts that never had to get prescriptions. The availability of opiates started to decrease and the street price of pills doubled or even tripled in some cases. In my experience, this is what caused many people to make the jump to heroin. The fact that the high from pills and the high from heroin are extremely similar plays a big part as well.",listentothis
4jmlz1,TIFU by not realizing my first reddit post ever was guilded,"The story that the media touts about people switching to heroin after being cut off opiate prescriptions they didn't need wasn't the main driving force in and of itself. As a second order effect however, the excess of opiate scripts that were floating around meant that a lot of pills were sold on the street. The widespread availability resulted in the birth of an uncountable number of addicts that never had to get prescriptions. The availability of opiates started to decrease and the street price of pills doubled or even tripled in some cases. In my experience, this is what caused many people to make the jump to heroin. The fact that the high from pills and the high from heroin are extremely similar plays a big part as well.",tifu
4vla4r,"Meet my kitten/dog Freedom. He was born this past September 11 which is what his name takes after.. He enjoys light swimming, belly rubs, playing fetch*, and sleeping. * - Fetch at this time is only played with plastic milk jug lids only, non-negotiable.","The story that the media touts about people switching to heroin after being cut off opiate prescriptions they didn't need wasn't the main driving force in and of itself. As a second order effect however, the excess of opiate scripts that were floating around meant that a lot of pills were sold on the street. The widespread availability resulted in the birth of an uncountable number of addicts that never had to get prescriptions. The availability of opiates started to decrease and the street price of pills doubled or even tripled in some cases. In my experience, this is what caused many people to make the jump to heroin. The fact that the high from pills and the high from heroin are extremely similar plays a big part as well.",cat
4vlcv0,"I would like to introduce to everyone to Freedom. He was born this past September 11th, which is the source of his name. He enjoys light swimming, belly rubs, taking long and frequent naps, and playing fetch*. * - Fetch is only possible with a plastic milk jug lid.","The story that the media touts about people switching to heroin after being cut off opiate prescriptions they didn't need wasn't the main driving force in and of itself. As a second order effect however, the excess of opiate scripts that were floating around meant that a lot of pills were sold on the street. The widespread availability resulted in the birth of an uncountable number of addicts that never had to get prescriptions. The availability of opiates started to decrease and the street price of pills doubled or even tripled in some cases. In my experience, this is what caused many people to make the jump to heroin. The fact that the high from pills and the high from heroin are extremely similar plays a big part as well.",cats
548l8m,"Reddit, I just found out my house has bedbugs spread through a roommate's friend. I have now developed a rash on ny arm, any advice?","The story that the media touts about people switching to heroin after being cut off opiate prescriptions they didn't need wasn't the main driving force in and of itself. As a second order effect however, the excess of opiate scripts that were floating around meant that a lot of pills were sold on the street. The widespread availability resulted in the birth of an uncountable number of addicts that never had to get prescriptions. The availability of opiates started to decrease and the street price of pills doubled or even tripled in some cases. In my experience, this is what caused many people to make the jump to heroin. The fact that the high from pills and the high from heroin are extremely similar plays a big part as well.",AskReddit
56y4bz,"My smartphone has twice the processing power of my 10 year old computer, yet when I accidentally set my alarm clock an hour too late, I'm forced to press a button 23 times to correct it.","The story that the media touts about people switching to heroin after being cut off opiate prescriptions they didn't need wasn't the main driving force in and of itself. As a second order effect however, the excess of opiate scripts that were floating around meant that a lot of pills were sold on the street. The widespread availability resulted in the birth of an uncountable number of addicts that never had to get prescriptions. The availability of opiates started to decrease and the street price of pills doubled or even tripled in some cases. In my experience, this is what caused many people to make the jump to heroin. The fact that the high from pills and the high from heroin are extremely similar plays a big part as well.",Showerthoughts
5egc37,Hey guys/gals. Could I get y'alls opinion on whether this is pressed or legit? I think It's real.but heard the guy popping them off had fakes last week. Thank yee!,"The story that the media touts about people switching to heroin after being cut off opiate prescriptions they didn't need wasn't the main driving force in and of itself. As a second order effect however, the excess of opiate scripts that were floating around meant that a lot of pills were sold on the street. The widespread availability resulted in the birth of an uncountable number of addicts that never had to get prescriptions. The availability of opiates started to decrease and the street price of pills doubled or even tripled in some cases. In my experience, this is what caused many people to make the jump to heroin. The fact that the high from pills and the high from heroin are extremely similar plays a big part as well.",opiates
5ewp39,Anyone else have some after Turkey Day super tasty stashes they would like to share?,"The story that the media touts about people switching to heroin after being cut off opiate prescriptions they didn't need wasn't the main driving force in and of itself. As a second order effect however, the excess of opiate scripts that were floating around meant that a lot of pills were sold on the street. The widespread availability resulted in the birth of an uncountable number of addicts that never had to get prescriptions. The availability of opiates started to decrease and the street price of pills doubled or even tripled in some cases. In my experience, this is what caused many people to make the jump to heroin. The fact that the high from pills and the high from heroin are extremely similar plays a big part as well.",opiates
5xqwt8,Government only made heroin illegal because of greedy profiteering,"The story that the media touts about people switching to heroin after being cut off opiate prescriptions they didn't need wasn't the main driving force in and of itself. As a second order effect however, the excess of opiate scripts that were floating around meant that a lot of pills were sold on the street. The widespread availability resulted in the birth of an uncountable number of addicts that never had to get prescriptions. The availability of opiates started to decrease and the street price of pills doubled or even tripled in some cases. In my experience, this is what caused many people to make the jump to heroin. The fact that the high from pills and the high from heroin are extremely similar plays a big part as well.",opiatescirclejerk
61v1cz,Introduction/I think I found my new home,"The story that the media touts about people switching to heroin after being cut off opiate prescriptions they didn't need wasn't the main driving force in and of itself. As a second order effect however, the excess of opiate scripts that were floating around meant that a lot of pills were sold on the street. The widespread availability resulted in the birth of an uncountable number of addicts that never had to get prescriptions. The availability of opiates started to decrease and the street price of pills doubled or even tripled in some cases. In my experience, this is what caused many people to make the jump to heroin. The fact that the high from pills and the high from heroin are extremely similar plays a big part as well.",fentanyl
677icy,"1975 Autographed Photos of Entire Apollo-Soyuz Crew, Handwritten Letter, Original Envelopes & More.","The story that the media touts about people switching to heroin after being cut off opiate prescriptions they didn't need wasn't the main driving force in and of itself. As a second order effect however, the excess of opiate scripts that were floating around meant that a lot of pills were sold on the street. The widespread availability resulted in the birth of an uncountable number of addicts that never had to get prescriptions. The availability of opiates started to decrease and the street price of pills doubled or even tripled in some cases. In my experience, this is what caused many people to make the jump to heroin. The fact that the high from pills and the high from heroin are extremely similar plays a big part as well.",whatsthisworth
82d81m,Sometimes I forget... Warning: Shitpost incoming,"The story that the media touts about people switching to heroin after being cut off opiate prescriptions they didn't need wasn't the main driving force in and of itself. As a second order effect however, the excess of opiate scripts that were floating around meant that a lot of pills were sold on the street. The widespread availability resulted in the birth of an uncountable number of addicts that never had to get prescriptions. The availability of opiates started to decrease and the street price of pills doubled or even tripled in some cases. In my experience, this is what caused many people to make the jump to heroin. The fact that the high from pills and the high from heroin are extremely similar plays a big part as well.",opiates
840d8s,Who's with me?,"The story that the media touts about people switching to heroin after being cut off opiate prescriptions they didn't need wasn't the main driving force in and of itself. As a second order effect however, the excess of opiate scripts that were floating around meant that a lot of pills were sold on the street. The widespread availability resulted in the birth of an uncountable number of addicts that never had to get prescriptions. The availability of opiates started to decrease and the street price of pills doubled or even tripled in some cases. In my experience, this is what caused many people to make the jump to heroin. The fact that the high from pills and the high from heroin are extremely similar plays a big part as well.",Stims
89myvo,What's up my fellow degenerates? Grade A shitpost coming atcha...,"The story that the media touts about people switching to heroin after being cut off opiate prescriptions they didn't need wasn't the main driving force in and of itself. As a second order effect however, the excess of opiate scripts that were floating around meant that a lot of pills were sold on the street. The widespread availability resulted in the birth of an uncountable number of addicts that never had to get prescriptions. The availability of opiates started to decrease and the street price of pills doubled or even tripled in some cases. In my experience, this is what caused many people to make the jump to heroin. The fact that the high from pills and the high from heroin are extremely similar plays a big part as well.",Stims
89nspo,Who's stimmed up up and away that wants to participate in lengthy and possibly controversial tweak-talk? Kik at me y'all! Kik is my username.,"The story that the media touts about people switching to heroin after being cut off opiate prescriptions they didn't need wasn't the main driving force in and of itself. As a second order effect however, the excess of opiate scripts that were floating around meant that a lot of pills were sold on the street. The widespread availability resulted in the birth of an uncountable number of addicts that never had to get prescriptions. The availability of opiates started to decrease and the street price of pills doubled or even tripled in some cases. In my experience, this is what caused many people to make the jump to heroin. The fact that the high from pills and the high from heroin are extremely similar plays a big part as well.",Stims
