Submission_ID,Submission_Title,Submission_Text,Subreddit
57g28j,"Why do so many jump right back in, after going to rehab?",2 days isnt enough!,opiates
5crgq6,Wow this game can really turn you into a monster...,2 days isnt enough!,opiates
5gpk0b,"Fent Warning...Milwaukee, WI",2 days isnt enough!,opiates
5pmv1b,I hate how dboys treat their loyal customers...,2 days isnt enough!,opiates
5tx0bc,Today I learned what its like to be a junkie with no car...not fun at all,2 days isnt enough!,opiates
5z6uox,Has anyone used barbiturates with their opiates?,2 days isnt enough!,opiates
5zcfms,CVS is really letting the public know about the opiate problem.,2 days isnt enough!,opiates
7rnej9,How bad has the Opiate/Heroin Crisis infiltrated Highschools? Are Young People really doing Dope or is it all just Hype?,2 days isnt enough!,opiates
7t1r3b,Weird way to get a Legit Connect!,2 days isnt enough!,opiates
7uro1x,"Hot Spot in this piece of dope, pretty insane!",2 days isnt enough!,opiates
83iinw,Longtime D-boy turned on me today...never seen dude like this! Be safe peeps!,2 days isnt enough!,opiates
89p6sp,"How much does the average rehab cost? How do you pay for your stay, insurance or out of pocket?",2 days isnt enough!,opiates
