Comment_ID,Comment_Submission,Comment_Text,Subreddit
dwpeol8,"Winter this year is like a girl you're in an argument with who keeps leaving the room, and just when it seems like it's over she busts back in and yells ""And Another Thing!""","Yeah I grew up there and despite the harsh winters, there are enough other amazing reasons to live here that I can work with the winters.",Showerthoughts
dwqy5vh,"I'm Jason Louv, author of ""John Dee and the Empire of Angels,"" the ultimate guide to Enochian magick. AMA!",I as well have enjoyed all your DTHF episodes and they were highly enlightening.,occult
dwtdw5n,In-N-Out Fans Lose It Over April Fool’s Prank Promising Bacon and Avocado,This is it right here.,LosAngeles
dwtdyk0,In-N-Out Fans Lose It Over April Fool’s Prank Promising Bacon and Avocado,I'm going to go make a beyond meat burger right now.,LosAngeles
dwtic30,In-N-Out Fans Lose It Over April Fool’s Prank Promising Bacon and Avocado,Sweet! Thanks!,LosAngeles
dwtk3jv,"TIL during prohibition, merchants would sell ""bricks"" of grape concentrate with a label that warned consumers not to mix the concentrate with yeast, water, and sugar and age the mixture for seven days, because ""an illegal alcoholic beverage will result"".",My man.,todayilearned
dwtkhoc,"TIL during prohibition, merchants would sell ""bricks"" of grape concentrate with a label that warned consumers not to mix the concentrate with yeast, water, and sugar and age the mixture for seven days, because ""an illegal alcoholic beverage will result"".",In my state they can't sell balloons and cartridges and the cracker in the same shop.,todayilearned
dwtkujg,"TIL during prohibition, merchants would sell ""bricks"" of grape concentrate with a label that warned consumers not to mix the concentrate with yeast, water, and sugar and age the mixture for seven days, because ""an illegal alcoholic beverage will result"".",When I was in rehab there was a kid in there who lied and said he was a cocaine addict because they wouldn't let him in when he said he was addicted to Coricidin.,todayilearned
dwu7q7l,Thought this belonged here (x-post from r/funny),He's blocking the weed smoke,weed
dwub2hp,"Methadone Final Withdrawal: reduced from 85-10ml, preparing for cold-turkey. Plan and experience report.",Heck yeah. Keep going man!,OpiatesRecovery
dwum7ho,M [26F] with my MIL [70F] contacted my parents because she is upset that her son [32M] and I are not having kids immediately,Tell that bitch to slow her roll. You have a life to live.,relationships
dwumug2,This is your life. Do what you love!,I had a beautiful emotion when I stabbed my mother in the neck with a pen last night. Man that was a relief to get rid of all those years of pent of agression.,Mindfulness
dwundro,Japanese Plane From WW2,I know. These fuckers must be blind.,pics
dwv3336,Best advice of the entire show,"It actually just keeps getting harder, and more lame.",BoJackHorseman
dwv3zb4,Found Laptop in A2,Yeah right.... honest police ...,AnnArbor
dwv6isn,Found Laptop in A2,All the most reason to spread my experience. From coast to coast I haven't met one I would trust.,AnnArbor
dwv9iag,What’s in and what’s out you silly bitch,1 more rape?,videos
dwvakvb,What’s in and what’s out you silly bitch,I know it. This dude has some unique talents.,videos
dwvxyp4,This is your life. Do what you love!,"She interrupted my meditation.... what else can I say? After 33 years of working on myself to get past neroseis that I've built up from her pursuit of treating her neroseis with wine I was just done.

Obviously I'm kidding. I have long wondered if getting back at such an abuser would be of any satisfaction whatsoever.....",Mindfulness
dww0c1m,This is your life. Do what you love!,"Even if there were no repercussions, I don't feel like it would help. She wouldn't understand why or change her behavior. My best opportunity for change is to be the change I want to see in my own life. Treat others in a positive way which I would also appreciate to be treated.",Mindfulness
dww0j7o,Always keep the cup in sight.,How the fuck do they work though?,gifs
dww9qda,Always keep the cup in sight.,Is that how they make Faygo?,gifs
dwwg9up,Best advice of the entire show,It's incredibly difficult to overdose once your tolerance is that of say... a horse.,BoJackHorseman
dwwgjyx,This was done with a slide rule and less computing power than your phone (July 1969),"Yeah, in a Hollywood basement (studio).",OldSchoolCool
dwwh0er,"After a very stressful breakup, having my life turned upside down, and being almost homeless, this is mine. And all mine.",Fuck yes. Keep moving forward and make note of what you hold gratitude for.,CozyPlaces
