Comment_ID,Comment_Submission,Comment_Text,Subreddit
dwfe6ix,Jay Gruden: 'Without a doubt' Redskins got better at QB with Alex Smith,Love it. From a 49ers fan too...,nfl
dwfebp1,"Denver is swapping fourth- and fifth-round picks, and giving another 5th-round pick with Washington in exchange for safety Su’a Cravens, per source. Cravens is a Bronco.","I just wanna say this. I am a USC alum and DIEHARD Redskins fan. Sua was by far my favorite player at USC, wore 21 like Sean Taylor, the whole shebang.  When we drafted him I was ecstatic.  When I followed him on social media... it all went away so quick. He is an asbolute egotistical headcase. Best of luck in Denver, I sure as hell wish I was moving to Denver..",nfl
dwfedtt,"Denver is swapping fourth- and fifth-round picks, and giving another 5th-round pick with Washington in exchange for safety Su’a Cravens, per source. Cravens is a Bronco.",You mean ego?,nfl
dwfefbq,"Denver is swapping fourth- and fifth-round picks, and giving another 5th-round pick with Washington in exchange for safety Su’a Cravens, per source. Cravens is a Bronco.",cheap? Depends which side of the deal you're on. Redskins needed picks. I'll take moving up any day for a guy who I truly thought wouldn't play another down for us.,nfl
dwfel1a,Cravens was a beast at USC check out his college highlights,My favorite player at USC. Diehard Redskins fan. Just don't follow him on social media and you will like him.  He has some serious ego issues.,DenverBroncos
dwfem7m,Cravens was a beast at USC check out his college highlights,My favorite player at USC. Diehard Redskins fan. Just don't follow him on social media and you will like him.  He has some serious ego issues.,DenverBroncos
dwfep7n,Su'a Cravens Reacts to Becoming a Bronco,"Can someone post a screenshot? He has about 75% of the Redskins fanbase blocked. Even if you don't @ him, he searches his name every day and blocks. He blocked me for saying I want to keep him but questioned his dedication to the team.",DenverBroncos
dwfntx6,Su'a Cravens Reacts to Becoming a Bronco,"LMAOOOO, you should have seen him when we drafted him. Same shtick, had the fans pick his number, the whole 9 yards. Then the season started...",DenverBroncos
dwfts9m,"Denver is swapping fourth- and fifth-round picks, and giving another 5th-round pick with Washington in exchange for safety Su’a Cravens, per source. Cravens is a Bronco.","He's had more injuries and temper tantrums than years in the league. 

""In 2016, Cravens suffered a concussion in Week 4 that caused him to miss two games. He said in a social media video that the concussion impaired his vision and prompted him to get glasses.

Cravens missed the final three games of that season because of an elbow injury. At one point late in the year, he did not show up to the facility, leaving the Redskins to wonder about his whereabouts.

He participated in offseason and training camp practices until injuring his knee in the opening game of the 2017 preseason. He required arthroscopic surgery, and Washington thought he would miss only two to three weeks.""",nfl
dwftuqo,"Denver is swapping fourth- and fifth-round picks, and giving another 5th-round pick with Washington in exchange for safety Su’a Cravens, per source. Cravens is a Bronco.","""As for Cravens' commitment to the game, Schaffer said: ""That's not even a question in my mind. In every conversation we have, he breathes, he talks, he eats football. I don't understand what people are talking about.""

Maybe the fact that he was HANDED a starting job, and walked away from it. His heart isn't in football, he just wants to be a star.",nfl
dwftysr,"Denver is swapping fourth- and fifth-round picks, and giving another 5th-round pick with Washington in exchange for safety Su’a Cravens, per source. Cravens is a Bronco.","I don't even know where to begin. Responding to fans saying they had zero right to speak because they aren't/never played in the NFL, taking cryptic shots at teammates and coaches, posting 15 video long snapchats talking about ""sluts"" and chicks in his DM's.  He's young, better hope he gets mentored HARD.",nfl
dwfu4e2,"Denver is swapping fourth- and fifth-round picks, and giving another 5th-round pick with Washington in exchange for safety Su’a Cravens, per source. Cravens is a Bronco.","That was his excuse. He had been cleared MONTHS before to play by multiple doctors. Regardless, they just picked up a guy who is one concussion away from retiring? I'm just happy we let go of the drama. I LOVED SUA. Bought his jersey rookie year, then I met the real Sua. Not a likeable guy.",nfl
dwfu8pw,Su'a Cravens Reacts to Becoming a Bronco,"JUST FYI, This guy also threatened to transfer from USC if he didn't start at FS. It's all online, he does not care about the teams, only himself. He had to be talked into staying at USC. He's pulled that act multiple times.",DenverBroncos
dwhkx59,"Denver is swapping fourth- and fifth-round picks, and giving another 5th-round pick with Washington in exchange for safety Su’a Cravens, per source. Cravens is a Bronco.",This video explains it all.,nfl
dwhl1ao,Hot take: Su'a Cravens will have a Ring of Fame worthy career with the Broncos,"http://www.nbcsports.com/washington/video/micd-will-comptons-intense-pep-talk-sua-cravens

This video is all you need to know about Sua Cravens",DenverBroncos
dwhlagv,Su'a Cravens Reacts to Becoming a Bronco,"http://www.nbcsports.com/washington/video/micd-will-comptons-intense-pep-talk-sua-cravens

You can get a glimpse of Sua's arrogance in this clip.",DenverBroncos
dwhumnj,Hot take: Su'a Cravens will have a Ring of Fame worthy career with the Broncos,"Yeah, I'm hoping we retain him. UDFA out of Nebraska and worked his ass off from the PS to a Captain and starting role in '16 only to be demoted when we signed Zach Brown last year. Look, I said it in other subs, I am a USC alum and still a huge fan of Su'a, but his ego and attitude were definitely a hard pill to swallow. You'll see. Definitely sucks to only get half a season out of an early 2nd round pick",DenverBroncos
dwi8to3,"Denver is swapping fourth- and fifth-round picks, and giving another 5th-round pick with Washington in exchange for safety Su’a Cravens, per source. Cravens is a Bronco.",He's way different than Shane Ray. Grew up privileged as hell and been sought after his whole life. Shane Ray is from the GUTTAA,nfl
dwitvwa,"Denver is swapping fourth- and fifth-round picks, and giving another 5th-round pick with Washington in exchange for safety Su’a Cravens, per source. Cravens is a Bronco.",Aaand he threatened to transfer from USC over it because he wanted to play Safety... left that little bit out. Dudes a walking temper tantrum.,nfl
dwsjt3c,Cabin in the woods,Exactly how I said it in my head.,CozyPlaces
dwx650p,Adding to the stash a lot lately,Vs and bars are pressed.... don't wanna even imagine what's in the blow.,DrugStashes
dwxa4fw,"My high school graduating class in the DC suburbs had two unresolved murders, never seen them posted here.","And you are probably right. Even now, MS-13 is terrorizing neighborhoods there.  Murder, rape, robbery, bribery, blackmail, everything.",UnresolvedMysteries
dwxdvki,finally got pharmacy pills after days of only being able to find bs 30 presses,What's your ROA for the morphs? Those are my favorite M's,opiates
dwxijc2,Adding to the stash a lot lately,"Those blues can't be real unless it's a filter or lighting bud.  Real V's are WAY lighter in color and not as spotty. I'm being that guy aren't I? My bad haha, regardless, enjoy. 
-
-
see here: https://www.drugs.com/imprints/v-48-12-13564.html",DrugStashes
dwxm4b3,finally got pharmacy pills after days of only being able to find bs 30 presses,"Sorry, route of administration.  How do you dose them?",opiates
