Submission_ID,Submission_Title,Submission_Text,Subreddit
4szufy,Just got my Skins vs. Cowboys tickets for FedEx! Who else is gonna be there for battle?,Love it. From a 49ers fan too...,Redskins
4xdtvr,Cravens game tape from last night?,Love it. From a 49ers fan too...,Redskins
50zyy3,Parking at FedEx field,Love it. From a 49ers fan too...,Redskins
560de0,Trash talk thread? Know your opponent thread?,Love it. From a 49ers fan too...,Redskins
56s343,"A day after Redskins beat the Ravens, ""Big change in Baltimore: Ravens firing OC Marc Trestman, replacing him with Marty Mornhinweg, per league sources.""",Love it. From a 49ers fan too...,Redskins
59j2cz,Josh Norman practicing today,Love it. From a 49ers fan too...,Redskins
5cf3x8,Rejuvenated Vernon Davis says he could play 'five more years',Love it. From a 49ers fan too...,Redskins
5pz0d9,Buying Caps jersey at Verizon,Love it. From a 49ers fan too...,caps
70whko,Redskins vs. Rams entire game-- condensed,Love it. From a 49ers fan too...,Redskins
70y247,Sua Cravens out for 2017 season after being placed on Reserve/Left Squad list,Love it. From a 49ers fan too...,Redskins
7c9mmb,u pls stop tha porn movie its my reqest,Love it. From a 49ers fan too...,indianpeoplefacebook
7k2rqv,Best snowboarding movies of past year? YouTube channels? Vlogs?,Love it. From a 49ers fan too...,snowboarding
7rimes,Friday ruined :(,Love it. From a 49ers fan too...,snowboarding
80p37o,"Genuinely curious, what's Chiefs fans new crush on Junior Galette about?",Love it. From a 49ers fan too...,KansasCityChiefs
80pri7,"Marcus Peters when asked about what he expects from Mahomes: ""I'm expecting turnovers..""",Love it. From a 49ers fan too...,nfl
81f8ve,"686 Waterproof Hoody. Thinking about copping one of these since 686 is having a 20% off sale + free shipping + free pair of $20 'riding socks'. Does anybody own one and if so, opinons on it? I love riding in hoodies so this kinda makes sense.",Love it. From a 49ers fan too...,snowboardingnoobs
