Comment_ID,Comment_Submission,Comment_Text,Subreddit
dsfj7xe,Stupid things non addicts have told me,"""Can't you just take some Tylenol P.M.?""",opiates
dssfp4m,Bought Kratom Capsules to help W/D,"How much per capsule? I was going to order empty capsules and make my own, this looks easier.",opiates
dssh89f,Pain management advice,How did it turn out?,opiates
dsvhk2m,I think YouTube is spying on me????,It is probably making recommendations based on your IP if you're not signed in,opiates
dtsfsih,Had a close call with the PD last night,"Logging in to the security cameras to check last night's footage..   if one of my NOC team has a hookup and has been holding out on my, I am going to be sad..",opiates
dubqq09,"Junkie Jesus.. Ahh, now i get it.",That should have been the caption!,opiates
dubuugz,"Junkie Jesus.. Ahh, now i get it.","what it lacks in ladies of the night, it makes up for in weaponry.. no junkie downward spiral is complete without nunchakus hanging on the door.",opiates
dwtmsln,What is your WD tv show.,"I always watch war movies. I think about the kids being sick, cold and terrified and still storming beaches or whatever. ""If they can get through that, i can get through this.""",opiates
