Comment_ID,Comment_Submission,Comment_Text,Subreddit
dwbthcc,"TIL Dock Ellis threw a no hitter for the Pirates while tripping on LSD. At one point he thought Richard Nixon was the home plate umpire, and Jimi Hendrix was at bat swinging a guitar.","The umpire might start to look like Nixon, but even on higher doses of acid you won't actually confuse them for Nixon, you would know it's not him.",todayilearned
dwccp15,These train seats.,Keep digging. How deep can this possibly go,oddlysatisfying
dwcfoni,These train seats.,"This is it, this is the link we've needed. 

It's quite obvious the Russian joke was a red herring. Planted by the Russians to make us think they wouldn't be dumb enough to activate one of their sleepers that also makes jokes about the motherland. 

I'm positive if we traced the location of the GPS of the phone logged into the account, we would see where they have been recently, and it will show that this user has been to multiple Russian election polling sites recently. 

As voter turnout was reported at... *105%*",oddlysatisfying
dwcmwjz,Idubbbz predicted howtobasic’s face reveal video a year prior in H3H3 podcast,Anything4views is shit.,Idubbbz
dwemo3x,"TIL that the *Ecce Homo* painting which was turned into the ""Potato Jesus"" meme after a failed restoration has increased tourism in that area, and the funds go towards the church owned nursing home and the ""art restorer's"" son who suffers from cerebral palsy.",You're bad at arguing over the internet.,todayilearned
dwgh2nz,Man vs 450 HP fan,What Erik died too??,interestingasfuck
dwgiwac,Man vs 450 HP fan,"I looked it up :/
It was a relatively tame stunt too. Unfortunate man.",interestingasfuck
dwgvyjt,Playboy deletes its Facebook accounts,"50,000 people used to live here. Now it's a ghost town.",news
dwiwolr,So my friend who shoots drone videos accidentally caught a fight on camera and decided to have some fun with it...,Repeatedly.,videos
dwj3pbe,"Crossroads, digital, 1600x1000px","Reminds me of, ""Kimi no nawa""",Art
dwkli21,🤷‍♂️,"For ""educational purposes""",trashyboners
dwkliej,🤷‍♂️,Her enema videos tho.......,trashyboners
dwmeu0l,Free reddit gold for the first & last person to comment on this post.,Maybe I'll be the last person to comment..,s9r4_talk
dwnyqdo,My bathroom now!,"When was a youngster on my first playthrough of yellow, I had just gotten the master ball and almost didn't believe it would catch anything first try,  so I tested it out on a level 40 electrode. In the power plant. Who else is in the power plant? Yep I turned the corner and boom I fucked my chance at zapdos.

I was too young to think about saving right before interacting with the sprite and just ultra ball spamming him. I was so disappointed.",gaming
dwp9l93,Does Ian hate Chad? (anything4views),What is this story about puppies.?,Idubbbz
dwu24fy,I had to save my friend's life tonight.,I hoping he will pull through. They said his color and more regular breathing was happening before the bussed him out.,opiates
dwu57pc,I had to save my friend's life tonight.,"Who are you off of tinychat??? Please tell me!!!
If you remember how many damn drugs I was doing then and shit, I'm sober now! Two full weeks at the methadone clinic and I feel great!!!(:

Since your someone who fucks around with a lot of that pokemon.... I'm gonna say cremate. I just got pokemon moon I fucking love it",opiates
dwu5qbx,I had to save my friend's life tonight.,"My friend code is 4356-5675-2658

And dude if you do the sub taper the right way you can totally do it. You're a strong girl don't let anyone tell your otherwise. 

I haven't played a pokemon game since emerald (my fucking fav of all time)
So the amount of stuff you can do in moon is surprising. And ill add your friend code! Will it automatically show you mine if i request friendship???",opiates
dwu63x7,I had to save my friend's life tonight.,I updated my above comment with my fc homie!,opiates
dwu66mr,I had to save my friend's life tonight.,Hahaha sick avatar Rize,opiates
dwu6ef4,I had to save my friend's life tonight.,"Dude I'm kinda clueless to a lot of current gen pokemon. My last game i played was emerald. I'm really close to finishing the storyline so then I'm gonna fuck with all the end game stuff.

There seems to be a fair amount. The battle tree, battle royal etc.  What doyoy normally do when you finish story mode??",opiates
dwu6qw4,I had to save my friend's life tonight.,"I have a basic understanding of evs and ivs 
Ivs go from 0 to 31 and affect your skill stats 
I'm more so foggy on how evs work tho. The pokemon I have now are for in game only. Once I complete the pokemon league I was gonna try to start getting some competitive mons ready. But i don't know where to start yet :p",opiates
dwu7bs3,I had to save my friend's life tonight.,"I literally couldn't get a word in edgewise between them screaming it's all my fault, do you want me kid to die, and my fav, were calling the cops you're going to jail.",opiates
dwu8j7s,I had to save my friend's life tonight.,"See they never did pass through my hands I just took him to where he bought it. 
I didnt throw any money in and didnt do any of the boy either.",opiates
dww6v6n,I had to save my friend's life tonight.,"Their family dynamic definitely needs some work. And this isn't the first time my friend od' 
The first time he did, he was with our mutual friend and his parents called the parents of the mutual friend saying he was selling dope and got matt to overdose. It seems they always look for someone besides their son to blame.",opiates
