Submission_ID,Submission_Title,Submission_Text,Subreddit
597f7k,My first thread in this 'dope' ass community. Some light pillporn,"The umpire might start to look like Nixon, but even on higher doses of acid you won't actually confuse them for Nixon, you would know it's not him.",opiates
59f8dv,Team Rocket is about to come kill this marowak.,"The umpire might start to look like Nixon, but even on higher doses of acid you won't actually confuse them for Nixon, you would know it's not him.",pokemongo
5cyrvy,Selling sealed boosters??,"The umpire might start to look like Nixon, but even on higher doses of acid you won't actually confuse them for Nixon, you would know it's not him.",mtgfinance
5du7al,Uploaded some lighter booster pack porn and imgur is giving me downvotes.,"The umpire might start to look like Nixon, but even on higher doses of acid you won't actually confuse them for Nixon, you would know it's not him.",magicTCG
5fs67o,Curious: do you spend more time on this sub when you're high or when you're not?,"The umpire might start to look like Nixon, but even on higher doses of acid you won't actually confuse them for Nixon, you would know it's not him.",opiates
5fsoms,Small time stashing.,"The umpire might start to look like Nixon, but even on higher doses of acid you won't actually confuse them for Nixon, you would know it's not him.",DrugStashes
5kseai,Surgery tomorrow ayeee,"The umpire might start to look like Nixon, but even on higher doses of acid you won't actually confuse them for Nixon, you would know it's not him.",opiates
5nt59w,"Pay day, is a good day. Happy Friday the 13th fellow subscribers.","The umpire might start to look like Nixon, but even on higher doses of acid you won't actually confuse them for Nixon, you would know it's not him.",opiates
5ntrbh,Happy Friday the 13th fellow subscribers! Pay day is always a good day.,"The umpire might start to look like Nixon, but even on higher doses of acid you won't actually confuse them for Nixon, you would know it's not him.",opiates
5plkqm,"Redditors, whats the longest amount of time that you have stayed awake in one go? Did you get any crazy night terrors/hallucinations?","The umpire might start to look like Nixon, but even on higher doses of acid you won't actually confuse them for Nixon, you would know it's not him.",AskReddit
5ploxv,"Redditors, what is the longest stretch of time that you have gone without sleep? If anyone past the 72 hour mark did you get any crazy night terrors/hallucinations?","The umpire might start to look like Nixon, but even on higher doses of acid you won't actually confuse them for Nixon, you would know it's not him.",AskReddit
5qw96z,Does it really have to start with me? /shitposttt,"The umpire might start to look like Nixon, but even on higher doses of acid you won't actually confuse them for Nixon, you would know it's not him.",opiates
5vqsaq,Me as a baby with a rocking style and a FTW attitude on. Baby middle finger.,"The umpire might start to look like Nixon, but even on higher doses of acid you won't actually confuse them for Nixon, you would know it's not him.",OldSchoolCool
5wj0vk,First full month script. You can recover.,"The umpire might start to look like Nixon, but even on higher doses of acid you won't actually confuse them for Nixon, you would know it's not him.",opiates
5wlsnw,Fck The Party Up -- Quan the Destructor [Rap/Hip Hop],"The umpire might start to look like Nixon, but even on higher doses of acid you won't actually confuse them for Nixon, you would know it's not him.",listentothis
60io5w,"Whule making a wheat wrap at work, I wrote out a perfect double w.","The umpire might start to look like Nixon, but even on higher doses of acid you won't actually confuse them for Nixon, you would know it's not him.",mildlyinteresting
784kqz,You have to love the color blue,"The umpire might start to look like Nixon, but even on higher doses of acid you won't actually confuse them for Nixon, you would know it's not him.",opiates
78agu5,"P.s.a, This is what some fake 30s look like. They are a mix of fentanyl and heroin. Be careful if you want oxy and catch these..","The umpire might start to look like Nixon, but even on higher doses of acid you won't actually confuse them for Nixon, you would know it's not him.",opiates
78imq6,Cake day celebration.,"The umpire might start to look like Nixon, but even on higher doses of acid you won't actually confuse them for Nixon, you would know it's not him.",opiates
7l04cw,I wonder if I have ever interacted with someone I know on Reddit and not known about it..,"The umpire might start to look like Nixon, but even on higher doses of acid you won't actually confuse them for Nixon, you would know it's not him.",Showerthoughts
7tf8h2,Super Science Friends episode on hydrogen. All credit to their YouTube channel. I subscribed.,"The umpire might start to look like Nixon, but even on higher doses of acid you won't actually confuse them for Nixon, you would know it's not him.",videos
7xvxq1,"2g Come up, notice my Hawaiian shorts","The umpire might start to look like Nixon, but even on higher doses of acid you won't actually confuse them for Nixon, you would know it's not him.",opiates
89wf0a,I had to save my friend's life tonight.,"The umpire might start to look like Nixon, but even on higher doses of acid you won't actually confuse them for Nixon, you would know it's not him.",opiates
