Comment_ID,Comment_Submission,Comment_Text,Subreddit
du815pa,How long before you know if you failed a drug test?,I could probably just swallow it in some balloons huh?,opiates
du81b51,How long before you know if you failed a drug test?,"That would fucking suck. So even if I got caught with balloons of tobacco, nothing would happen?",opiates
du84b4g,How long before you know if you failed a drug test?,Yeah I’m probably not gonna risk it. Thanks for lookin that up tho,opiates
du9ubzp,I just don’t know if life is worth living anymore,It’s crazy and I’m not trying to condone suicide but I don’t see the big deal about going lights out with a fat shot of dope. Besides affecting your loved ones(which is a big deal) but at some point do your feelings matter more than theirs? But I mean maybe this is just a phase in my life and I need to truly give it another hard shot but I’ve kinda felt this way for a while.,opiates
du9uvig,I just don’t know if life is worth living anymore,"You’re right, it’d just be so easy to end it. And it would take a lot of work to repair what’s going on with me. But as of now, I’m going to atleast try to give my life the best shot. 

Thanks man",opiates
du9uyah,I just don’t know if life is worth living anymore,Shit man is she going to keep it? Getting a girl pregnant might light a fire under my ass and give me a reason to live for,opiates
du9v3l2,I just don’t know if life is worth living anymore,"Thanks man. Yeah my diet and excercise are complete shit. But literally just a couple months ago I was hardcore into the gym and my diet. It’s crazy how quickly your life can change, for better or for worse.

And I’m only gonna be in a jail for like a week max(hopefully) but still, I’ve never been and hopefully it’ll just be a change of pace and make me appreciate what I’ve got",opiates
du9vi12,I just don’t know if life is worth living anymore,Thank you for making me realize that homie,opiates
du9vyu5,I just don’t know if life is worth living anymore,Thanks for the love. Love you too,opiates
dua1yck,I just don’t know if life is worth living anymore,"Hey thanks man that really means a lot. I feel better now, I just have been gettin caught up in my head lately. 

You’re right. My family has done so much for me that it’d be such a cowardly thing to do",opiates
duak1eq,I just don’t know if life is worth living anymore,Haha thanks!,opiates
duak5pv,I just don’t know if life is worth living anymore,Wow that’s crazy man. I just had a good night sleep and feel a lot better about my situation. Thank you a bunch!,opiates
duakdkd,I just don’t know if life is worth living anymore,Thanks a ton! I’m feeling better today,opiates
duaki4u,I just don’t know if life is worth living anymore,Good luck on your journey man,opiates
duakqca,I just don’t know if life is worth living anymore,Thanks man and I hope your situation with your father gets better too,opiates
duy0ahd,Twenty Years of Recovery,"That’s awesome Tracy, I’m really happy for you! Quick question, and don’t feel compelled to answer, but what is your take on 12 step meetings like NA and such? And do you participate?

I just really have mixed feelings about them",opiates
duy20l5,Twenty Years of Recovery,I couldn’t agree more. Luckily there are some HA meetings near me so everyone seems to relate more.,opiates
dv94n76,Heaven???!,Them strawberry ones the best!,opiates
dv9bmua,Why are so many people in recovery assholes?,"Man this is the WORST! Especially when there are substances out there that can potentially help you like psychedelics. 

I’ve been in and out of this recovery bullshit for a while and some of the misinformation I’ve heard from counselors and other “professionals” astounds me. Most or all of the ones I know believe that “addicts” can only survive through abstinence, which I think is absurd. Yes, abstinence can be good, but there are a lot of different substances out there that can be very useful and fun that aren’t physically addictive.",opiates
dv9ri37,Why are so many people in recovery assholes?,"Woah that’s awesome, thanks for the example",opiates
dw5fjip,Metabolizing Drugs,"I have been googling but I can’t really find  answers to my questions, but I know there’s gotta be studies somewhere on the internet. Just can’t find them",Drugs
dw5jvui,Metabolizing Drugs,"Thanks, very informative",Drugs
dwiar8z,When I can afford it... Speedballing is my fave,"Am I just not putting enough coke in mine? Because I’ve never heard the “train”. 

But god damn I feel like if I used any more coke then my heart would explode",opiates
dwildta,When I can afford it... Speedballing is my fave,"I know, I’ve never heard the sound so I guess I haven’t dosed enough. But I’m too scared",opiates
dwrjxzw,Ayyyy and another one.,I can taste that shit from here! Dope,opiates
