Submission_ID,Submission_Title,Submission_Text,Subreddit
749mtj,Can PAWS feel like nothing?,I could probably just swallow it in some balloons huh?,opiates
7535dh,Hey guys! I’ve been clean 2 1/2 weeks and just wanna share some stuff I’ve learned.,I could probably just swallow it in some balloons huh?,opiates
788gqx,Trouble Studying,I could probably just swallow it in some balloons huh?,Petioles
78g122,I haven’t really craved since I kicked a month ago,I could probably just swallow it in some balloons huh?,opiates
79rrbn,Family member gone too far off meth,I could probably just swallow it in some balloons huh?,Stims
7a4jrn,Brain Fog,I could probably just swallow it in some balloons huh?,Petioles
7ay84z,Getting a lab urine analysis soon,I could probably just swallow it in some balloons huh?,opiates
7cod9w,I️ usually don’t like VICE but this is a very interesting read about addiction. Tell me what y’all think about this,I could probably just swallow it in some balloons huh?,opiates
7dorng,Shot an opana 10mg IR and I️ have some questions,I could probably just swallow it in some balloons huh?,opiates
7fl6pc,Look up/test your drugs people!,I could probably just swallow it in some balloons huh?,Drugs
7hc65k,l heard you was on that heroin,I could probably just swallow it in some balloons huh?,opiates
7ih3n7,Just shot a dilly for the first time!,I could probably just swallow it in some balloons huh?,opiates
7k2peh,My dumbass just tried to IV a G77 Opana ER.,I could probably just swallow it in some balloons huh?,opiates
7msvcb,Really upsets me how some people look down upon us without knowing what it’s like,I could probably just swallow it in some balloons huh?,opiates
7p5nzf,Desperate times call for desperate measures...had to use this as a back scratcher,I could probably just swallow it in some balloons huh?,opiates
7t1iw4,Had to snort my dope today,I could probably just swallow it in some balloons huh?,opiates
7t67pv,Wow I think I just OD’d,I could probably just swallow it in some balloons huh?,opiates
7x81bj,How long before you know if you failed a drug test?,I could probably just swallow it in some balloons huh?,opiates
7xo3p8,I just don’t know if life is worth living anymore,I could probably just swallow it in some balloons huh?,opiates
86iujq,Metabolizing Drugs,I could probably just swallow it in some balloons huh?,Drugs
