Comment_ID,Comment_Submission,Comment_Text,Subreddit
dwobia8,Both trashy and completely fucked up.,"If any ladies would like to debate this topic message me and we can meet to discuss this topic further. Make sure your alone and don’t be afraid of wearing anything too revealing.

Pre edit: this is a distasteful joke",trashy
dwobnl5,“Just ruin my life”,When you ask your second cousin who is a barber in rural Alabama for the “how the kids are wearing it these days”,Justfuckmyshitup
dwobv25,You can now see the where the spare key in my wallet is,Better than the the classic condom circle most 22 year old guys who have been laid 2 times have,mildlyinteresting
dwoc0yg,My granddad's tool collection in his shed,Fun Fact: This is the same location the late great Notorious B.I.G. Wrote the iconic “Ready to die”,oddlysatisfying
dwofq1r,New wheelchair Zoomies,I love the burnout in the middle,Zoomies
dwokxd9,Can H be pre-mixed? Can someone mix a batch with water and use it throughout the day?,Yeah I tried to do this a couple times back when I was first starting out. But I noticed if I let it sit overnight I’d have way more of a histamine reaction from part of it converting back into morphine I’m pretty sure. I stopped doing it after finding this out.,opiates
dwolb0k,Staying at home when i'm high as fuck feel like a waste ?,"Yeah I use to get the same feeling when I did coke and or dope. What I did a lot was get my drugs for the day, grab a drink and some snacks, then head to one of my local parks. I’d get high in my car and then I’d just go for an adventure for 4 or 5 hours. But this mainly ended up with me shooting dope in my car once an hour the rest of the time walking around chain smoking cigs and smoking crack while playing this fucked up version of hide and seek from me and other park guests. Good times... bad times... both are plentiful in the life of a junkie",opiates
dwq95fb,Being a Millenial is like joining a game of Monopoly when every property already has a hotel on it.,Yeah this is true but has been true for almost every generational change if you think about it,Showerthoughts
dwqdqn1,Buying a solid milk chocolate Stanley Cup? Surely you only expected half of one.,You mustn’t know how chocolate works.,assholedesign
dwqms5e,Flowers for all boys,"Fuck flowers you beta blossoms!! 
Jk I’m in love with poppies!!",wholesomememes
dwqn1ol,"Birds can sense Earth's magnetic field, thanks to a newly identified protein behind their eyes. This would mark the first time a specific molecule responsible for the detection of magnetic fields has been identified in animals.",I think a protein to detect glass would of worked out better long run. (Insert bird flying into glass door gif),science
dwqn3pj,"Using gasoline to light a fire, WCGW?",Now the trick is to get a little on your shoes,Whatcouldgowrong
dwqs5tm,Giant Cumulus Cloud With Iridescence,Vape Nation Vapors Convention 2017 Thailand,pics
dwrpxfa,Capybaras chillin in the hot tub,How much you think it would cost to acquire a capybara northeast America?,oddlysatisfying
dwrqsb3,This is Ben. He has a beard. And he is human sized. We get fun looks in traffic.,Legit thought he was a guy in a Chewbacca costume,aww
dwrsewz,Holy guacamole,"Huh, that’s odd.",dankmemes
dwvv0rj,"Ready, set, corgi!","My favorite kind of butt, corgi butt...",aww
dwvv5tv,101 Years and 5 Generations Appart,"Beautiful pic, this is why you should never give up",MadeMeSmile
dww4sc9,teaching daughter how to pump fuel,"“It’s fine Lisa, just go grab some napkins and a pay of cigs please”",instant_regret
dww54wq,When your dog gets excited and gets the zoomies,Rear wheel drive puppers,Zoomies
dwwew6y,This fisher price adventure castle from the 90's,They should add this to Fortnite,nostalgia
dwwezoo,'The Office' Characters' Most Distinguishing Words [OC],I love this so much,dataisbeautiful
dwygxqa,My hotel gave me a cute little towel sloth,What’s your zip code?,mildlyinteresting
dwyh0bc,Poor Pupper. :(,Just like my ex. Bitching at me when I’m there but sad when I’m gone.,WatchPeopleDieInside
dwyile8,"HMB while I, on second thought I've got this..",Dude I think that gutter punctured his lung holy fuck!!,holdmybeer
