Submission_ID,Submission_Title,Submission_Text,Subreddit
7bqob1,I need help from anyone with experience freezing clean urine for future drug tests,"If any ladies would like to debate this topic message me and we can meet to discuss this topic further. Make sure your alone and don’t be afraid of wearing anything too revealing.

Pre edit: this is a distasteful joke",opiates
7eyf3r,Subs and surgery,"If any ladies would like to debate this topic message me and we can meet to discuss this topic further. Make sure your alone and don’t be afraid of wearing anything too revealing.

Pre edit: this is a distasteful joke",opiates
7jxu7o,What's a compounding pharmacy?,"If any ladies would like to debate this topic message me and we can meet to discuss this topic further. Make sure your alone and don’t be afraid of wearing anything too revealing.

Pre edit: this is a distasteful joke",opiates
7p1fyu,"What's your view on suboxone patients. Do you consider them ""clean""?","If any ladies would like to debate this topic message me and we can meet to discuss this topic further. Make sure your alone and don’t be afraid of wearing anything too revealing.

Pre edit: this is a distasteful joke",opiates
7q9nna,Junkie Jesus or sugary Satan?,"If any ladies would like to debate this topic message me and we can meet to discuss this topic further. Make sure your alone and don’t be afraid of wearing anything too revealing.

Pre edit: this is a distasteful joke",opiates
7wzzbe,Dusty depot got a resource buff,"If any ladies would like to debate this topic message me and we can meet to discuss this topic further. Make sure your alone and don’t be afraid of wearing anything too revealing.

Pre edit: this is a distasteful joke",FortNiteBR
7zjzp0,Video game hacking went from normal socially acceptable behavior to being demonized over the last 20 years.,"If any ladies would like to debate this topic message me and we can meet to discuss this topic further. Make sure your alone and don’t be afraid of wearing anything too revealing.

Pre edit: this is a distasteful joke",Showerthoughts
8397nl,Do you need Xbox live or PlayStation plus to play Fortnite BR online?,"If any ladies would like to debate this topic message me and we can meet to discuss this topic further. Make sure your alone and don’t be afraid of wearing anything too revealing.

Pre edit: this is a distasteful joke",FortNiteBR
863of6,"If you call off sick as a doctor, do you still just go to work?","If any ladies would like to debate this topic message me and we can meet to discuss this topic further. Make sure your alone and don’t be afraid of wearing anything too revealing.

Pre edit: this is a distasteful joke",Showerthoughts
88xeq9,EPIC ADD TRAMPOLINES PLEASE,"If any ladies would like to debate this topic message me and we can meet to discuss this topic further. Make sure your alone and don’t be afraid of wearing anything too revealing.

Pre edit: this is a distasteful joke",FortNiteBR
