Comment_ID,Comment_Submission,Comment_Text,Subreddit
dw8rvja,I’m being used for money drugs and sex and I allow it,"Hey , don’t let yourself be treated this way & I’m being serious if you truly care about yourself don’t allow him to do this to you & take charge of your life!!! If you stay with this guy your honestly being stupid , Your already alone if you haven’t seen him in almost 2 months & the first thing he does is put his cock in your mouth ? Get serious about this! Your already alone & you need to drop his scumbag ass he prolly only sees you to get money for dope and to get some pussy . That’s the god honest truth I bet he’s never done a single truly romantic thing for you . Do you have anyone that can help you? I have a million questions for you so pm if you would like I honestly feel bad for you & wish to see you posting happy things & sober accomplishments! 

    Reading your post made me so sad & I don’t even know you , I’ve seen you around & I know your worth so much more than this . Leave this dirtbag if you care about yourself.. & never look back he’s using you and you know it so why keep hurting yourself ? 

Pm if anything I wish you the absolute best !! And keep us updated . Hope you drop him like a bad habit 👍💯.  If you stay your asking for it though . You already know what he’s using you for so if you think it’s worth keeping him that’s on you but I guarantee you he probably don’t give a shit about you if you dropped dead . He sounds like a person that would just leave you in some random bando if you OD’d ..",opiates
dw9252g,Fire plugs off CL,"I’d never trust somebody that’s dumb enough to post on CL.  Absolutely no way of getting out of that one if it was cops & chances are they are over priced or just gunna beat you . But hey if you really can’t find a dealer any other way I guess it’s feasible but still , I’d never take that chance though .",opiates
dw928i5,See Comment Below for Question.,Hit a small piece with a lighter if it melts it’s guys,opiates
dwadmmj,Why can’t I get high?,"Give it another night or so , try taking a Xanax or other benzo you should feel better by then",opiates
dwb4c6p,Mouth swap,Peroxicide,opiates
dwb6sk3,Siri knows what's up,It really works !!! Haha,pics
dwb8l0x,"A day in Clearwater, FL","This is Considered clear , have you not seen the Atlantic Ocean ?",pics
dwbowzq,Spawn,What a beautiful pattern he/she got going on!,snakes
dwbxb2v,How much are you paying for heroin where you're at?,Bundle from Jersey 40$ about .3/.4 weight wise,opiates
dwbxp5w,How much is this?,Chances are she’s is talking about glassine bags & 15 bags isn’t a lot . I use about 5-6 each dose so about 15-20 a day . What part of the country are you in ?,opiates
dwc0yje,How much is this?,"Yep that’s the same as jersey pretty much , 15 bags isn’t a crazy amount still going to be very hard to kick but it’s not impossible . There’s people that go through about 25-30 bags a day .. She’s going to need a good amount of medication but she should get through it . It’s not going to be easy by any means so she’s gunna be in for a hell of a fight but as long as she sticks with the program she should make it through 👍

Edit : just double read your post & not sure if she’s planning on kicking or not ? What exactly were you trying to accomplish with your post? Just the 1 bag is 3 doses question ? That’s incorrect it’s more like 3 bags is 1 dose if anything . I use anywhere from 4-6 bags a dose .",opiates
dwc6q1r,How much is this?,"Yeah no problem! ask any questions you like we’re pretty friendly & like to help here , we just don’t like people that judge us because we’re addicts . It’s more than just being an addict & people tend to believe that we deserve the misery we live in because we somehow choose to become addicted when the truth is it can literally happen to anyone even you believe it or not & people have that stigma that “it can’t happen to me” or “I’m different” and it sucks that so many people have been brought up with that ideology . 

But yeah ask anything you would like! & I have a few questions for you , are you helping her get clean? Or what exactly are you trying to do for her ? At 15 bags a day she’s going to be in a hell of a withdraw so suboxone will help very much . Also things like fruit & sweet things help during withdraw .  Is she staying with you during this or is she going to a detox facility ?",opiates
dwf8fid,1 day without I'm seething,You don’t know any good ways to make a few bucks ?,opiates
dwf8nwo,1 day without I'm seething,Go find another addict !! They surely will help if your willing to toss em a point.. just don’t let that money walk,opiates
dwjd8j7,Had a little slipup. Thankful for these!,"Those were always my favorite never took a whole one though mostly slivers & 1/6’s , the guy selling them to me sold 8’s for 10 & these for 10.. lol when he first told me I got these too I’ll sell you for 10 I was like word?? Lemme switch these 8’s out then! Wish I still had that plug tho ..",opiates
dwkdhb4,Didn’t even have to travel for it 😌 bye 33 days of sobriety,Damn hate to hear you relapsed .. shit well hopefully tomorrow you feel like shit & don’t go back to it!!! Goodluck & wish ya the best I’d kill to have 33 days clean rn lol,opiates
dwp7f26,got a new stamp that made me feel like I just smoked a bowl of weed..?,Could be a cannabinoid Research chem . I wouldn’t put it past em,opiates
dwpea52,Best shit for the newbie?,"Well heroin is definitely over doing it .. dude just take an 30mg oxy if you absolutely HAVE to use opiates . I can tell you right now it will ruin your life & you & your friends are no exception . Goodluck but if I was you I would just forget the whole idea all together , too many people die off this man so please reconsider & think about what this decision is going to lead too & it’s basically like 99% of us ruin our lives would you really be willing to be that your that 1%?? I wouldn’t .",opiates
dwqiqbh,Why shouldn't I develop a heroin habit?,"Does the relief of pain really worth throwing your life away & having to stick a needle in your arm every single day multiple times a day ? Not to mention all the infections and diseases that comes from shooting ? Lemme guess your gunna sniff it ? Well that only lasts so long .. sooner or later you WILL be homeless , shooting up & in complete agony from heroin . That’s a FACT so if you think you can’t deal with your “chronic pain” well Goodluck trying to beat withdrawals . You will be wishing you listened to us & never touch the shit . I get where your coming from most of us do , but again is it really worth it ? Look I know your gunna play the “chronic pain” card and I get it but the truth is the high from oxy or whatever your doing isn’t getting you where you want to be & you know heroin will get you there . So hey if you really want to just throw your life away & distance yourself from EVERYONE but your dealer we’ll go ahead , nobody is stopping you we can only warn you of the hell that awaits you ..",opiates
dwqiwes,Why shouldn't I develop a heroin habit?,"That’s just an excuse to get high & we can all see that . Your not fooling anyone by saying “but I’m in so much pain!” So the fuck are we , EVERYTIME we can’t get our fix .",opiates
dwqiyjy,Why shouldn't I develop a heroin habit?,Yes I was talking to OP not you,opiates
dwqlvx2,Why shouldn't I develop a heroin habit?,"I get that I really do but if you already know how bad it is to be addicted to pills why would you knowingly go into H addiction which is 10x worst . If you don’t think you can handle oxy withdraw we’ll heroin is going to be a million times worst . But again , nobody is stopping you from becoming a heroin addict we’re just warning you that later in life when you ain’t got to pennies to rub together & your sick as a dog & can’t hold a job or even look your family in the eye , your going to to think back like all of us did & say , why did I ever do this to myself . OR you can take this situation & turn things around Mabey get off the pills & get on suboxone or even get completely clean & see how your life will change for the better . I know your gunna say “but I’m in pain” yeah man we know that tons of people are in pain every damn day but that’s no excuse to do heroin . Seriously take a step back and look at how fucking stupid that sounds . I really hope you don’t switch to H I really do but I also know that chances are you will & you will also ruin your life , but you won’t realize that for yourself till it’s much too late . Sorry I had to break it to you but we gotta let you make your own choices even if we already know what your gunna do . Goodluck man I hope you figure your pain out but remember , heroin is only going to make things MUCH worst .",opiates
dwvwu7g,What do y’all think?,"Did you get these from the pharmacy or street ? The font looks off almost like it’s a bit to big but Mabey it’s the picture , either way I’d lean towards fake but that don’t mean they don’t have alpa in them that just mean they are presses & not bad ones at that 👍. Idk why people even care as long as their good presses I’m cool as long as the don’t look like shit and crumble together in a second .",opiates
dwvxa9o,What do y’all think?,"Yeah definitely I mean usually I like the presses cause they are usually dosed a lil high & they are more plentiful than the pharma & not to mention way cheaper Atleast around by me . But yeah no doubt idk why people even make a huge deal about them , I know there’s been a few times where fent was found in them which I think is fucking horrible . That’s the worst thing you can do is sell one drug as a different one to somebody in my book but still fent sticks are very rare and pretty rare to come from what I’ve seen .",opiates
dwxchqu,I have never done any opiates. I've been browsing this sub for ~2 hours now.,"Yessss!!! Finally we actually convinced somebody !!!! That’s wassup forreal , never touch this garbage! It will only ruin your life , trust us .",opiates
