Submission_ID,Submission_Title,Submission_Text,Subreddit
6gn667,Day 3 off fent/dope urge is HUGE..,"Hey , don’t let yourself be treated this way & I’m being serious if you truly care about yourself don’t allow him to do this to you & take charge of your life!!! If you stay with this guy your honestly being stupid , Your already alone if you haven’t seen him in almost 2 months & the first thing he does is put his cock in your mouth ? Get serious about this! Your already alone & you need to drop his scumbag ass he prolly only sees you to get money for dope and to get some pussy . That’s the god honest truth I bet he’s never done a single truly romantic thing for you . Do you have anyone that can help you? I have a million questions for you so pm if you would like I honestly feel bad for you & wish to see you posting happy things & sober accomplishments! 

    Reading your post made me so sad & I don’t even know you , I’ve seen you around & I know your worth so much more than this . Leave this dirtbag if you care about yourself.. & never look back he’s using you and you know it so why keep hurting yourself ? 

Pm if anything I wish you the absolute best !! And keep us updated . Hope you drop him like a bad habit 👍💯.  If you stay your asking for it though . You already know what he’s using you for so if you think it’s worth keeping him that’s on you but I guarantee you he probably don’t give a shit about you if you dropped dead . He sounds like a person that would just leave you in some random bando if you OD’d ..",OpiatesRecovery
6imzse,Guys how many of you guys shave when your high ????,"Hey , don’t let yourself be treated this way & I’m being serious if you truly care about yourself don’t allow him to do this to you & take charge of your life!!! If you stay with this guy your honestly being stupid , Your already alone if you haven’t seen him in almost 2 months & the first thing he does is put his cock in your mouth ? Get serious about this! Your already alone & you need to drop his scumbag ass he prolly only sees you to get money for dope and to get some pussy . That’s the god honest truth I bet he’s never done a single truly romantic thing for you . Do you have anyone that can help you? I have a million questions for you so pm if you would like I honestly feel bad for you & wish to see you posting happy things & sober accomplishments! 

    Reading your post made me so sad & I don’t even know you , I’ve seen you around & I know your worth so much more than this . Leave this dirtbag if you care about yourself.. & never look back he’s using you and you know it so why keep hurting yourself ? 

Pm if anything I wish you the absolute best !! And keep us updated . Hope you drop him like a bad habit 👍💯.  If you stay your asking for it though . You already know what he’s using you for so if you think it’s worth keeping him that’s on you but I guarantee you he probably don’t give a shit about you if you dropped dead . He sounds like a person that would just leave you in some random bando if you OD’d ..",opiates
6nkaop,Unexpected dboy/connect . So at the car wash today I walk around the corner to get a roll up/blunt for a friend that just bought sum bud . Seen a junky get served through a fence & I asked the dboy if he had papers he said how many & walk to the corner n back . 5$ & 30sec later I found another one👍,"Hey , don’t let yourself be treated this way & I’m being serious if you truly care about yourself don’t allow him to do this to you & take charge of your life!!! If you stay with this guy your honestly being stupid , Your already alone if you haven’t seen him in almost 2 months & the first thing he does is put his cock in your mouth ? Get serious about this! Your already alone & you need to drop his scumbag ass he prolly only sees you to get money for dope and to get some pussy . That’s the god honest truth I bet he’s never done a single truly romantic thing for you . Do you have anyone that can help you? I have a million questions for you so pm if you would like I honestly feel bad for you & wish to see you posting happy things & sober accomplishments! 

    Reading your post made me so sad & I don’t even know you , I’ve seen you around & I know your worth so much more than this . Leave this dirtbag if you care about yourself.. & never look back he’s using you and you know it so why keep hurting yourself ? 

Pm if anything I wish you the absolute best !! And keep us updated . Hope you drop him like a bad habit 👍💯.  If you stay your asking for it though . You already know what he’s using you for so if you think it’s worth keeping him that’s on you but I guarantee you he probably don’t give a shit about you if you dropped dead . He sounds like a person that would just leave you in some random bando if you OD’d ..",opiates
6nlxjl,This is what the new guy's stuff looks like . Finally sum goodie with legs . All the fent cut shit I get just dosent last.. but I'm sure you guys know that feeling . How's it look to you guys ?,"Hey , don’t let yourself be treated this way & I’m being serious if you truly care about yourself don’t allow him to do this to you & take charge of your life!!! If you stay with this guy your honestly being stupid , Your already alone if you haven’t seen him in almost 2 months & the first thing he does is put his cock in your mouth ? Get serious about this! Your already alone & you need to drop his scumbag ass he prolly only sees you to get money for dope and to get some pussy . That’s the god honest truth I bet he’s never done a single truly romantic thing for you . Do you have anyone that can help you? I have a million questions for you so pm if you would like I honestly feel bad for you & wish to see you posting happy things & sober accomplishments! 

    Reading your post made me so sad & I don’t even know you , I’ve seen you around & I know your worth so much more than this . Leave this dirtbag if you care about yourself.. & never look back he’s using you and you know it so why keep hurting yourself ? 

Pm if anything I wish you the absolute best !! And keep us updated . Hope you drop him like a bad habit 👍💯.  If you stay your asking for it though . You already know what he’s using you for so if you think it’s worth keeping him that’s on you but I guarantee you he probably don’t give a shit about you if you dropped dead . He sounds like a person that would just leave you in some random bando if you OD’d ..",opiates
6pc0q8,Noob questions,"Hey , don’t let yourself be treated this way & I’m being serious if you truly care about yourself don’t allow him to do this to you & take charge of your life!!! If you stay with this guy your honestly being stupid , Your already alone if you haven’t seen him in almost 2 months & the first thing he does is put his cock in your mouth ? Get serious about this! Your already alone & you need to drop his scumbag ass he prolly only sees you to get money for dope and to get some pussy . That’s the god honest truth I bet he’s never done a single truly romantic thing for you . Do you have anyone that can help you? I have a million questions for you so pm if you would like I honestly feel bad for you & wish to see you posting happy things & sober accomplishments! 

    Reading your post made me so sad & I don’t even know you , I’ve seen you around & I know your worth so much more than this . Leave this dirtbag if you care about yourself.. & never look back he’s using you and you know it so why keep hurting yourself ? 

Pm if anything I wish you the absolute best !! And keep us updated . Hope you drop him like a bad habit 👍💯.  If you stay your asking for it though . You already know what he’s using you for so if you think it’s worth keeping him that’s on you but I guarantee you he probably don’t give a shit about you if you dropped dead . He sounds like a person that would just leave you in some random bando if you OD’d ..",CanadianMOMs
6pjvmo,"Not bad for 4$ a piece , golden color in the rig too 💉","Hey , don’t let yourself be treated this way & I’m being serious if you truly care about yourself don’t allow him to do this to you & take charge of your life!!! If you stay with this guy your honestly being stupid , Your already alone if you haven’t seen him in almost 2 months & the first thing he does is put his cock in your mouth ? Get serious about this! Your already alone & you need to drop his scumbag ass he prolly only sees you to get money for dope and to get some pussy . That’s the god honest truth I bet he’s never done a single truly romantic thing for you . Do you have anyone that can help you? I have a million questions for you so pm if you would like I honestly feel bad for you & wish to see you posting happy things & sober accomplishments! 

    Reading your post made me so sad & I don’t even know you , I’ve seen you around & I know your worth so much more than this . Leave this dirtbag if you care about yourself.. & never look back he’s using you and you know it so why keep hurting yourself ? 

Pm if anything I wish you the absolute best !! And keep us updated . Hope you drop him like a bad habit 👍💯.  If you stay your asking for it though . You already know what he’s using you for so if you think it’s worth keeping him that’s on you but I guarantee you he probably don’t give a shit about you if you dropped dead . He sounds like a person that would just leave you in some random bando if you OD’d ..",opiates
6pkbd2,Top 5,"Hey , don’t let yourself be treated this way & I’m being serious if you truly care about yourself don’t allow him to do this to you & take charge of your life!!! If you stay with this guy your honestly being stupid , Your already alone if you haven’t seen him in almost 2 months & the first thing he does is put his cock in your mouth ? Get serious about this! Your already alone & you need to drop his scumbag ass he prolly only sees you to get money for dope and to get some pussy . That’s the god honest truth I bet he’s never done a single truly romantic thing for you . Do you have anyone that can help you? I have a million questions for you so pm if you would like I honestly feel bad for you & wish to see you posting happy things & sober accomplishments! 

    Reading your post made me so sad & I don’t even know you , I’ve seen you around & I know your worth so much more than this . Leave this dirtbag if you care about yourself.. & never look back he’s using you and you know it so why keep hurting yourself ? 

Pm if anything I wish you the absolute best !! And keep us updated . Hope you drop him like a bad habit 👍💯.  If you stay your asking for it though . You already know what he’s using you for so if you think it’s worth keeping him that’s on you but I guarantee you he probably don’t give a shit about you if you dropped dead . He sounds like a person that would just leave you in some random bando if you OD’d ..",CanadianMOMs
6pphe2,What Canadian MOMs deliver to the US ?,"Hey , don’t let yourself be treated this way & I’m being serious if you truly care about yourself don’t allow him to do this to you & take charge of your life!!! If you stay with this guy your honestly being stupid , Your already alone if you haven’t seen him in almost 2 months & the first thing he does is put his cock in your mouth ? Get serious about this! Your already alone & you need to drop his scumbag ass he prolly only sees you to get money for dope and to get some pussy . That’s the god honest truth I bet he’s never done a single truly romantic thing for you . Do you have anyone that can help you? I have a million questions for you so pm if you would like I honestly feel bad for you & wish to see you posting happy things & sober accomplishments! 

    Reading your post made me so sad & I don’t even know you , I’ve seen you around & I know your worth so much more than this . Leave this dirtbag if you care about yourself.. & never look back he’s using you and you know it so why keep hurting yourself ? 

Pm if anything I wish you the absolute best !! And keep us updated . Hope you drop him like a bad habit 👍💯.  If you stay your asking for it though . You already know what he’s using you for so if you think it’s worth keeping him that’s on you but I guarantee you he probably don’t give a shit about you if you dropped dead . He sounds like a person that would just leave you in some random bando if you OD’d ..",CanadianMOMs
6rdr2n,So guess who got beat..,"Hey , don’t let yourself be treated this way & I’m being serious if you truly care about yourself don’t allow him to do this to you & take charge of your life!!! If you stay with this guy your honestly being stupid , Your already alone if you haven’t seen him in almost 2 months & the first thing he does is put his cock in your mouth ? Get serious about this! Your already alone & you need to drop his scumbag ass he prolly only sees you to get money for dope and to get some pussy . That’s the god honest truth I bet he’s never done a single truly romantic thing for you . Do you have anyone that can help you? I have a million questions for you so pm if you would like I honestly feel bad for you & wish to see you posting happy things & sober accomplishments! 

    Reading your post made me so sad & I don’t even know you , I’ve seen you around & I know your worth so much more than this . Leave this dirtbag if you care about yourself.. & never look back he’s using you and you know it so why keep hurting yourself ? 

Pm if anything I wish you the absolute best !! And keep us updated . Hope you drop him like a bad habit 👍💯.  If you stay your asking for it though . You already know what he’s using you for so if you think it’s worth keeping him that’s on you but I guarantee you he probably don’t give a shit about you if you dropped dead . He sounds like a person that would just leave you in some random bando if you OD’d ..",opiates
6rlscl,I know this don't have to do with opi's my bad you can delete it if you want but This one is for all the pussies that told me not to do shit . Sorry I'm not gunna sit at home & play games I went & got that slick fucker .,"Hey , don’t let yourself be treated this way & I’m being serious if you truly care about yourself don’t allow him to do this to you & take charge of your life!!! If you stay with this guy your honestly being stupid , Your already alone if you haven’t seen him in almost 2 months & the first thing he does is put his cock in your mouth ? Get serious about this! Your already alone & you need to drop his scumbag ass he prolly only sees you to get money for dope and to get some pussy . That’s the god honest truth I bet he’s never done a single truly romantic thing for you . Do you have anyone that can help you? I have a million questions for you so pm if you would like I honestly feel bad for you & wish to see you posting happy things & sober accomplishments! 

    Reading your post made me so sad & I don’t even know you , I’ve seen you around & I know your worth so much more than this . Leave this dirtbag if you care about yourself.. & never look back he’s using you and you know it so why keep hurting yourself ? 

Pm if anything I wish you the absolute best !! And keep us updated . Hope you drop him like a bad habit 👍💯.  If you stay your asking for it though . You already know what he’s using you for so if you think it’s worth keeping him that’s on you but I guarantee you he probably don’t give a shit about you if you dropped dead . He sounds like a person that would just leave you in some random bando if you OD’d ..",opiates
6sgnh5,Ehh I grabbed these from my #2 cause my #1 has sum bullshit atm .. not bad but not great either . Any1 recognize these guys ?,"Hey , don’t let yourself be treated this way & I’m being serious if you truly care about yourself don’t allow him to do this to you & take charge of your life!!! If you stay with this guy your honestly being stupid , Your already alone if you haven’t seen him in almost 2 months & the first thing he does is put his cock in your mouth ? Get serious about this! Your already alone & you need to drop his scumbag ass he prolly only sees you to get money for dope and to get some pussy . That’s the god honest truth I bet he’s never done a single truly romantic thing for you . Do you have anyone that can help you? I have a million questions for you so pm if you would like I honestly feel bad for you & wish to see you posting happy things & sober accomplishments! 

    Reading your post made me so sad & I don’t even know you , I’ve seen you around & I know your worth so much more than this . Leave this dirtbag if you care about yourself.. & never look back he’s using you and you know it so why keep hurting yourself ? 

Pm if anything I wish you the absolute best !! And keep us updated . Hope you drop him like a bad habit 👍💯.  If you stay your asking for it though . You already know what he’s using you for so if you think it’s worth keeping him that’s on you but I guarantee you he probably don’t give a shit about you if you dropped dead . He sounds like a person that would just leave you in some random bando if you OD’d ..",opiates
6vewqo,Best way to get quality buds from online in the US,"Hey , don’t let yourself be treated this way & I’m being serious if you truly care about yourself don’t allow him to do this to you & take charge of your life!!! If you stay with this guy your honestly being stupid , Your already alone if you haven’t seen him in almost 2 months & the first thing he does is put his cock in your mouth ? Get serious about this! Your already alone & you need to drop his scumbag ass he prolly only sees you to get money for dope and to get some pussy . That’s the god honest truth I bet he’s never done a single truly romantic thing for you . Do you have anyone that can help you? I have a million questions for you so pm if you would like I honestly feel bad for you & wish to see you posting happy things & sober accomplishments! 

    Reading your post made me so sad & I don’t even know you , I’ve seen you around & I know your worth so much more than this . Leave this dirtbag if you care about yourself.. & never look back he’s using you and you know it so why keep hurting yourself ? 

Pm if anything I wish you the absolute best !! And keep us updated . Hope you drop him like a bad habit 👍💯.  If you stay your asking for it though . You already know what he’s using you for so if you think it’s worth keeping him that’s on you but I guarantee you he probably don’t give a shit about you if you dropped dead . He sounds like a person that would just leave you in some random bando if you OD’d ..",CanadianMOMs
6vfhb4,Guys how do you make more money ?,"Hey , don’t let yourself be treated this way & I’m being serious if you truly care about yourself don’t allow him to do this to you & take charge of your life!!! If you stay with this guy your honestly being stupid , Your already alone if you haven’t seen him in almost 2 months & the first thing he does is put his cock in your mouth ? Get serious about this! Your already alone & you need to drop his scumbag ass he prolly only sees you to get money for dope and to get some pussy . That’s the god honest truth I bet he’s never done a single truly romantic thing for you . Do you have anyone that can help you? I have a million questions for you so pm if you would like I honestly feel bad for you & wish to see you posting happy things & sober accomplishments! 

    Reading your post made me so sad & I don’t even know you , I’ve seen you around & I know your worth so much more than this . Leave this dirtbag if you care about yourself.. & never look back he’s using you and you know it so why keep hurting yourself ? 

Pm if anything I wish you the absolute best !! And keep us updated . Hope you drop him like a bad habit 👍💯.  If you stay your asking for it though . You already know what he’s using you for so if you think it’s worth keeping him that’s on you but I guarantee you he probably don’t give a shit about you if you dropped dead . He sounds like a person that would just leave you in some random bando if you OD’d ..",lyftdrivers
6zd1t5,My baby loves to play!,"Hey , don’t let yourself be treated this way & I’m being serious if you truly care about yourself don’t allow him to do this to you & take charge of your life!!! If you stay with this guy your honestly being stupid , Your already alone if you haven’t seen him in almost 2 months & the first thing he does is put his cock in your mouth ? Get serious about this! Your already alone & you need to drop his scumbag ass he prolly only sees you to get money for dope and to get some pussy . That’s the god honest truth I bet he’s never done a single truly romantic thing for you . Do you have anyone that can help you? I have a million questions for you so pm if you would like I honestly feel bad for you & wish to see you posting happy things & sober accomplishments! 

    Reading your post made me so sad & I don’t even know you , I’ve seen you around & I know your worth so much more than this . Leave this dirtbag if you care about yourself.. & never look back he’s using you and you know it so why keep hurting yourself ? 

Pm if anything I wish you the absolute best !! And keep us updated . Hope you drop him like a bad habit 👍💯.  If you stay your asking for it though . You already know what he’s using you for so if you think it’s worth keeping him that’s on you but I guarantee you he probably don’t give a shit about you if you dropped dead . He sounds like a person that would just leave you in some random bando if you OD’d ..",aww
717y8u,The worst thing ever just fucking happened .,"Hey , don’t let yourself be treated this way & I’m being serious if you truly care about yourself don’t allow him to do this to you & take charge of your life!!! If you stay with this guy your honestly being stupid , Your already alone if you haven’t seen him in almost 2 months & the first thing he does is put his cock in your mouth ? Get serious about this! Your already alone & you need to drop his scumbag ass he prolly only sees you to get money for dope and to get some pussy . That’s the god honest truth I bet he’s never done a single truly romantic thing for you . Do you have anyone that can help you? I have a million questions for you so pm if you would like I honestly feel bad for you & wish to see you posting happy things & sober accomplishments! 

    Reading your post made me so sad & I don’t even know you , I’ve seen you around & I know your worth so much more than this . Leave this dirtbag if you care about yourself.. & never look back he’s using you and you know it so why keep hurting yourself ? 

Pm if anything I wish you the absolute best !! And keep us updated . Hope you drop him like a bad habit 👍💯.  If you stay your asking for it though . You already know what he’s using you for so if you think it’s worth keeping him that’s on you but I guarantee you he probably don’t give a shit about you if you dropped dead . He sounds like a person that would just leave you in some random bando if you OD’d ..",opiates
71nv11,Got a nice cocktail going tonight (stamps are fent) & got all 5 pills for 10$ ain't that a steal ?!,"Hey , don’t let yourself be treated this way & I’m being serious if you truly care about yourself don’t allow him to do this to you & take charge of your life!!! If you stay with this guy your honestly being stupid , Your already alone if you haven’t seen him in almost 2 months & the first thing he does is put his cock in your mouth ? Get serious about this! Your already alone & you need to drop his scumbag ass he prolly only sees you to get money for dope and to get some pussy . That’s the god honest truth I bet he’s never done a single truly romantic thing for you . Do you have anyone that can help you? I have a million questions for you so pm if you would like I honestly feel bad for you & wish to see you posting happy things & sober accomplishments! 

    Reading your post made me so sad & I don’t even know you , I’ve seen you around & I know your worth so much more than this . Leave this dirtbag if you care about yourself.. & never look back he’s using you and you know it so why keep hurting yourself ? 

Pm if anything I wish you the absolute best !! And keep us updated . Hope you drop him like a bad habit 👍💯.  If you stay your asking for it though . You already know what he’s using you for so if you think it’s worth keeping him that’s on you but I guarantee you he probably don’t give a shit about you if you dropped dead . He sounds like a person that would just leave you in some random bando if you OD’d ..",opiates
720afh,Best way to obtain quality buds without a med card ?,"Hey , don’t let yourself be treated this way & I’m being serious if you truly care about yourself don’t allow him to do this to you & take charge of your life!!! If you stay with this guy your honestly being stupid , Your already alone if you haven’t seen him in almost 2 months & the first thing he does is put his cock in your mouth ? Get serious about this! Your already alone & you need to drop his scumbag ass he prolly only sees you to get money for dope and to get some pussy . That’s the god honest truth I bet he’s never done a single truly romantic thing for you . Do you have anyone that can help you? I have a million questions for you so pm if you would like I honestly feel bad for you & wish to see you posting happy things & sober accomplishments! 

    Reading your post made me so sad & I don’t even know you , I’ve seen you around & I know your worth so much more than this . Leave this dirtbag if you care about yourself.. & never look back he’s using you and you know it so why keep hurting yourself ? 

Pm if anything I wish you the absolute best !! And keep us updated . Hope you drop him like a bad habit 👍💯.  If you stay your asking for it though . You already know what he’s using you for so if you think it’s worth keeping him that’s on you but I guarantee you he probably don’t give a shit about you if you dropped dead . He sounds like a person that would just leave you in some random bando if you OD’d ..",weedporn
7enaid,Only in Newark 😂,"Hey , don’t let yourself be treated this way & I’m being serious if you truly care about yourself don’t allow him to do this to you & take charge of your life!!! If you stay with this guy your honestly being stupid , Your already alone if you haven’t seen him in almost 2 months & the first thing he does is put his cock in your mouth ? Get serious about this! Your already alone & you need to drop his scumbag ass he prolly only sees you to get money for dope and to get some pussy . That’s the god honest truth I bet he’s never done a single truly romantic thing for you . Do you have anyone that can help you? I have a million questions for you so pm if you would like I honestly feel bad for you & wish to see you posting happy things & sober accomplishments! 

    Reading your post made me so sad & I don’t even know you , I’ve seen you around & I know your worth so much more than this . Leave this dirtbag if you care about yourself.. & never look back he’s using you and you know it so why keep hurting yourself ? 

Pm if anything I wish you the absolute best !! And keep us updated . Hope you drop him like a bad habit 👍💯.  If you stay your asking for it though . You already know what he’s using you for so if you think it’s worth keeping him that’s on you but I guarantee you he probably don’t give a shit about you if you dropped dead . He sounds like a person that would just leave you in some random bando if you OD’d ..",opiates
7ktt4v,My 13 year old Texas western hognose he was the coolest snake when I was 8 haha,"Hey , don’t let yourself be treated this way & I’m being serious if you truly care about yourself don’t allow him to do this to you & take charge of your life!!! If you stay with this guy your honestly being stupid , Your already alone if you haven’t seen him in almost 2 months & the first thing he does is put his cock in your mouth ? Get serious about this! Your already alone & you need to drop his scumbag ass he prolly only sees you to get money for dope and to get some pussy . That’s the god honest truth I bet he’s never done a single truly romantic thing for you . Do you have anyone that can help you? I have a million questions for you so pm if you would like I honestly feel bad for you & wish to see you posting happy things & sober accomplishments! 

    Reading your post made me so sad & I don’t even know you , I’ve seen you around & I know your worth so much more than this . Leave this dirtbag if you care about yourself.. & never look back he’s using you and you know it so why keep hurting yourself ? 

Pm if anything I wish you the absolute best !! And keep us updated . Hope you drop him like a bad habit 👍💯.  If you stay your asking for it though . You already know what he’s using you for so if you think it’s worth keeping him that’s on you but I guarantee you he probably don’t give a shit about you if you dropped dead . He sounds like a person that would just leave you in some random bando if you OD’d ..",Sneks
7n4x1w,Need help is best-feel legit ?,"Hey , don’t let yourself be treated this way & I’m being serious if you truly care about yourself don’t allow him to do this to you & take charge of your life!!! If you stay with this guy your honestly being stupid , Your already alone if you haven’t seen him in almost 2 months & the first thing he does is put his cock in your mouth ? Get serious about this! Your already alone & you need to drop his scumbag ass he prolly only sees you to get money for dope and to get some pussy . That’s the god honest truth I bet he’s never done a single truly romantic thing for you . Do you have anyone that can help you? I have a million questions for you so pm if you would like I honestly feel bad for you & wish to see you posting happy things & sober accomplishments! 

    Reading your post made me so sad & I don’t even know you , I’ve seen you around & I know your worth so much more than this . Leave this dirtbag if you care about yourself.. & never look back he’s using you and you know it so why keep hurting yourself ? 

Pm if anything I wish you the absolute best !! And keep us updated . Hope you drop him like a bad habit 👍💯.  If you stay your asking for it though . You already know what he’s using you for so if you think it’s worth keeping him that’s on you but I guarantee you he probably don’t give a shit about you if you dropped dead . He sounds like a person that would just leave you in some random bando if you OD’d ..",fentanyl
7xs1nq,Can anyone help me with methadone .,"Hey , don’t let yourself be treated this way & I’m being serious if you truly care about yourself don’t allow him to do this to you & take charge of your life!!! If you stay with this guy your honestly being stupid , Your already alone if you haven’t seen him in almost 2 months & the first thing he does is put his cock in your mouth ? Get serious about this! Your already alone & you need to drop his scumbag ass he prolly only sees you to get money for dope and to get some pussy . That’s the god honest truth I bet he’s never done a single truly romantic thing for you . Do you have anyone that can help you? I have a million questions for you so pm if you would like I honestly feel bad for you & wish to see you posting happy things & sober accomplishments! 

    Reading your post made me so sad & I don’t even know you , I’ve seen you around & I know your worth so much more than this . Leave this dirtbag if you care about yourself.. & never look back he’s using you and you know it so why keep hurting yourself ? 

Pm if anything I wish you the absolute best !! And keep us updated . Hope you drop him like a bad habit 👍💯.  If you stay your asking for it though . You already know what he’s using you for so if you think it’s worth keeping him that’s on you but I guarantee you he probably don’t give a shit about you if you dropped dead . He sounds like a person that would just leave you in some random bando if you OD’d ..",opiates
7z2k9o,Supposably sum sherbet 👌💯doubt it but still some great smoke .,"Hey , don’t let yourself be treated this way & I’m being serious if you truly care about yourself don’t allow him to do this to you & take charge of your life!!! If you stay with this guy your honestly being stupid , Your already alone if you haven’t seen him in almost 2 months & the first thing he does is put his cock in your mouth ? Get serious about this! Your already alone & you need to drop his scumbag ass he prolly only sees you to get money for dope and to get some pussy . That’s the god honest truth I bet he’s never done a single truly romantic thing for you . Do you have anyone that can help you? I have a million questions for you so pm if you would like I honestly feel bad for you & wish to see you posting happy things & sober accomplishments! 

    Reading your post made me so sad & I don’t even know you , I’ve seen you around & I know your worth so much more than this . Leave this dirtbag if you care about yourself.. & never look back he’s using you and you know it so why keep hurting yourself ? 

Pm if anything I wish you the absolute best !! And keep us updated . Hope you drop him like a bad habit 👍💯.  If you stay your asking for it though . You already know what he’s using you for so if you think it’s worth keeping him that’s on you but I guarantee you he probably don’t give a shit about you if you dropped dead . He sounds like a person that would just leave you in some random bando if you OD’d ..",weedporn
83nhwr,Goddamn I love my bud.,"Hey , don’t let yourself be treated this way & I’m being serious if you truly care about yourself don’t allow him to do this to you & take charge of your life!!! If you stay with this guy your honestly being stupid , Your already alone if you haven’t seen him in almost 2 months & the first thing he does is put his cock in your mouth ? Get serious about this! Your already alone & you need to drop his scumbag ass he prolly only sees you to get money for dope and to get some pussy . That’s the god honest truth I bet he’s never done a single truly romantic thing for you . Do you have anyone that can help you? I have a million questions for you so pm if you would like I honestly feel bad for you & wish to see you posting happy things & sober accomplishments! 

    Reading your post made me so sad & I don’t even know you , I’ve seen you around & I know your worth so much more than this . Leave this dirtbag if you care about yourself.. & never look back he’s using you and you know it so why keep hurting yourself ? 

Pm if anything I wish you the absolute best !! And keep us updated . Hope you drop him like a bad habit 👍💯.  If you stay your asking for it though . You already know what he’s using you for so if you think it’s worth keeping him that’s on you but I guarantee you he probably don’t give a shit about you if you dropped dead . He sounds like a person that would just leave you in some random bando if you OD’d ..",weedporn
859eqi,How do people actually get on methadone ???,"Hey , don’t let yourself be treated this way & I’m being serious if you truly care about yourself don’t allow him to do this to you & take charge of your life!!! If you stay with this guy your honestly being stupid , Your already alone if you haven’t seen him in almost 2 months & the first thing he does is put his cock in your mouth ? Get serious about this! Your already alone & you need to drop his scumbag ass he prolly only sees you to get money for dope and to get some pussy . That’s the god honest truth I bet he’s never done a single truly romantic thing for you . Do you have anyone that can help you? I have a million questions for you so pm if you would like I honestly feel bad for you & wish to see you posting happy things & sober accomplishments! 

    Reading your post made me so sad & I don’t even know you , I’ve seen you around & I know your worth so much more than this . Leave this dirtbag if you care about yourself.. & never look back he’s using you and you know it so why keep hurting yourself ? 

Pm if anything I wish you the absolute best !! And keep us updated . Hope you drop him like a bad habit 👍💯.  If you stay your asking for it though . You already know what he’s using you for so if you think it’s worth keeping him that’s on you but I guarantee you he probably don’t give a shit about you if you dropped dead . He sounds like a person that would just leave you in some random bando if you OD’d ..",opiates
85q33e,Is this sourcing ?,"Hey , don’t let yourself be treated this way & I’m being serious if you truly care about yourself don’t allow him to do this to you & take charge of your life!!! If you stay with this guy your honestly being stupid , Your already alone if you haven’t seen him in almost 2 months & the first thing he does is put his cock in your mouth ? Get serious about this! Your already alone & you need to drop his scumbag ass he prolly only sees you to get money for dope and to get some pussy . That’s the god honest truth I bet he’s never done a single truly romantic thing for you . Do you have anyone that can help you? I have a million questions for you so pm if you would like I honestly feel bad for you & wish to see you posting happy things & sober accomplishments! 

    Reading your post made me so sad & I don’t even know you , I’ve seen you around & I know your worth so much more than this . Leave this dirtbag if you care about yourself.. & never look back he’s using you and you know it so why keep hurting yourself ? 

Pm if anything I wish you the absolute best !! And keep us updated . Hope you drop him like a bad habit 👍💯.  If you stay your asking for it though . You already know what he’s using you for so if you think it’s worth keeping him that’s on you but I guarantee you he probably don’t give a shit about you if you dropped dead . He sounds like a person that would just leave you in some random bando if you OD’d ..",opiates
