Comment_ID,Comment_Submission,Comment_Text,Subreddit
duxxr5j,Official Ticket Buy/Sell/Trade Thread,LOOKING FOR: Chicago 1 or 2 GA (Saturday 7/7),radiohead
duxyuvy,"These are in my area again. Yellow 30s, and I love em 🤪","I'm curious, why do people smoke oxycodone instead of just eating it or, if your looking for a faster onset, snort it? Does it hit harder, is it a better or longer high?",opiates
duzx5el,"These are in my area again. Yellow 30s, and I love em 🤪","Ah I see, thank you for the response. To each his own puts it perfectly.",opiates
dvjkgl2,What songs do you think or hope will be played in the upcoming tour that haven't been played in a long time?,"Well realistically I'd like Go to Sleep. If I'm just going with something super unlikely then High and Dry. I'm highly doubting that since, as someone said above me, Thom hates it. One can always hope though!",radiohead
dvjl6pj,Song of the Week: emotional haircut,While I don't think this is a bad song by any means I just can't seem to get into it. I've seen it live twice and while seeing a LCD song live it usually makes it more enjoyable to listen to on the LP afterwards for me this one just really didn't. It is my least favorite song on the album but maybe one day it'll really grow on me.,LCDSoundsystem
dvjnjxn,Getting hyped! What concerts are seeing to hold yourself off into Lolla?!,"Cut Copy (The Riv), Jack White (Milwaukee), Bishop Briggs (The Metro), LCD Soundsystem vs. Yeah Yeah Yeahs (Hollywood Bowl; both nights), Yeah Yeah Yeahs (Aragon Ballroom), Radiohead (United Center; both nights), Arcade Fire (Milwaukee).. I would also like to hit one of the nights of Foo Fighters but only if I can find a decently priced ticket and I'm doubting that.",Lollapalooza
dw0xjbg,Looks like The Weeknd-Bruno Mars-Arctic Monkeys-Jack White,"•July 13: Jimmy Buffet and the Coral Reefer Band.
•July 14: Def Leppard and Journey.
•July 29 & July 30: Foo Fighters.
•August 18 & August 20: Pearl Jam.
•September 1: Luke Bryan.
•September 7: Billy Joel.
•September 8: Fall Out Boy with Rise Against and Machine Gun Kelly

Those bands not being there is what's hurting Lollapalooza? I'm personally glad none of these people are playing. Foo Fighters is the only one I want to see at all but they play such long shows that I'd rather see them somewhere they can play as long as they want. They played an official aftershow last year at the Metro despite not even playing the fest so I don't think crowd size matters to them as the Metro's capacity is 1100.",Lollapalooza
dw0xyl1,Looks like The Weeknd-Bruno Mars-Arctic Monkeys-Jack White,I agree I think it's pretty much a lock because Lollapalooza is way bigger than Riot Fest but yea if not Lolla it'll be RF for sure. I'm driving up to Milwaukee in exactly a month to see him at the Rave!,Lollapalooza
dw0z2xi,Looks like The Weeknd-Bruno Mars-Arctic Monkeys-Jack White,I felt that same way about The xx when pretty much everyone in the park was at Chance the Rapper. It wasn't the best show ever for me but it was a great show made even better by a small crowd.,Lollapalooza
dw107ta,Looks like The Weeknd-Bruno Mars-Arctic Monkeys-Jack White,"I wasn't saying Wrigley Field is a bad venue, I'm just trying to say if anyone playing Wrigley this year, besides Foo and PJ, was a headliner people would be pissed. Also, that's not how it works for bands getting paid for festivals. They don't get a cut, they get a set payment regardless of the ticket sales.",Lollapalooza
dw1y33x,Lollapalooza 2018 Lineup,"You thought the aftershow at the Concord, which oddly was before the fest, wasn't that great? I thought they absolutely killed it. Starting with 3rd Planet and ending with Float On and hitting pretty much every major song along the way. I didn't see them at Riot Fest though so I can't speak to that.",Lollapalooza
dw33rn1,From a Basement on the Hill: Survivor (Round 6),"I agree. I don't understand why people get so upset over these. It's not just the Elliott page either, it's like that with LCD Soundsystem as well and I'm sure others that I don't read. I vote but I don't have any hard feelings if the song I voted for doesn't get voted out.",elliottsmith
dw36k9f,"Radiohead, if there’s any chance you’re reading this, please for the love of God play more songs from Kid A during the 2018 tour","That was one of the best concerts I've ever seen. The Karma Police sing along to end it was just perfect. Man, I hope their United Center shows are as good!",radiohead
dw9qqmf,"Radiohead, if there’s any chance you’re reading this, please for the love of God play more songs from Kid A during the 2018 tour",If you had to pick just one show to go back to of those 4 which would you pick?,radiohead
dw9re5m,LCD Soundsystem Madness Bracket: Round One!,Seriously! Followed by Dance Yrself Clean vs Us vs Them. The 2 toughest calls IMO,LCDSoundsystem
dwi3wu2,Saturday Sold Out,"Ever since 2012 all single day tickets usually sell out the day they were put on sale. Saturday is always the quickest to go regardless of who's playing. It used to be different though. In 2010 I went on Sunday and bought 2 tickets at the box office at 1PM that day to see MGMT, Cypress Hill and Arcade Fire.",Lollapalooza
dwjzae0,FYF Line Up :/,Now that I see she's doing fests around the United States I wish Florence was in place of Bruno Mars for Lollapalooza. I know she was there in 2015 but so was The Weeknd.,Lollapalooza
dwk77u9,Aftershow Wishes?,I second Vampire Weekend at the Metro! Arcade Fire was amazing there last year.,Lollapalooza
dww1tb8,Oof,"Well besides that it has a higher BA when used orally as opposed to intranasal, it could be it just doesn't absorb well nasally for you. I'm not a fan of snorting oxy either, but have friends who swear by it and would never eat a pill.",opiates
dww4bv5,Kratom sucks!!!,You mean 15-20 grams** right?,opiates
dww4xdz,Deluxe bundles back online today,"Thank you!! Finally snagged a bundle, now I'm just hoping I get it within the next 60 days.",LCDSoundsystem
dwxzp0t,Your worst Lolla conflicts ever -- come tell the tale,"Well I hope you went back last year and saw Cage AND Run the Jewels! Bastille vs City & Colour was def a tough one for me too. I picked C&C and it was good but I was sad he didn't play ""The Girl"" though.",Lollapalooza
dwy3dy7,Kratom sucks!!!,"That's what I figured, no worries dude just wanted to make sure.",opiates
dwy3q7r,Oof,"For me absolutely not, I honestly can't feel much of a difference besides that it kicks in a bit faster. I have a feeling a lot of people would disagree with me though.",opiates
dwy3vw8,Your worst Lolla conflicts ever -- come tell the tale,"Nice! I saw RTJ in 2014 but not at Lolla, I caught them at the Double Door Aftershow. Yea, I remember it raining pretty hard during those sets so maybe that had something to do with the shit sound.",Lollapalooza
