Submission_ID,Submission_Title,Submission_Text,Subreddit
85ulbz,Triazolam (Halcion) or Temazepam (Restoril)?,"4 days is usually the average for the Alprazolam to leave your system for a urine test.
I'm pretty sure Etizolam will show up on a urine test.

There are some good replacements but without a doctor those will be harder to come by. But if you can see a doctor I would try to get something like Gabapentin (Neurontin) or even Lyrica (Pregabalin). Those would be my first choice. If not those maybe even Baclofen would help. Vistaril helps some people too but its like a prescription benadryl essentially.

Edit: If you can only obtain medications illegally, I would highly suggest Kratom. It's legal in most states and you usually receive your order in 2 days. It would be very helpful to where you may feel no withdrawals. Some people have used it to come off of benzos completely.",benzodiazepines
