Comment_ID,Comment_Submission,Comment_Text,Subreddit
dagc0ku,[f4m] 23 Philly PA blow job fun today only,hey - i pm'd you my kik - i'll send you pics there if you send me a message.,dirtyr4r
davgemg,27 [f4m] South Jersey/Philly-looking for casual fun.,hey beautiful - pm'd you,dirtyr4r
dedy4jx,"30 [F4M] Lost a regular, looking to replace in #philadelphia",pm'd you - really hoping to hear from you!,RandomActsOfBlowJob
df1b1ph,[24/f] Why do you find the white girl clearly prettier than the black girl?,im a white guy and i found the black girl exponentially more attractive.,phillyr4r
diwmi4h,"30 [F4M] Ready, willing and able mouth in Center City #Philadelphia",Reached out - ready as always,RandomActsOfBlowJob
dlhrr5s,30 [F4M] Back to my old tricks in #philadelphia,hey - pm'd you. kik me!,RandomActsOfBlowJob
dml6a5h,30 [F4M] Back to my old tricks in #philadelphia,"fizzy, you break my heart at least once a month!",RandomActsOfBlowJob
dn02ha9,[SUCCESS] [F4M] #Philly Round 2 with the world champion of eating pussy,honestly at this point I think I just want to watch this.,RandomActsOfMuffDive
drcyj3u,[SUCCESS] [F4M] #Philly Round 2 with the world champion of eating pussy,"i'm a little salty - like rick flair said, in order to be the best, you gotta beat the best, and no one ever let me compete. so just saying, i deserve a shot to contend here.",RandomActsOfMuffDive
duhc9c0,"(F) looking for couples only... or lesbian, add kik at AustinKeller901",You’re perfect,gonewild
dweihui,any suggestions for Discord servers?,"haha at least no one can say I’m fake. I’ve actually had some luck there, btw",opiates
dweimhd,any suggestions for Discord servers?,"Yea, more recently",opiates
dweinjc,any suggestions for Discord servers?,shooter gotta shoot,opiates
dweiv7m,any suggestions for Discord servers?,More than one game to play guy,opiates
dwh8u4a,any suggestions for Discord servers?,wat.,opiates
dwu1f0a,Connect from cold cop always coming correct,you’re headed for a way better night than me,opiates
