Submission_ID,Submission_Title,Submission_Text,Subreddit
5gtr9d,looking in #Philadelphia or SouthJersey,hey - i pm'd you my kik - i'll send you pics there if you send me a message.,RandomActsOfMuffDive
5gttk6,looking in #Philadelphia and SouthJersey,hey - i pm'd you my kik - i'll send you pics there if you send me a message.,RandomActsOfBlowJob
5gtvrb,Sit on my phace in #philadelphia! M4F,hey - i pm'd you my kik - i'll send you pics there if you send me a message.,RandomActsOfMuffDive
5gw6jf,M4F looking in #Philadelphia and SouthJersey,hey - i pm'd you my kik - i'll send you pics there if you send me a message.,RandomActsOfBlowJob
7yiagf,m4f looking for fun in San Francisco #sf_bay,hey - i pm'd you my kik - i'll send you pics there if you send me a message.,dirtyr4r
7yijwi,"[M4F] #bayarea looking for fun, staying at the Fairmont",hey - i pm'd you my kik - i'll send you pics there if you send me a message.,RandomActsOfMuffDive
7yizze,[m4w] #bayarea alone at the Fairmont in San Francisco - posting with the right flare this time...,hey - i pm'd you my kik - i'll send you pics there if you send me a message.,RandomActsOfBlowJob
7yj2b4,[m4f] #bayarea alone at the Fairmont in San Francisco - posting with the right flare this time...,hey - i pm'd you my kik - i'll send you pics there if you send me a message.,RandomActsOfBlowJob
87ox91,any suggestions for Discord servers?,hey - i pm'd you my kik - i'll send you pics there if you send me a message.,opiates
