Comment_ID,Comment_Submission,Comment_Text,Subreddit
dozio14,RIP Memphis,Was he from Memphis? Was that a nickname?,opiates
doziozl,RIP Memphis,Lol I just asked same question for same reason,opiates
dozk4zv,RIP Memphis,How old was he?,opiates
dozk84y,RIP Memphis,"Damn I wonder if I knew him, know his real name?",opiates
dqn0qio,"Target's new gift card, scans on back of metal coin","By the way, the whole coin is the gift card. Pretty cool play on BTC I feel.",Bitcoin
dqr0akx,Fuckin tweakers,"You're the only tweaker we like, plus you're off the tweak :)",opiates
dqs5hi8,Lease vs Own Car - NY - PLEASE HELP,I also forgot to mention I have $6k in cash ready for this.,personalfinance
dqs5l38,Lease vs Own Car - NY - PLEASE HELP,"Thanks for reading that but I am 45min outside of the city and a car is a necessity for my daily life. And I also forgot to mention I was wanting a truck (4-door, small bed) because I do have to move things around a lot I do not want inside my car or just simply don't fit, this would help with that.",personalfinance
dqt0leh,Lease vs Own Car - NY - PLEASE HELP,"Thanks for all the help, the depreciation in these Tacoma's is so low I think I'm gonna go ahead and just buy a 3+ year old one I can later re-sell without too much loss.

That is what seems like the best option at the moment.",personalfinance
dqt0ofe,North Mississippi/Memphis,PM me,mdma_rollcall
dqwi501,Lil light bulb & Fan engravements on strings,Never seen this before. The cords were about the same length so I wasn't sure which until I noticed this!,mildlyinteresting
dqwnepr,Lil light bulb & Fan engravements on strings,Damn that would piss me off but funny for visitors.,mildlyinteresting
dtgf0yk,Also lost PGP key,"Sigh. Same exact situation, corrupt HD that needed a restore, lost my PGP keys. Looking everywhere for them - like rooting the HD and trying to recover files. I found keys but I think they must be older ones cause they aren’t working (even though they have the correct name - I probably need to make a post about how to recover my keys since I think they still technically exist).

I have been dying without the site, and even worse I had 3 invites just sitting there.... now I can’t do anything :’(

I have every transaction BTC address and info I ever used on CGMC (cold storage), would that help the support team believe me? And the fact I can give my old public PGP key under the exact same name? I feel like it’s more of a computer certificate problem than the key itself...

But when I encrypt and decrypt using the public and private keys under the correct name (from about the same time I joined CGMC so I was so happy when I found them, was positive I got it right, but sadly couldn’t decrypt if. My main 2 markets gone..... and most important ones).",CGMC_Market
dtgf1lm,Lost PGP key,"Sigh. Same exact situation, corrupt HD that needed a restore, lost my PGP keys. Looking everywhere for them - like rooting the HD and trying to recover files. I found keys but I think they must be older ones cause they aren’t working (even though they have the correct name - I probably need to make a post about how to recover my keys since I think they still technically exist).

I have been dying without the site, and even worse I had 3 invites just sitting there.... now I can’t do anything :’(

I have every transaction BTC address and info I ever used on CGMC (cold storage), would that help the support team believe me? And the fact I can give my old public PGP key under the exact same name? I feel like it’s more of a computer certificate problem than the key itself...

But when I encrypt and decrypt using the public and private keys under the correct name (from about the same time I joined CGMC so I was so happy when I found them, was positive I got it right, but sadly couldn’t decrypt if. My main 2 markets gone..... and most important ones).

Luckily no active orders though...",CGMC_Market
dtweb90,Bug??,Same problem here - and with everyone I think. Saddest part is I have an account with 3 invites on it but I think my PGP keys are erased due to a corrupt HD sector...,CGMC_Market
dtzmt12,Help.Beginner here. Couldn't login/register!?,Does the request page change after requesting an invite code? It doesn’t for me or others it looks like.,CGMC_Market
du01f4a,Help.Beginner here. Couldn't login/register!?,Where does the invite code go? Mine just takes me back to the request an invite page,CGMC_Market
du01h7f,Help.Beginner here. Couldn't login/register!?,:( and I lost the pgp keys (99%) to my other account or can’t get their backups working,CGMC_Market
dvvg1d4,How to use Nano Ledger S on Tails 3.6?,3.0.6,tails
dvwr5ir,How to use Nano Ledger S on Tails 3.6?,"Pretty damn close, 3.0.6",tails
dvwr65c,How to use Nano Ledger S on Tails 3.6?,Can’t wait.,tails
dw3gmjn,12.am EST Down for everyone?,"Recently there have been constant attacks on the site. From DDoS to others. Please be patient while security updates are being fixed; I am in the same boat as all of you, waiting.",CGMC_Market
dwnjgta,Mmmmm 😈💦,Lmao right compared to the profit margins,opiates
dwnljju,"I can't begin to express how grateful I am for our guardian angel, Tracey. Thank you so much.",It’s all I would use. They slide in so damn smooth.,opiates
dwvl5r2,"When your friend tells you he got percs but follows it with ""but you're not getting any"".",He obv wants sex for the pills (from a past relationship at least?).,opiates
