Submission_ID,Submission_Title,Submission_Text,Subreddit
5lw4vq,Nice lil motivator for us from r/GetMotivated,Was he from Memphis? Was that a nickname?,opiates
5mfdt6,"Not a big ""Stitches"" fan but oh well this goes for most of us",Was he from Memphis? Was that a nickname?,opiates
5n2itn,LPT for r/opiates: WesternUnion Prepaid Netspend Card,Was he from Memphis? Was that a nickname?,opiates
5rl5oq,Please be careful guys,Was he from Memphis? Was that a nickname?,opiates
5spdir,This is sick...,Was he from Memphis? Was that a nickname?,opiates
5tbfi2,Which one of you was on this flight?,Was he from Memphis? Was that a nickname?,opiates
5vkpwd,"Trueeee ""what I like""",Was he from Memphis? Was that a nickname?,opiates
5x7sec,The sad truth.... every time,Was he from Memphis? Was that a nickname?,opiates
5xdxlj,Low dose stims (and opiates?) causes reverse tolerance?,Was he from Memphis? Was that a nickname?,opiates
5zofad,Speedball night!,Was he from Memphis? Was that a nickname?,opiates
60cdgj,Thought this was hilariously appropriate,Was he from Memphis? Was that a nickname?,opiates
67bjbm,Micro-dosing subs while on full agonists,Was he from Memphis? Was that a nickname?,opiates
67e9ru,Not me but congrats to this mans 6 months sobriety!,Was he from Memphis? Was that a nickname?,opiates
67ub3p,When your only (IM) rig is 21.5guage but you're still gonna IV,Was he from Memphis? Was that a nickname?,opiates
67xd20,Breakfast,Was he from Memphis? Was that a nickname?,opiates
6cyykj,Fastest USA Domestic (Red?) Vendor - BTC or CC,Was he from Memphis? Was that a nickname?,kratom
6n5nil,Roll call?,Was he from Memphis? Was that a nickname?,opiates
6ys8vo,New KPin Script :),Was he from Memphis? Was that a nickname?,benzodiazepines
72hmqu,Motorola Cable Modem / 2 different wireless routers - all 3 items sold separately (or combined... whatever buyers request is),Was he from Memphis? Was that a nickname?,forsale
7gztw4,"Target's new gift card, scans on back of metal coin",Was he from Memphis? Was that a nickname?,Bitcoin
7hml99,Lease vs Own Car - NY - PLEASE HELP,Was he from Memphis? Was that a nickname?,personalfinance
7i6zke,Lil light bulb & Fan engravements on strings,Was he from Memphis? Was that a nickname?,mildlyinteresting
7is9bq,Great news! Sunday delivery has begun!,Was he from Memphis? Was that a nickname?,CGMC_Market
7w2j3x,Lost my PGP keys - invite link not working?,Was he from Memphis? Was that a nickname?,CGMC_Market
856zzu,How to use Nano Ledger S on Tails 3.6?,Was he from Memphis? Was that a nickname?,tails
