Comment_ID,Comment_Submission,Comment_Text,Subreddit
dwhv33o,How to filter meth,I'm not a user I was just curious,Stims
dwhvfvp,How to filter meth,"I get it, if you're on here you're likely a user. I just like the thought of it. Not using it and not planning on. The farthest I've come to stims is some amino acids.",Stims
dwi272f,How to get rid of 90 percent of side effects,Stop for the evening and take something to sleep as soon as the meth stops working. Seeing the meth addict would like to get a better high he or she would see the benefit of sleep.,Stims
dwi2g8u,How to get rid of 90 percent of side effects,"Any addict of any drug would do something that increases their high without the added tolerance or dose increase while simultaneously increasing their day to day functioning, if not for their functioning they'd do it for the high.",Stims
dwqwh48,How to get rid of 90 percent of side effects,Improve your sleep by taking some 5HTP and melatonin too,Stims
dwr3c7k,Fasting helps against urges,I am not a user I am just a random guy on the internet trying to give advice to people,opiates
dwr6k2x,Fasting helps against urges,"I have been told by people who are stopping with using, that it helps, if it does help I would love more people to know about it, if it doesn't I'd like to be downvoted to hell. I'm not selling anything and I'm not here to scam you. I'm just telling something I've been told. These people have a history of knowing stuff like this. So I'm assuming they're right",opiates
dwr8624,Fasting helps against urges,Thanks good to know,opiates
