Comment_ID,Comment_Submission,Comment_Text,Subreddit
dveoxn0,"After pot's success, could Denver legalize mushrooms next?",Because some people are cunts?,Drugs
dvfdt6l,"Examine.com updated their ""how much protein do I need?""","I drink 180g worth of protein from shakes a day. They taste fine and cost me a whopping $30 a week. I get another 100+g a day from my unremarkable diet.


Also...anti-social? I dont undertand.",Fitness
dvfecjf,"Virtually every famous actor that has to get jacked for a movie, is put under a HIIT weight lifting routine... Is it better to build lean mass or it's just the same as doing traditional lifting + cardio in two different moments?",One study looking at 43 men from 22 years ago?,Fitness
dvfenlo,Having a shower after gym,"I think its borderline psychotic how disgusted people are by the naked human body.


Why the fuck does everyone care so much? We all look mostly the same. 


Dont you think going to the gym would be a lot more fun if everyone trained naked like in ancient Greece?",Fitness
dvfevvt,"Examine.com updated their ""how much protein do I need?""",You cant standardize that though. 100g of glucose isnt going to have the same impact on my body as it does a diabetic.,Fitness
dvgfnmv,"Examine.com updated their ""how much protein do I need?""","Body fortress. $16 a tub from kroger or walmart. I use about 2 a week.


I make three double (2 scoops) per day mixed with water and heavy cream. Its 30g of protein per scoop.",Fitness
dvhccqs,"How do you know when you have ""done enough"" at the gym?","Man, people here LOVE their soy! 


https://www.ncbi.nlm.nih.gov/pmc/articles/PMC2981010/


There isnt enough info to make a definitive statement one way or the other.


But personally, im going to avoid eating a food that menopausal women eat for hormone therapy.",Fitness
dvhsajt,"How do you know when you have ""done enough"" at the gym?","That article admits soy protects against menopausal hot flashes. Isnt hormone manipulation the most immediate and obvious explanation for that?


The article also takes the ""animal fats and cholesterol cause CV disease and cancer"" stance, while also stating its nonsense to think soy is bad because people have been eating soy for 3,000 years.


Well, people have been eating animals and cholesterol A LOT longer than 3,000 years, so...wtf?",Fitness
dviz9ko,"How do you know when you have ""done enough"" at the gym?","Animals fed soy are inherently not going to have nearly the same concentration of soy-compounds as the plant itself.


Is there any evidence soy-fed animal meat has significant amounts of phytoestrogens?


Of course, your response is pretty much an ad hominem anyway, but i figured id humor you.",Fitness
dvjc20u,Just how damaging is poor form and high intensity?,Arnold Schwarzenegger swore by cheat curls. Plenty of top lifters do.,Fitness
dvqeytv,Eric Serrano - Overhead Deadlift,"For real. When i saw the title i thought ""do they mean overhead squat lockouts off the pins?""",weightroom
dvsg6u6,"Trump's opiod policy will include death penalty for dealers. It doesn't include the death penalty for pharma execs who pump pills by the millions into poor communities, which is how the addiction starts. No, the guys being executed will be the guy who just happens to sell smack to someone who OD's.","I would be fine with it. The liquor store down the street from me sells highly addictive, toxic substances...like liquor.


Its quite convenient actually.",Drugs
dvue9dy,Pfizer CEO gets 61% pay raise—to $27.9 million—as drug prices continue to climb,"I wouldnt be so sure about that.


Combat infantryman is probably more stressful than corporate CEO. Im not one, but i have friends who were. And they got paid dick.


But anyway, how much someone makes isnt about how stressful the job is. Everyone takes as much as they can get. Simple as that. The fat cats can take a lot, so they do.",Drugs
dvwa18t,"Gainers with labour intensive jobs, what is your diet, recovery and training like?","I'm an apprentice mason/laborer.

-Shakes during the day with a lot of heavy cream totaling 180g of protein. A light lunch cause i get sluggish if i eat a lot. Thats why I like the shakes. Large dinners, usually lb+ amounts of meat with veggies. Multivitamins and a vitd during the day. 3500+ cals, ~300g of protein daily.


-Better living through chemistry: coffee, tea, ephedrine, nicotine gum during the work day with l-theanine supplements so my nervous system doesnt explode. Cannabis and whiskey after work for recovery, but no drugs 2 hours before sleep so i can rest. And no stimulants at least 6 hours before sleep.


-Contrast showers. Start hot to clean, then switch to max cold to rinse. Really helps give me energy after a long day. I imagine the cold water helps with inflammation. Stretching/foam rolling when i feel like it.


I think the key is to do things in the gym you dont do when working. For example, I dont jump at work, so I do some jump squats when I train.",gainit
dvz12s5,Working out everyday,"Its a bad idea to use your whole body every day?


I disagree.",Fitness
dw5n9b5,Is it fine to eat most of your protein during breakfast?,"People dont know how the human digestion system works.


The larger the meal, the slower its digested, for all macronutrients. If you ingest a large amount of protein at once, it could be 8 hours or more before it all enters your intestines. Yeah, your body can only handle so much protein at once. The rest sits in your stomach waiting to be digested!


So if you eat your breakfast at 9am, you could easily still have protein in your stomach at 5pm.


You guys overthink this WAY too much. Give the human body a little more credit.",gainit
dw5ogig,Reducing overall mass for MMA,Are you high? Trolling?,Fitness
dw6clb4,Your best tricks for beating low self esteem when lifting?,"Fuck that! Looking at all the smoking hot, half-naked, sweaty women sticking their asses in the air is just about the most motivating thing there is.


In fact, that would be my answer to OPs question: i look around for the hottest chick in the gym and feel the testosterone pump through me.",Fitness
dw9dpuh,Are work out gloves good for you?,"Well, you want your skin to stay soft instead of hard.


So you literally want to be soft.",Fitness
dwbkspf,Steamed guns,"""I love owning slaves!"" -Thomas Jefferson",The_Donald
dwcxglm,"Is it okay to follow a program for my main lifts, but do what I want for the accessories? (Assuming I'm not slacking)","Man, its not like were building nuclear reactors here.


You use your muscles to give gravity the middle finger. Thats mostly it. 


This shit takes about 20 min to learn, not decades.",Fitness
dwevs94,Rant Wednesday,Why do you care?,Fitness
dwo57kz,Sugar addict,Whats the difference? White rice is essentialy a big pile of glucose.,Fitness
dwsfmjt,Found in /trashy. While y'all striking out on Whisper this chick letting the drugs find her.,This one time he fucked a chick. She stole his wallet and gave him AIDS.,opiates
dwuhwjy,"[x-posted w/ permission] Here's 41 pages of notes I've taken from 22 podcasts/interviews/seminars from 3 leading strength and conditioning coaches: Stan Efferding, Matt Wenning, and Charles Poliquin. Summaries, cliffnotes, and personal lessons all provided.","Whats up with peoples fixation on ""broscience""?


These guys are highly successful professionals with long track-records of coaching the best in the world.


They are fantastic sources of info on this topic even though they arent wearing lab coats and dont have fancy pieces of paper from a university saying how smart they are.",Fitness
