Comment_ID,Comment_Submission,Comment_Text,Subreddit
dufbrdr,Thanks to all the customers that leave the wheel lock where I can find it,ceramic like the other guy said + duct tape (glass control) is like there was never a window at all,Justrolledintotheshop
dui85ky,If Lil Pump's Gucci Gang Actually Happened At The Gucci Store,... and they also play music during the shoot to sync shots & rap to,hiphopheads
dvgc6u3,Snapchatting a goth,"Founding member of A$AP (rap, design, video collective) & hip-hop influencer. Passed a few years ago",ScottishPeopleTwitter
dvut8ti,Be careful of massive trades.,"DE sometimes offers to liquidate stuff on your account for you, took me from -2000 to -500. Friend in the same situation (who was less polite with support) still has a -2000 balance, so it's not guaranteed",Warframe
dvux4h3,How often should I change my strain?,"changing strains won't keep your tolerance down unless it's a low THC% strain - it's still smoking weed

That said it's down to personal factors and preference. I change my sativa & hybrids weekly but smoke the same indica for a month or more since I use it mainly for sleep. The less you smoke overall the easier it will be to perceive strain differences",Drugs
dvxg9fi,Another six years of this classic image.,"Yeah, its probably the flag people are taking issue with",PoliticalHumor
dw80lvt,The US Drug supply is tainted with fentanyl. Get naloxone. Be safe.,"Tainted examples of both have been found in Canada (music fest test tents) and if it happens that close by...

(edit:[ source](http://www.ankorsvolunteer.com/uploads/4/6/9/3/46939087/shambhala_2017_ankors_test_results_-_sheet1__1_.pdf))",Drugs
dw80wl1,The US Drug supply is tainted with fentanyl. Get naloxone. Be safe.,"A fake might have irregular shape & imprints, different color, might break up differently, have a different taste...

But it might not. So really, unless you know someone with a script there's no way to be sure",Drugs
dw839p7,The US Drug supply is tainted with fentanyl. Get naloxone. Be safe.,"You could get lucky and test the hotspot, or - more likely - you'll find it later. Liquid reagent testing a larger amount is safer, though still not a guarantee",Drugs
dw885p3,The US Drug supply is tainted with fentanyl. Get naloxone. Be safe.,"agreed. no bottle, no go imo",Drugs
dwaga42,Killer Mike Apologizes for NRA Interview in New Video: Watch | Pitchfork,"watch the videos or read the article and report back with what he's apologizing about

hint: not for sharing his opinion",hiphopheads
dwakqcl,Killer Mike Apologizes for NRA Interview in New Video: Watch | Pitchfork,"Both dude, both. People were even mad about his parenting style, can't see that relating much to the NRA

plus he doesn't agree with the NRA, just wanted to get his message out on a different platform and enable conversation on black gun ownership",hiphopheads
dwalcu3,Killer Mike Apologizes for NRA Interview in New Video: Watch | Pitchfork,There are other forums to do so. Putting your interview in the NRA's hands is a long shot at best and we can see how it went this time - Killer Mike's intended points diminished and the interview used against a campaign which he supports.,hiphopheads
dwanyjl,Killer Mike Apologizes for NRA Interview in New Video: Watch | Pitchfork,"> I'm sorry that an interview I did about a minority—black people in this country—and gun rights was used as a weapon against you guys. That was unfair to you and it was wrong, and it disparaged some very noble work you're doing.


> It should never have been used in contrast to your march and I think it's wrong

https://twitter.com/KillerMike/status/978054153984385024

I think the context in which it was used took the focus away from black gun ownership and his comments make it seem like he feels the same",hiphopheads
dwfcl8i,"Don’t use opiates often, but I can appreciate a good high. Got these beauties today after a dental procedure. Acetaminophen coated in codeine😎","Drinking and acetaminophen ain't so great for your liver, btw",opiates
dwg57cm,"Don’t use opiates often, but I can appreciate a good high. Got these beauties today after a dental procedure. Acetaminophen coated in codeine😎","Cool, willing damage I can deal with",opiates
dwgq13b,"The Mystery of the Terrifying Xanax Resurgence in America: ""Pharmaceutical marketing is often said to be a key cause of the opioid crisis. That doesn't explain the deadly rise of benzos.""",Didn't realize every track mentioning xans shared a genre,Drugs
dwhyuw4,"The Mystery of the Terrifying Xanax Resurgence in America: ""Pharmaceutical marketing is often said to be a key cause of the opioid crisis. That doesn't explain the deadly rise of benzos.""","yup. then you have artists like keef and fredo who can't count their dead homies on both hands and some idiot redditor says shit like this

man acts like xans are new to rap too lol",Drugs
dwi1kbx,"I'm Eric Hafner, a socialist Democrat running for U.S. Congress in Portland, Oregon. I want to legalize all drugs.","The website screams 'make socialists looks like braindead 14 year olds' but he has a lot of decent comments in this thread

this is strange",Drugs
dwi9l47,"[FRESH VIDEO] Tyler, the Creator - OKRA","four

fifty-eight",hiphopheads
dwje36q,"Don't you just love everyone whose personality revolves solely around the fact that they smoke weed is always a ""drug expert"" on literally everything about every drug?","No causative link, one study in which heavy cannabis users' mean-diffusivity (*thought* to be associated with myelin sheath damage and reduced axon bundles) was found to be higher than occasional and non-users

But I don't spend ""months researching"" lol",opiates
dwjfb9m,My weekly commission for bringing ppl to the dboy... there was 50,"Colder water when filtering = more APAP filtered. He's probably filtering 50% or more but it's not hard to get that up. Filtering twice helps

Don't let it freeze though!",opiates
dwjk0ec,Fabolous Allgedly Punched Emily B 7 Times | She Lost 2 Teeth |,because he's nowhere near as popular? why are you trying to start something,hiphopheads
dwptva6,"Legit oxys 10s, yellow bars, good blow, and some weed.","Most fakes have alprazolam, sometimes even extra",opiates
dwxl6fn,Call 911,"not a very good source for your point if it doesn't note civilians or nationality

[here's a better one](https://images.genius.com/283eec66b0038514fbfc1e35fccf8ccb.482x363x1.gif)",MurderedByWords
