Comment_ID,Comment_Submission,Comment_Text,Subreddit
dwme576,"Paediatricians, what’s the strangest behaviour you’ve seen in a kid?","swallow enough BBs long enough, eventually they start to swallow back.",AskReddit
dwmea01,I rep Hillcrest motherfucker!,"part of the reason people do this is because a good few of the people i’ve met in my life believe that you can’t know what true suffering in your life is or even be proud of any accomplishment in your life or be sad about something negative because “yea but you had it easy/you’re lucky that you didn’t grow up with 2 clams for parents, a flood forged raccoon for a half sister and a hollowed our loaf of bread for a home”.",BlackPeopleTwitter
dwna0n8,Netflix acquires Seth Rogen,He signed a deal and gave them 4 of his old movies and 4 new movies. I don't think the money side of the deal he signed with them is public knowledge but yes he most definitely got a stupid sum of money. Every single one of his movies become smash hits over seas which is exactly where Netflix is trying to improve it's membership numbers in. I'd say he got at least $50 million for the deal.,television
dwna47m,Netflix acquires Seth Rogen,All of his movies flop domestically but they're all smash hits overseas. They make tons of money.,television
dwnav3t,Best april fools joke xDD,"Nice, I am Three. Wanna sex?",2007scape
dwp6ah6,Daily reminder to do your clues,"I'll pitch in a full inv of cow hides, in return I get weekend privileges, UNSUPERVISED.",2007scape
dwp6dyb,Daily reminder to do your clues,"Actually the drop rate is actually 50%, it either drops or it doesn't.",2007scape
dwp6ile,Daily reminder to do your clues,"you don't buy clues though?

If every 100 steps a scratch off ticket just appeared at your feet for free you wouldn't do it?",2007scape
dwqfo6a,See the effects of different nuclear bombs at any address in the world.,Goddamn the Tsar Bomba can almost take out an entire small country,InternetIsBeautiful
dwqhgym,Famous Dex releases the cover art for “Dex Meets Dexter”,bihhhhhh boaaaaaaa,hiphopheads
dwqhlnx,Pitchfork gives The Weeknd: My Dear Melancholy a 6.5,I get that people don't like Kissland but how anyone can have it behind Beauty Behind the Madness I don't even know.,hiphopheads
dwqi3an,Pitchfork gives The Weeknd: My Dear Melancholy a 6.5,"Views could've been named ""Lol What if I just bent over and Pooped on the top of Your Head Lol"" and just had One Dance on it and then the rest of the tracks him audibly moaning loudly while he's taking a shit with water plopping sounds every minute or so and the album would've still charted/streamed top 10. I don't think you can take streaming success into account whether a Drake album is good or bad. His team are well aware of what is a hit and what isn't by now and they're going to make sure they have 1 hit on every album before it'll come out.",hiphopheads
dwqj8nk,[FRESH VIDEO] Cardi B - Bartier Cardi (feat. 21 Savage),"Echoes of Silence is such a good album that it gained sentience and split off from the XO brand to create it's own beauty products??? Did The Weeknd give his blessing to EOS to legitimize it's independence or are the two sides still in negotiations but on the brink of going to war, currently setting up port blockades and implementing trade tariffs while accruing armaments and men?",hiphopheads
dwradl3,Forgot your email? Just use the email you forgot!,"inb5 post later named “Just got hacked for 7tril bank, gf Jagex, improve your servers.”",2007scape
dwxe3mi,Life finds a way,It iss Wurdnesday muh derds.,funny
dwxe864,Impressive,BRING BACK THE DOUBLE DOWN,pics
dwxecr6,"Suggestion: Add Thunderfury, Blessed Blade of the Windseeker to raids 2 drops",Eww Cataclysm,2007scape
dwxfc7v,"Astronaut, sailor Hitler?",Edit: Thanks for the gold kind stranger!,WTF
dwxfrj3,"The largest sculpture on earth. (Kerala, India)","Yer missin a wing there, mate.",pics
dwxg2z5,"The largest sculpture on earth. (Kerala, India)",What about the Statue of Liberty?,pics
dwxgqya,Someone brought cheerio donuts into work today,Glazed is good but only if it's made right with fresh soft donut dough and high quality glaze like Kripy Kream makes,mildlyinteresting
dwxgt82,Someone brought cheerio donuts into work today,You should banish him from court!,mildlyinteresting
dwxgvqh,Someone brought cheerio donuts into work today,Ayyyykonnnn.. Konnnnvict.,mildlyinteresting
dwxgxrq,Someone brought cheerio donuts into work today,Damn I wish I was smart enough to comprehend a joke like this!,mildlyinteresting
dwxh954,3D Printed Guardian Sword from Zelda: Breath of the Wild,I think it's Ctrl-G in Microsoft Word,gaming
