Comment_ID,Comment_Submission,Comment_Text,Subreddit
dwv1hxd,Some blues👌,All blues have a lip from the hydraulic press it’s when it’s put in a bottle with 99 more and sealed that the lips rub off. Sometimes they don’t.,opiates
dwv1lov,Some blues👌,Not to mention u can buy movie props that are just sugar pills that look 100% and I’ve bought them bc i was so curious  anything hand pressed will crumble with pressure but u just might be buying a sugar pill so be careful,opiates
dwv1y4c,Ok experts .. which one is real. One is real from a sealed bottle and one was bought online and marketed as “movie props” it’s a basic sugar pill. ..,Mind you.. they BOTH have a “lip” lol,opiates
dwv2u1r,Ok experts. Which one is real and which one is fake?? One is from a sealed bottle and one was bought online that was marketed on a site as “movie props” it’s simply a sugar pill..,I assure you one is real and one is fake.,opiates
dwv2uov,Ok experts. Which one is real and which one is fake?? One is from a sealed bottle and one was bought online that was marketed on a site as “movie props” it’s simply a sugar pill..,If you look close you’ll see the differences,opiates
dwv45cw,Ok experts. Which one is real and which one is fake?? One is from a sealed bottle and one was bought online that was marketed on a site as “movie props” it’s simply a sugar pill..,The left one is real. The right one is a sugared movie prop. Sure it’s got more of a sheen to it but the differences are so minor .. it also is fatter it’s more bubbled at the top. I paid 90 bucks for 100 of them. I was just too curious and honestly I was blown the hell away they crush the same the snap the same. The color is the same. Only it tastes like flour going up ur nose but anyone can get screwed u can only tell the differences when u compare it to a real one and even then it’s minor.,opiates
dwv592o,Nothing like sealed bottles to start my day.,This how the pharmacy gets them straight from the manufacturer.,opiates
dwv5la3,Nothing like sealed bottles to start my day.,Just over 8,opiates
dwv69jb,Ok experts. Which one is real and which one is fake?? One is from a sealed bottle and one was bought online that was marketed on a site as “movie props” it’s simply a sugar pill..,I was curious i saw the pictures and then after I just handed them out to my people to make them aware of what’s out there,opiates
dwv6e27,Ok experts. Which one is real and which one is fake?? One is from a sealed bottle and one was bought online that was marketed on a site as “movie props” it’s simply a sugar pill..,I personally wouldn’t screw someone over but I wanted to know what was out there and what to look for so I don’t get screwed over and so I can help other people NOT get screwed over so yeah worth the 90 bucks.,opiates
dwv6lsb,Ok experts. Which one is real and which one is fake?? One is from a sealed bottle and one was bought online that was marketed on a site as “movie props” it’s simply a sugar pill..,Lol no but I wana be aware of what’s out there so I don’t get screwed,opiates
dwv6pvf,ETH 446 30mg oxycodone,These are so hard to crush lol,opiates
dwv713l,Nothing like sealed bottles to start my day.,21 ea,opiates
dwv7a63,ETH 446 30mg oxycodone,No shit lol well enjoy! Prob when they are right off the press they are hard ..maybe been sitting for a while ? Either way nice find,opiates
dwv8txb,And they say they are hard to get .. 🧐,Everyone needs them for pain til they need them just to wake up and then they need them to not be sick i mean it’s the sad truth of opiates. Your going to get physically addicted to them. They release happy chemicals in ur brain. And then eventually due to tolerance they don’t work for pain anymore and ur just addicted period. And then you just want to subside the wd pain bc you can tolerate your actual pain.,opiates
dwvydgs,Nothing like sealed bottles to start my day.,I have indeed. I usually get around 500 every week,opiates
dwvyf24,Nothing like sealed bottles to start my day.,But believe it or not I really don’t care. I have nothing to prove just thought you would enjoy the pictures.,opiates
dwvygcz,Ok experts. Which one is real and which one is fake?? One is from a sealed bottle and one was bought online that was marketed on a site as “movie props” it’s simply a sugar pill..,Yeah when i get home I will do that for you.,opiates
dwvz7wj,Nothing like sealed bottles to start my day.,The old school 80s that u can still snort from overseas I was getting for a while for 14 lol but yeah it’s not much of a discount but the upside is they are always there. Always. So take the good with the bad,opiates
dwvz9h7,Nothing like sealed bottles to start my day.,Lol about 5-7 days,opiates
dwvzazy,Ok experts. Which one is real and which one is fake?? One is from a sealed bottle and one was bought online that was marketed on a site as “movie props” it’s simply a sugar pill..,Yeah u could. I’ve done that with people that fuxk with me but never more than 1 or 2. lol,opiates
dww12jb,Ok experts. Which one is real and which one is fake?? One is from a sealed bottle and one was bought online that was marketed on a site as “movie props” it’s simply a sugar pill..,Yeah a ton. And the newer ones are even better now. No bubbled top,opiates
dww6l1j,Ok experts. Which one is real and which one is fake?? One is from a sealed bottle and one was bought online that was marketed on a site as “movie props” it’s simply a sugar pill..,Lol exactly. But I’m not a douche first time I meet anyone I give them one to keep to keep a look out. However as time passes and they mess with me I have thrown 1 in here and there when they owed me money and I knew I would never get it back. And I was right they bounced lol but I got my money 5x over 👍,opiates
dwwbxr3,Ok experts. Which one is real and which one is fake?? One is from a sealed bottle and one was bought online that was marketed on a site as “movie props” it’s simply a sugar pill..,I honest to god would never I bought them for the sole purpose to hand them out to my clients. I have been beat more times than I can count and I’m not that dick. Idc whether u believe me or not .. my people know I would never screw them over they know that they can relax with me - the first time of anything with a person they get one of those in every manufacturer for free so they know what’s out there and to be aware.,opiates
dwwc3tj,Ok experts. Which one is real and which one is fake?? One is from a sealed bottle and one was bought online that was marketed on a site as “movie props” it’s simply a sugar pill..,Not to mention screwing someone over is bad business bro. It’s not worth the few hundred or few grand I’d rather have a person trust me for life than take their money and have to worry about looking over my shoulder. Bad fucking karma bro. Don’t be a scum bag and I’m sure so many people are looking at this and their eyes light up.. wasn’t for u jerkoffs it was so people are aware that it’s just not pressed pills out there that u don’t know everything and u can absolutely get beat by a damn sugar pill.,opiates
