Submission_ID,Submission_Title,Submission_Text,Subreddit
89jrip,Time to have an awesome freakin night. Gel patches. I would take 1 patch over 20 blues any day. Any day..,All blues have a lip from the hydraulic press it’s when it’s put in a bottle with 99 more and sealed that the lips rub off. Sometimes they don’t.,opiates
89p8kp,Breakfast 😎 Vs are def one of the strongest brands .. alg’s in a close second.,All blues have a lip from the hydraulic press it’s when it’s put in a bottle with 99 more and sealed that the lips rub off. Sometimes they don’t.,opiates
89tdvr,And they say they are hard to get .. 🧐,All blues have a lip from the hydraulic press it’s when it’s put in a bottle with 99 more and sealed that the lips rub off. Sometimes they don’t.,opiates
8a1gxu,Ok experts. Which one is real and which one is fake?? One is from a sealed bottle and one was bought online that was marketed on a site as “movie props” it’s simply a sugar pill..,All blues have a lip from the hydraulic press it’s when it’s put in a bottle with 99 more and sealed that the lips rub off. Sometimes they don’t.,opiates
