Comment_ID,Comment_Submission,Comment_Text,Subreddit
duxlxk3,Why invest in Stellar?,"I'm sure interested now, thanks for all the info! I'll put some money into it, the project sounds like a wholesome one",xlm
duzxjbs,Hope this clears up the air!,It has a strong support of around $200. I can see another run,litecoin
dv2551g,Litecoin Was The Top Performing Cryptocurrency In February,"I see it going up.. Big potential here for news soon or later, I think it'll stay above $200",LitecoinMarkets
dv25pwv,Litecoin Was The Top Performing Cryptocurrency In February,"It hit a high of $250 in Feb and back in December I believe it hit up to $350. If bitcoin continues to recover, litecoin will follow it.",LitecoinMarkets
dv2nx24,"TIL in the late 1960s some researchers reported that catnip gave people a marijuana-like high when smoked, but it turned out they had simply mixed up the two plants.",And I think cats too,todayilearned
dv3r9a1,I think I have a problem,Thanks Obama?,opiates
dv8zst9,Here's an article about how gamers could mine Vertcoin when AFK :),"I bought a nice prebuilt gaming PC in November for a great price on black Friday. It came with a Nvidia 1070, got lucky buying that before GPU prices doubled. 

I originally bought the PC for gaming, however I got interested in the world of Cryptos and Vertcoin was one of the first and best coins I came across for people like gamers running on at least 1 GPU. 

I've been mining Vertcoin since early December whenever I'm not gaming or not home, or just surfing the web. I've tried ethereum and was not convinced due to the difficulty. 

I'll continue mining vertcoin because ant miners are unable to touch this coin. For those using P2P/local nodes to mine, check out vertcoin easymine website. On that, I mine and receive payouts for vertcoin and another altcoin called Unitus simultaneously. Although Unitus is far back in ranks, it doesn't hurt to collect extra coins!",vertcoin
dv942lp,had a vision about xrp. do not give up,"In my supermarket, its typically $1.30. When on sale its .98 cents..",Ripple
dvbca4o,What if crypto sees no growth this year?,"Iran funds terrorism and Obama gave them pallets of cash during the nuclear deal. Any currency can fund terrorism .. In this case it was the dollar, sent by the US government. 

Crypto will not fail, despite all that BS the news channels have lied or over exagerated about. If anything, more people will research the technology and realize the media lies like usual.",LitecoinMarkets
dvbmm7s,Coinbase announces Index Fund,It does helps give more legitimacy to the Cryptos in general.,CryptoCurrency
dvbmq2e,Coinbase announces Index Fund,Older people who have money to throw around might want to give it a go.,CryptoCurrency
dvfrh1a,Are my bars laced with fent?,We noticed something. It was subtle. My friends don't use opiates and felt it. I took 3-4 bars and felt a very subtle what seemed like opiate high. I'm not 100% sure though,opiates
dvfrn3j,Are my bars laced with fent?,Are they sold at pharmacies?,opiates
dvfvag6,Are my bars laced with fent?,"I took a good amount, if there is fent in em very small amount",opiates
dvg0tbh,Are my bars laced with fent?,Pressed with fent ?,opiates
dvgfeo8,Are my bars laced with fent?,Hell yea they do,opiates
dvh095o,My go to kratom vendor accepts litecoin.,"I love kratom, might start ordering more now that they accept litecoin!",litecoin
dvh713s,Enjoying my speedballing night,More like 50/50 gambling. I've walked out with 2b+ worth $2000 multiple times. I've also got cleaned many times.,opiates
dvvupww,Mess with the crabo you get the stabo!,(ಥ_ಥ),gifs
dvwefv2,Repost: just found on my local...,"Found the same post in my area. The guy takes BTC upfront then has a guy ""drop off"". Not sure if it's a scam to get BTC",opiates
dvwi0fr,Repost: just found on my local...,I was thinking that aswell,opiates
dvy7fp7,Got this beauty for free,"Definitely am, Playing old school runescape !",opiates
dvyce70,Got this beauty for free,Ya bro they have 2007 servers. Its a blast from the past!,opiates
dw69nhq,All of the above,*A few times*,funny
dwx2836,"Coke, klonopin, and methadone",There was a lot more yesterday D:,opiates
