Submission_ID,Submission_Title,Submission_Text,Subreddit
5ycnrx,Every time,"I'm sure interested now, thanks for all the info! I'll put some money into it, the project sounds like a wholesome one",opiates
5yiozz,My neighbor gave me all this for free. It feels like Christmas!,"I'm sure interested now, thanks for all the info! I'll put some money into it, the project sounds like a wholesome one",Flipping
5yjsru,My neighbor gave this to me for free. It feels like Christmas!,"I'm sure interested now, thanks for all the info! I'll put some money into it, the project sounds like a wholesome one",gaming
60jc33,Coke n Bars,"I'm sure interested now, thanks for all the info! I'll put some money into it, the project sounds like a wholesome one",cocaine
60jchc,Coke n Bars,"I'm sure interested now, thanks for all the info! I'll put some money into it, the project sounds like a wholesome one",DrugStashes
60t32e,Nods for Days,"I'm sure interested now, thanks for all the info! I'll put some money into it, the project sounds like a wholesome one",DrugStashes
61boau,"Opana IR 10mg, who wants some?;)","I'm sure interested now, thanks for all the info! I'll put some money into it, the project sounds like a wholesome one",opiates
61jvg7,Hi Stranger,"I'm sure interested now, thanks for all the info! I'll put some money into it, the project sounds like a wholesome one",Drugs
631i5t,Weed made me realize math is enjoyable,"I'm sure interested now, thanks for all the info! I'll put some money into it, the project sounds like a wholesome one",trees
63xiv0,Thoughts on PLUG and Amazon deal?,"I'm sure interested now, thanks for all the info! I'll put some money into it, the project sounds like a wholesome one",StockMarket
68vlxf,"Almost 2 months clean, longest in 4 years.","I'm sure interested now, thanks for all the info! I'll put some money into it, the project sounds like a wholesome one",opiates
6b49hm,The Kratom Cat,"I'm sure interested now, thanks for all the info! I'll put some money into it, the project sounds like a wholesome one",kratom
6dhsjm,/r/Worldnews is starting to accept reality,"I'm sure interested now, thanks for all the info! I'll put some money into it, the project sounds like a wholesome one",The_Donald
6fcug7,My cousin was able to save her own life after she realized she overdosed on heroin while alone,"I'm sure interested now, thanks for all the info! I'll put some money into it, the project sounds like a wholesome one",Drugs
6jyjoe,I Found My Missing Cat During a Late Night Smoke Session,"I'm sure interested now, thanks for all the info! I'll put some money into it, the project sounds like a wholesome one",trees
6jyon3,I Found My Missing Cat During a Late Night Smoke Session.,"I'm sure interested now, thanks for all the info! I'll put some money into it, the project sounds like a wholesome one",Drugs
6nq0c1,Who else is skiing while watching the new Game of Thrones?!,"I'm sure interested now, thanks for all the info! I'll put some money into it, the project sounds like a wholesome one",cocaine
787ory,This is the Best Monday Morning I've had in a while,"I'm sure interested now, thanks for all the info! I'll put some money into it, the project sounds like a wholesome one",trees
7a924y,Scamming Gold Farmers the First Month OSRS was Released (1711k -->1171k),"I'm sure interested now, thanks for all the info! I'll put some money into it, the project sounds like a wholesome one",2007scape
7dzpvl,Ive done almost every drug except acid.. Yesterday i took two tabs for the first time..,"I'm sure interested now, thanks for all the info! I'll put some money into it, the project sounds like a wholesome one",Drugs
7j8bsb,I'm in!,"I'm sure interested now, thanks for all the info! I'll put some money into it, the project sounds like a wholesome one",vertcoin
7lufu4,Dealer left 9g of coke in my car,"I'm sure interested now, thanks for all the info! I'll put some money into it, the project sounds like a wholesome one",Drugs
7mkfah,Don't Give Up Hope,"I'm sure interested now, thanks for all the info! I'll put some money into it, the project sounds like a wholesome one",BreakUps
80q64j,Why invest in Stellar?,"I'm sure interested now, thanks for all the info! I'll put some money into it, the project sounds like a wholesome one",xlm
8aaipo,"Coke, klonopin, and methadone","I'm sure interested now, thanks for all the info! I'll put some money into it, the project sounds like a wholesome one",opiates
