Comment_ID,Comment_Submission,Comment_Text,Subreddit
dwbaieu,"Oops, accidentally wants to murder kids.",EdgY brooooo,thatHappened
dwbgzw3,Revenge hump.,"this video is 30 seconds long, im good with watching it once",BetterEveryLoop
dwbhyne,Perfect tin foil cover.,why'd you post this twice? posting a second time isn't gonna give you anymore upvotes than you did in the first post.,oddlysatisfying
dwbrf3t,"Everyone's tryin to be mean to me today,good luck! Everyone's trying to scam me today,good luck!",wha is that,opiates
dwbvxer,Doggo thrown from plane,boy i just posted this,BetterEveryLoop
dwbw5za,Is it worth it to try to get ADHD medication perscribed?,ritalins shit it wouldn't even be worth it tbh,Stims
dwbw6is,Speed Positive,okay,Stims
dwbw8qb,I cried,"id still try to smoke it, fucc it",trees
dwdbom5,Ambien 10s,they aren't,benzodiazepines
dwdbqle,Thought it was too good to be true when my girlfriends dealer said he had $40 quads but 20 minutes later it was in my hand,"i can believe it, looks pretty shaky and stemmy but hey as long as that shit gets u high",trees
dwf2hti,"11 years ago, an amateur fighter with 2-1 record knocked out Big Nog",that was sad to watch,MMA
dwgz80v,Percocet?,"no don't snort that shit, your friends a moron. that would just cause you to get tons of acetaminophen in your nostril. just pop all 5 and smoke some bud if you got some. expect some itchiness as well",Drugs
dwhhrnc,"If a stem pokes a hole in the blunt, just give it a bandaid","thats a skimpy ass blunt, you should've just rolled a joint",trees
dwjetov,My FUCKING dream,"those dreams are the fucking worst, i remember i had a dream i stole a couple thousand perc 30s and i was so happy, then i woke up to no opiates and a depressed brain",opiates
dwkc4fk,93 year old cannabis,my mouth is just watering thinking about smoking those stems,trees
dwkc6ri,Great day shooting in the gorgeous state of Arizona!,"i absolutely love that tank, but fill that shit my guy",Vaping
dwkcg7h,Faucet - Earl Sweatshirt,absolutely love listening to that album chopped,trees
dwlubn9,What kind of wax pen is this and how do i turn it on?,u got fucked my dude,trees
dwlukt8,Gangsters stab young man to death as he rolls on the ground (Brazil),man whyd i click on it...,watchpeopledie
dwlyufs,For a Busy Week,"ay watch your mouth, i dislike cigs but ill never turn down an american spirit",trees
dwngivu,So it happened,wait what? please dont tell me khabib vs tony got called off,MMA
dwngl4x,So it happened,NO NO NO NO NO NO NO NO GOD FUCKING DAMNIT NO,MMA
dwtb4e0,"highly suggest this juice, im in love 😍",the majesty with a prince tank,VapePorn
dwu11oy,(handcheck) one of the few smok devices that isnt shit. lovin this majesty plus this amazing juice,"i absolutely love it, so glad i got it.",Vaping
dwz3kyb,[Far Cry 5] I don't see nothin' wroOng with a little bump and grind!,why?,GamePhysics
