Submission_ID,Submission_Title,Submission_Text,Subreddit
81svpz,vaping+ice fishing=bliss,EdgY brooooo,VapePorn
81sw0a,vapin on the shitter,EdgY brooooo,Vaping
81ul43,Hole in one,EdgY brooooo,BetterEveryLoop
8377zd,The Catch,EdgY brooooo,Unexpected
837ccr,Spinaroonie,EdgY brooooo,BetterEveryLoop
8391ln,The Catch,EdgY brooooo,instant_regret
84j6pv,"my new piece, need help with a name idea (:",EdgY brooooo,trees
84nga7,Don't forget to clear all the snow off your vehicle,EdgY brooooo,oddlysatisfying
859jt6,proportioning my weed until payday,EdgY brooooo,trees
85khd3,I'll just try and dance on my head. WCGW?,EdgY brooooo,watchpeopledie
86dwbo,"A 17 year old, wearing #17, scored his first goal at 17:17, assisted by #10 and #7.",EdgY brooooo,oddlysatisfying
86eath,looking into this tripping would be dope as fuck,EdgY brooooo,LSD
86ekxc,Now that's a very good girl,EdgY brooooo,drunk
86i8f9,how he sleeps with me every night,EdgY brooooo,tuckedinkitties
877bry,Bon Appetite!,EdgY brooooo,RATS
87cjjj,Dog thrown from plane into the abyss below,EdgY brooooo,BetterEveryLoop
87cn4j,To be fair...it kind of looks like it could be his toy.,EdgY brooooo,BetterEveryLoop
87lqr1,"new mod, traded my old procolor for it",EdgY brooooo,VapePorn
87t767,Neverending flight (30 frames),EdgY brooooo,BetterEveryLoop
887io6,"Hey man, you coming? Yup.....be right down",EdgY brooooo,ANormalDayInRussia
899gh6,rolled a joint for me and my gf (:,EdgY brooooo,trees
89rh2v,"highly suggest this juice, im in love 😍",EdgY brooooo,VapePorn
89vsvo,(handcheck) one of the few smok devices that isnt shit. lovin this majesty plus this amazing juice,EdgY brooooo,Vaping
8a2xcd,"not much but i liked the pic, hope everyones having a high day 😊",EdgY brooooo,trees
8ajauh,Meth head skyscraper,EdgY brooooo,Stims
