Comment_ID,Comment_Submission,Comment_Text,Subreddit
dlfeais,Visiting Little Rock - state parks,Riverside and kanis skateparks have bowls and other stuff. Gonna get run out of the river market when you start shredding.,LittleRock
dliq1nr,Visiting Little Rock - state parks,Hahahaha. I thought it said sKateparks! Disregard my comment.,LittleRock
dmy523i,Can i pass a saliva test of IV Dilaudid in 48 hours?,I got a bottle of mouthwash from the headshop. Followed the instructions and passed no problem. It had witch hazel and some other stuff in it.,opiates
dn40o6b,I was an emo kid back in 2008.,Non conforming as can be.,blunderyears
dpiferk,"Atheists of Reddit, what's your favorite story from the bible?","Ehh. Probably not. Who cares, anyways?",AskReddit
dpsbwfg,Dope shot up in my veins,"Called in sick to work today and stayed in bed till noon, and I don't really care what's going on outside this room.",opiates
dptbe4a,Dope shot up in my veins,It's from the punk band the queers-fuck this world. Saw your un and assumed you liked punk. Haha.,opiates
dptqqhx,Love hate relationship for psychedelics,Same for me. Now I only do dmt 1-2 a year. Usually 120mg. Completely alone. I just can't go through with it if there's even a chance someone will come around. But i take really high doses. And I use to trip 3-4 times a month in my younger days on all different psychs.,Drugs
dptznta,Love hate relationship for psychedelics,"Adding to this. On my hardoce trips I was always left with a week or so where I didn't like altering my body in anyway. No cigatettes, herb,pills, nothing. It felt unatural. It only lasted 3 weeks at the most. 
But maybe it's the fact that we have this chemical opening things up in our brains, letting us learn. But at the same time it's the chemical altering us. It's the drug saying the drug is unnatural! Ahhh![6]",Drugs
dq53qjp,What does cocaine feel like?,"Amps make me feel like I can concur the world, coke makes me feel like I already have.",cocaine
dq5n4qp,I dropped my pipe into the toilet and clogged it.,Shop vac?,Drugs
dqzlny8,What are your favorite conspiracy theories?,"If it's bitter, its a spitter!",AskReddit
dqzlval,What are your favorite conspiracy theories?,2 legit 2 quit.,AskReddit
dshlyk7,What's the dumbest thing you're willing to argue about?,"Let me ask my wife, brb.

Edit: idk, she's mad now.",AskReddit
dsmpxrr,Recommendations for use of these?,Get some heavy duty scissors and cut into as many pieces as possibles. Then eat.,opiates
dsmq2r0,Recommendations for use of these?,I use to get those for $10. Fucking loved them.,opiates
dsnnnm6,Abandoned Places in Little Rock?,Any of the trams.,LittleRock
dv3xnhm,Fake pills,I got some of those like a year ago and there wasn't shit in them. Which was good cause I took 3 right off the bat. Dboy was cool about it. Gave me a refund and a couple oxys. Sorry this is no help.,opiates
dv3xrw0,Fake pills,Actually I remember breaking them long ways and I kept seeing the press. Like they were pressed a couple times to get the thickness right.,opiates
dv6v5rk,Watch this lol,Right before he spends 80% on pain killers due to the torn spinal disc and no healthcare. E.g. my life.,opiates
dv79lam,Watch this lol,"Exactly, I went from the kid being called a pussy for wearing braces, mask, etc. To the guy calling kids pussies for doing the exact same thing. It's that American aspect of being a ""man."" I quit once I noticed all the old timers railing meth in the mornings and oxys at night. On top of slamming 20 beers after quitting time. I'm lucky I got out with only torn, herniated spinal dics and not being able to bend over at 27.",opiates
dv79r3x,Watch this lol,"You're not putting anyone down, bro. These guys work on the road lots of time. Slamming out 12 hour days trying to be tough guys so they can talk shit to the greenhorns, while they gotta go to the shitter to do some meth and oxy so they can make it till quitting time. I love construction. Hate the people I worked with. Now I'm 28 on pain management looking at prices for walking canes.",opiates
dva4d8b,"TIL that the term ""pipe dream"" is a reference to the insane dreams people have when smoking opium",120mg dmt out of the oil burner is something everyone should experience.,todayilearned
dvs0ylm,Curious about everyone’s morning routine.....,"Limp to the bathroom, count my dros. Eat as many as I can and still make it to refill day. The first week is better than the last.",opiates
dwuba9z,Fuck my life (and my veins),The . Is a moment of silence. He's honoring our brother since he has fallen on hard times.,opiates
