Submission_ID,Submission_Title,Submission_Text,Subreddit
1j0iad,So I've been thinking of opening a Vapor shop.,Riverside and kanis skateparks have bowls and other stuff. Gonna get run out of the river market when you start shredding.,electronic_cigarette
1nl7tl,frustration.,Riverside and kanis skateparks have bowls and other stuff. Gonna get run out of the river market when you start shredding.,opiates
1su8jl,Sheep shit,Riverside and kanis skateparks have bowls and other stuff. Gonna get run out of the river market when you start shredding.,AdviceAnimals
222a6k,Free insulin travel kit (x-post /r freebies),Riverside and kanis skateparks have bowls and other stuff. Gonna get run out of the river market when you start shredding.,opiates
2c93zv,"vista custom elite, rare?",Riverside and kanis skateparks have bowls and other stuff. Gonna get run out of the river market when you start shredding.,bicycling
2jkbb5,"A little porn from a lurker. I love each and every one of you. happy nods, bropiates!",Riverside and kanis skateparks have bowls and other stuff. Gonna get run out of the river market when you start shredding.,opiates
2ooyup,i have a few questions for you dudes about cultivation.,Riverside and kanis skateparks have bowls and other stuff. Gonna get run out of the river market when you start shredding.,shrooms
2sxw1h,This little guy scared me at work!,Riverside and kanis skateparks have bowls and other stuff. Gonna get run out of the river market when you start shredding.,aww
2vs5aq,unsure if i should see a doctor about removing my nail,Riverside and kanis skateparks have bowls and other stuff. Gonna get run out of the river market when you start shredding.,AskDocs
2wqfos,found this in a crawl space,Riverside and kanis skateparks have bowls and other stuff. Gonna get run out of the river market when you start shredding.,whatisthisthing
2xythj,high gravity ipa fermentation,Riverside and kanis skateparks have bowls and other stuff. Gonna get run out of the river market when you start shredding.,Homebrewing
2yc5ft,question about high gravity ipa on bottle day!,Riverside and kanis skateparks have bowls and other stuff. Gonna get run out of the river market when you start shredding.,Homebrewing
36oz0z,slightly sarcastic drug pornography,Riverside and kanis skateparks have bowls and other stuff. Gonna get run out of the river market when you start shredding.,opiates
3cxrus,I swear Arkansas is a nice place!,Riverside and kanis skateparks have bowls and other stuff. Gonna get run out of the river market when you start shredding.,trashy
3cyks7,"On a Walmart parking lot, in a county far far away. These asshats. Gotta love Arkansas!",Riverside and kanis skateparks have bowls and other stuff. Gonna get run out of the river market when you start shredding.,pics
4rkpbv,WTB 70-100w box mod $40-$60,Riverside and kanis skateparks have bowls and other stuff. Gonna get run out of the river market when you start shredding.,ecigclassifieds
84sj2q,Death penalty for dealers?,Riverside and kanis skateparks have bowls and other stuff. Gonna get run out of the river market when you start shredding.,opiates
