Comment_ID,Comment_Submission,Comment_Text,Subreddit
dw5ybwg,Does the death penalty seem too harsh? Won’t this do f*ckall to actually cure the opioid epidemic and instead just ruin more lives/families? Thoughts?,"you know who *really* doesn't give a fuck? cops sure don't! neither do most of the people who'd be drawing up, implementing, drafting this legislature. an average dboy probably gives way more of a fuck, and that's even discounting people who sell because they use too. 

the ideology that goes into the notion of predatory drug dealers as a unified whole, as the typical way of dealing drugs, is built up through so much shit over the years that by the time you get to the people who would actually end up getting the death penalty in a case like this you'll be setting up people who were trying to keep food on their table or smack in their veins.",opiates
dw74ch8,You guys I might get arrested and I’m terrified. Please help,"lol, I never got into anything when I was in Catholic School but I know that not too long ago a few kids at mine got busted with a bunch of coke and oxy in their lockers. also, it turned out the dean of my school was on H and he got popped for it, sucks but he managed to bounce back pretty well from what I know",benzodiazepines
dw9dmfa,"Apparently P. K. Subban didn't say ""Hi."" to the ref last night.","so...if a player actually says something revolting, and there's proof of it, and they have to deal with that...it's bad?",hockey
dwaiq88,God i love the feeling of bars and blow together. Anyone else out there love it too?,"oh hell yes, bars and blow are two great tastes that taste great together. clonazepam with blow is also phenomenal.",cocaine
dwbtubp,One of my favorite combinations,you ever read *Anti-Oedipus*?,drugsarebeautiful
dwcc8yo,The New York Islanders have been eliminated from Playoff Contention.,r/hockey is gonna be fucking terrible this summer,hockey
dwdacls,One of my favorite combinations,"It's a book that changed my life, changed the way in which I do philosophy, how I look at theory as a whole. Foucault described it as a guide for antifascism, and I think Foucault had a pretty good idea of what he was saying when he said that. 

D&G work in response to psychoanalysis, offering a course of action they describe as schizoanalysis: whereas psychoanalysis relies on models of psychosis, neurosis, complexes such as the foundational ""Oedipus Complex,"" Deleuze and Guattari instead foster the notion of ""schizoanalysis"" which travels in non-hierarchical, decentralized, non-linear pathways in order to provide its analysis. 

They're responsible for the concept of ""rhizome"" as used in contemporary philosophical vocabularies, where the rhizomal structure is contrasted with the ""arboreal"" one: an arboreal structure, like a tree, has a clear structure of descent and differentiation, a clear hierarchy, whereas rhizomes (like rhizomal root systems) are decentralized, are made up of ""nodes"" connected such that any node can be connected to any other within this rhizomal assemblage.

[Here's a PDF!](https://libcom.org/files/Anti-Oedipus.pdf)",drugsarebeautiful
dwdf21w,The toxicity in this sub,"**IF IT SMACKS, IT SMACKS**",benzodiazepines
dwdf7w2,Are all the good subs gone ugh,"xanaxcartel was trashy as fuck but like, hilarious and nice stash pics",benzodiazepines
dwefsyk,Love the refill day!!,also it seems slow as dick,opiates
dweftdm,Love the refill day!!,"yeah, like, you get some judgment in other subs and there seems to be a lot more like, bullshit in general, stims has good memes sometimes but like, ppl who like opiates like benzos too a lot of the time.",opiates
dweg3h7,"educate me: meth, no-show at work, and yelling in sleep","i mean, probably a lot of underlying and comorbid shit that goes along with and spurs on the meth usage here, that binging and no-showing could be either relapse or OCD or like, a sort of psychotic break, and I haven't heard of those symptoms in sleep in relation to anything so while I don't think it's just meth, it may be that the meth serves to mark a space for him where he starts to think in certain ways, read his body as a space of trauma, of neurosis/psychosis, and begins to exhibit this. 

I'm crazy as hell and have dealt with being crazy as hell, have a great deal of philosophy of mind and anti-psychiatry philosophy under my belt, along with plenty of experience as a patient, but I can't diagnose much. I think that to say the least, meth isn't gonna help and that it's likely wise for him to stay away, but that on the other hand he could well be doing it and just hiding it most of the time",Stims
dwgl5rd,I got pulled over today..,"trainers know when a dog hits for real and when they have to make it hit, training works but the dog functions as an extension of the cop's body, is not a self-in-itself, is a self separate from the cop as the cop would have one think, but is in fact itself an extension of the cop's body.",opiates
dwglf5p,Making Snortable BTH Powder With No Cut,"how long does this usually take ya? with the low heat or the patience, I'm kinda curious for any time i end up out west.

i mean, im a fan of how you can smoke or sniff ECP right out the bag and i usually like to sniff it",opiates
dwglhc0,Just scored these for a crisp ben frank,the Brits seem to enjoy the spoils of empire lmao,opiates
dwglo1q,"Sooo happy to get my hands on some roxies today ^~^ it’s been dry af here lately, end of the month drought. (pink K4) Promethazine 50 mg, (green A|49) Oxycodone 15 mg, (yellow TEVA 832) Clonazepam .5 mg","i mean, you basically got a nice cup of lean in pills, pretty good shit.",opiates
dwglocz,"Sooo happy to get my hands on some roxies today ^~^ it’s been dry af here lately, end of the month drought. (pink K4) Promethazine 50 mg, (green A|49) Oxycodone 15 mg, (yellow TEVA 832) Clonazepam .5 mg","i mean, it'll give that leanin feelin, could be good for potentiating.",opiates
dwh8vx4,Josh Ho-Sang has some things to say about his treatment by the Islanders,"fuck your ""unwritten rule"" lol",hockey
dwh8wsr,Josh Ho-Sang has some things to say about his treatment by the Islanders,"okay, so, who're you?",hockey
dwh98tv,Josh Ho-Sang has some things to say about his treatment by the Islanders,"you know, I feel like I hear about his ""attitude issues"" a lot more than they actually come up. you hear over and over from almost everybody about how they wish NHL players were more candid, more honest, more willing to discuss their situation like you see in all three of the other Big Four, but as soon as someone does, you get this bullshit where it's suddenly a huge violation of hockey culture. 

and maybe it is! maybe hockey culture is stale and needs to die.",hockey
dwh9ddy,Josh Ho-Sang has some things to say about his treatment by the Islanders,we don't deserve him,NewYorkIslanders
dwngw4f,"Pickups for the work week ahead, Are these pharma?","xans are likely pressed but if they hit, they hit. what's the white stuff, girl? and what's that one round pill? it looks like [one of these](https://www.drugs.com/imprints/m-a10-14923.html) from a google search but like, that sounds weird to have around.",DrugStashes
dwnh8ok,Dat sharp chedder,"daaaamn, u got some gr8 parmesan on ur hands",opiates
dwntlzp,Because it's OPENING DAY!!,The '86 Mets are looking down proudly on ya.,cocaine
dwnut7y,2 Buns and 2.5oz of Hydro,"daaaamn, hope you get a pic of what it looks like po'd up, i would love a taste about now lol",opiates
