Submission_ID,Submission_Title,Submission_Text,Subreddit
32au27,Congratulations to Jamie Benn on passing John Tavares in Game 82 to win the Art Ross.,"you know who *really* doesn't give a fuck? cops sure don't! neither do most of the people who'd be drawing up, implementing, drafting this legislature. an average dboy probably gives way more of a fuck, and that's even discounting people who sell because they use too. 

the ideology that goes into the notion of predatory drug dealers as a unified whole, as the typical way of dealing drugs, is built up through so much shit over the years that by the time you get to the people who would actually end up getting the death penalty in a case like this you'll be setting up people who were trying to keep food on their table or smack in their veins.",DallasStars
33s4am,"Fuck. Thanks, Pens.","you know who *really* doesn't give a fuck? cops sure don't! neither do most of the people who'd be drawing up, implementing, drafting this legislature. an average dboy probably gives way more of a fuck, and that's even discounting people who sell because they use too. 

the ideology that goes into the notion of predatory drug dealers as a unified whole, as the typical way of dealing drugs, is built up through so much shit over the years that by the time you get to the people who would actually end up getting the death penalty in a case like this you'll be setting up people who were trying to keep food on their table or smack in their veins.",NewYorkIslanders
343tup,"That's all, folks.","you know who *really* doesn't give a fuck? cops sure don't! neither do most of the people who'd be drawing up, implementing, drafting this legislature. an average dboy probably gives way more of a fuck, and that's even discounting people who sell because they use too. 

the ideology that goes into the notion of predatory drug dealers as a unified whole, as the typical way of dealing drugs, is built up through so much shit over the years that by the time you get to the people who would actually end up getting the death penalty in a case like this you'll be setting up people who were trying to keep food on their table or smack in their veins.",NewYorkIslanders
35k1qn,"""But they're a New York team!""","you know who *really* doesn't give a fuck? cops sure don't! neither do most of the people who'd be drawing up, implementing, drafting this legislature. an average dboy probably gives way more of a fuck, and that's even discounting people who sell because they use too. 

the ideology that goes into the notion of predatory drug dealers as a unified whole, as the typical way of dealing drugs, is built up through so much shit over the years that by the time you get to the people who would actually end up getting the death penalty in a case like this you'll be setting up people who were trying to keep food on their table or smack in their veins.",NewYorkIslanders
3ck13m,Meetup before the Blue/White Scrimmage?,"you know who *really* doesn't give a fuck? cops sure don't! neither do most of the people who'd be drawing up, implementing, drafting this legislature. an average dboy probably gives way more of a fuck, and that's even discounting people who sell because they use too. 

the ideology that goes into the notion of predatory drug dealers as a unified whole, as the typical way of dealing drugs, is built up through so much shit over the years that by the time you get to the people who would actually end up getting the death penalty in a case like this you'll be setting up people who were trying to keep food on their table or smack in their veins.",NewYorkIslanders
3cueeg,Anyone else go to the practice yesterday or today?,"you know who *really* doesn't give a fuck? cops sure don't! neither do most of the people who'd be drawing up, implementing, drafting this legislature. an average dboy probably gives way more of a fuck, and that's even discounting people who sell because they use too. 

the ideology that goes into the notion of predatory drug dealers as a unified whole, as the typical way of dealing drugs, is built up through so much shit over the years that by the time you get to the people who would actually end up getting the death penalty in a case like this you'll be setting up people who were trying to keep food on their table or smack in their veins.",NewYorkIslanders
3d1qe3,Who's your favorite prospect?,"you know who *really* doesn't give a fuck? cops sure don't! neither do most of the people who'd be drawing up, implementing, drafting this legislature. an average dboy probably gives way more of a fuck, and that's even discounting people who sell because they use too. 

the ideology that goes into the notion of predatory drug dealers as a unified whole, as the typical way of dealing drugs, is built up through so much shit over the years that by the time you get to the people who would actually end up getting the death penalty in a case like this you'll be setting up people who were trying to keep food on their table or smack in their veins.",NewYorkIslanders
3dwlzg,"Tonelli to Nystrom, the Goal That Began a Dynasty","you know who *really* doesn't give a fuck? cops sure don't! neither do most of the people who'd be drawing up, implementing, drafting this legislature. an average dboy probably gives way more of a fuck, and that's even discounting people who sell because they use too. 

the ideology that goes into the notion of predatory drug dealers as a unified whole, as the typical way of dealing drugs, is built up through so much shit over the years that by the time you get to the people who would actually end up getting the death penalty in a case like this you'll be setting up people who were trying to keep food on their table or smack in their veins.",hockey
3e0cux,Remember that time Nordiques fans filled our arena to demand we move to QC?,"you know who *really* doesn't give a fuck? cops sure don't! neither do most of the people who'd be drawing up, implementing, drafting this legislature. an average dboy probably gives way more of a fuck, and that's even discounting people who sell because they use too. 

the ideology that goes into the notion of predatory drug dealers as a unified whole, as the typical way of dealing drugs, is built up through so much shit over the years that by the time you get to the people who would actually end up getting the death penalty in a case like this you'll be setting up people who were trying to keep food on their table or smack in their veins.",NewYorkIslanders
3o69r1,"Was there really a ""No Means No"" chant going?","you know who *really* doesn't give a fuck? cops sure don't! neither do most of the people who'd be drawing up, implementing, drafting this legislature. an average dboy probably gives way more of a fuck, and that's even discounting people who sell because they use too. 

the ideology that goes into the notion of predatory drug dealers as a unified whole, as the typical way of dealing drugs, is built up through so much shit over the years that by the time you get to the people who would actually end up getting the death penalty in a case like this you'll be setting up people who were trying to keep food on their table or smack in their veins.",NewYorkIslanders
4gdslb,I guess JT didn't care about the narrative.,"you know who *really* doesn't give a fuck? cops sure don't! neither do most of the people who'd be drawing up, implementing, drafting this legislature. an average dboy probably gives way more of a fuck, and that's even discounting people who sell because they use too. 

the ideology that goes into the notion of predatory drug dealers as a unified whole, as the typical way of dealing drugs, is built up through so much shit over the years that by the time you get to the people who would actually end up getting the death penalty in a case like this you'll be setting up people who were trying to keep food on their table or smack in their veins.",NewYorkIslanders
4gfrol,The Wraparound,"you know who *really* doesn't give a fuck? cops sure don't! neither do most of the people who'd be drawing up, implementing, drafting this legislature. an average dboy probably gives way more of a fuck, and that's even discounting people who sell because they use too. 

the ideology that goes into the notion of predatory drug dealers as a unified whole, as the typical way of dealing drugs, is built up through so much shit over the years that by the time you get to the people who would actually end up getting the death penalty in a case like this you'll be setting up people who were trying to keep food on their table or smack in their veins.",NewYorkIslanders
4gfsbn,Tavares Works From Gretzky's office,"you know who *really* doesn't give a fuck? cops sure don't! neither do most of the people who'd be drawing up, implementing, drafting this legislature. an average dboy probably gives way more of a fuck, and that's even discounting people who sell because they use too. 

the ideology that goes into the notion of predatory drug dealers as a unified whole, as the typical way of dealing drugs, is built up through so much shit over the years that by the time you get to the people who would actually end up getting the death penalty in a case like this you'll be setting up people who were trying to keep food on their table or smack in their veins.",hockey
4ih450,"Remember, The Future Awaits Us!","you know who *really* doesn't give a fuck? cops sure don't! neither do most of the people who'd be drawing up, implementing, drafting this legislature. an average dboy probably gives way more of a fuck, and that's even discounting people who sell because they use too. 

the ideology that goes into the notion of predatory drug dealers as a unified whole, as the typical way of dealing drugs, is built up through so much shit over the years that by the time you get to the people who would actually end up getting the death penalty in a case like this you'll be setting up people who were trying to keep food on their table or smack in their veins.",NewYorkIslanders
4laluc,So...Go Sharks Go?,"you know who *really* doesn't give a fuck? cops sure don't! neither do most of the people who'd be drawing up, implementing, drafting this legislature. an average dboy probably gives way more of a fuck, and that's even discounting people who sell because they use too. 

the ideology that goes into the notion of predatory drug dealers as a unified whole, as the typical way of dealing drugs, is built up through so much shit over the years that by the time you get to the people who would actually end up getting the death penalty in a case like this you'll be setting up people who were trying to keep food on their table or smack in their veins.",NewYorkIslanders
58rn9c,anyone going to practice?,"you know who *really* doesn't give a fuck? cops sure don't! neither do most of the people who'd be drawing up, implementing, drafting this legislature. an average dboy probably gives way more of a fuck, and that's even discounting people who sell because they use too. 

the ideology that goes into the notion of predatory drug dealers as a unified whole, as the typical way of dealing drugs, is built up through so much shit over the years that by the time you get to the people who would actually end up getting the death penalty in a case like this you'll be setting up people who were trying to keep food on their table or smack in their veins.",NewYorkIslanders
5vlw0t,Should we just pick up Marty Reasoner?,"you know who *really* doesn't give a fuck? cops sure don't! neither do most of the people who'd be drawing up, implementing, drafting this legislature. an average dboy probably gives way more of a fuck, and that's even discounting people who sell because they use too. 

the ideology that goes into the notion of predatory drug dealers as a unified whole, as the typical way of dealing drugs, is built up through so much shit over the years that by the time you get to the people who would actually end up getting the death penalty in a case like this you'll be setting up people who were trying to keep food on their table or smack in their veins.",NewYorkIslanders
68iotp,"When, Why, How, Where to buy tickets?","you know who *really* doesn't give a fuck? cops sure don't! neither do most of the people who'd be drawing up, implementing, drafting this legislature. an average dboy probably gives way more of a fuck, and that's even discounting people who sell because they use too. 

the ideology that goes into the notion of predatory drug dealers as a unified whole, as the typical way of dealing drugs, is built up through so much shit over the years that by the time you get to the people who would actually end up getting the death penalty in a case like this you'll be setting up people who were trying to keep food on their table or smack in their veins.",NewYorkMets
7mxmtb,When your buddy comes back with the snow and the bag is fat as hell,"you know who *really* doesn't give a fuck? cops sure don't! neither do most of the people who'd be drawing up, implementing, drafting this legislature. an average dboy probably gives way more of a fuck, and that's even discounting people who sell because they use too. 

the ideology that goes into the notion of predatory drug dealers as a unified whole, as the typical way of dealing drugs, is built up through so much shit over the years that by the time you get to the people who would actually end up getting the death penalty in a case like this you'll be setting up people who were trying to keep food on their table or smack in their veins.",cocaine
7rdtlr,"What are we doing to discuss whiteness within hockey culture, and is that enough to counteract racism, past and present? Is that enough, or must we do more?","you know who *really* doesn't give a fuck? cops sure don't! neither do most of the people who'd be drawing up, implementing, drafting this legislature. an average dboy probably gives way more of a fuck, and that's even discounting people who sell because they use too. 

the ideology that goes into the notion of predatory drug dealers as a unified whole, as the typical way of dealing drugs, is built up through so much shit over the years that by the time you get to the people who would actually end up getting the death penalty in a case like this you'll be setting up people who were trying to keep food on their table or smack in their veins.",hockey
7rnzhd,"Tampa man in possession of Oxycodone, Xanax, arrested for DUI; was found unconscious in bank drive-thru, had mistaken it for a Taco Bell.","you know who *really* doesn't give a fuck? cops sure don't! neither do most of the people who'd be drawing up, implementing, drafting this legislature. an average dboy probably gives way more of a fuck, and that's even discounting people who sell because they use too. 

the ideology that goes into the notion of predatory drug dealers as a unified whole, as the typical way of dealing drugs, is built up through so much shit over the years that by the time you get to the people who would actually end up getting the death penalty in a case like this you'll be setting up people who were trying to keep food on their table or smack in their veins.",opiates
7ttd7q,"Back to the Barn: Isles reach agreement on Coliseum, will play 12 games in Uniondale in 2018-19","you know who *really* doesn't give a fuck? cops sure don't! neither do most of the people who'd be drawing up, implementing, drafting this legislature. an average dboy probably gives way more of a fuck, and that's even discounting people who sell because they use too. 

the ideology that goes into the notion of predatory drug dealers as a unified whole, as the typical way of dealing drugs, is built up through so much shit over the years that by the time you get to the people who would actually end up getting the death penalty in a case like this you'll be setting up people who were trying to keep food on their table or smack in their veins.",hockey
7zgmmx,Vice Sports: Your Favorite NHL Team Is Going to Blow It at the Trade Deadline,"you know who *really* doesn't give a fuck? cops sure don't! neither do most of the people who'd be drawing up, implementing, drafting this legislature. an average dboy probably gives way more of a fuck, and that's even discounting people who sell because they use too. 

the ideology that goes into the notion of predatory drug dealers as a unified whole, as the typical way of dealing drugs, is built up through so much shit over the years that by the time you get to the people who would actually end up getting the death penalty in a case like this you'll be setting up people who were trying to keep food on their table or smack in their veins.",hockey
