Comment_ID,Comment_Submission,Comment_Text,Subreddit
dw2ixju,Tramadol,"Not exactly a rip off, but that is a bit high. I've never seen them go for more than 1-2$ a pop",opiates
dw34mye,Just started suboxone and it's not working...,"Your habit was tiny for the amount of sub they have you on. The sub doctors always start people on crazy huge doses because they don't really know very much about it. They take a 3 hour online class to prescribe it, and I'm pretty sure they get kickbacks from different sub formula makers. I'm sorry, but I don't think you should go anywhere near methadone, I'm on it, and it took me a long time to get on it because dealing with the clinic every day and all the side effects of methadone are super annoying if there is ANY other option. But I was shooting 1-2 gs of fent dope daily. I don't think people with under 200mg oxy habits a day should even be considered for methadone. 

I know this seems like the opposite of what you want to do, but cut your sub dose, dramatically. You can get by on 2mg or even less a day, and it will work far better than 16mgs ever has for you, I promise. When you use tiny doses of bupe, it doesn't coat your receptors completely, which allows the metabolized version, norbuprenorephine, to attach to some of those receptors. Unlike bupe, norbupe is a full agonist, so it will give you a bit more opiate feeling and help a lot more with cravings than plain bupe. At least try it before taking the methadone plunge, please",opiates
dw4ul47,"Relatively inexperienced, insufflation vs oral.","Oral is the way to go with oxy, it has a higher bioavailability that way than intranasal. It's not just a myth, it's just literally how the drug works, the only way to get more out of it is to shoot it, and even then it's only like 10% more, so really not worth the added risk of shooting pills",opiates
dw6ew5g,"If I bring you a bag, I’m not going to look inside it before you leave, and nobody else will while you’re on your way out of the restaurant.","I worked at a chain diner years ago, and this psycho woman wanted to steal the jellies in the jelly caddy, but she didn't want to do it herself, she wanted my coworker to dump the caddy into her purse for her! I never cared if people took things off the table, but asking someone else to do the thieving for you is crossing the line. He told her no, and rightfully so.",TalesFromYourServer
dw6f8zx,"William, enjoying spring incorgnito",He looks almost exactly like my mom's dachshund/fox terrier mix. They call it foxy-dachsy and it's gorgeous. So is william!,Incorgnito
dw8qxxx,"My grandpa, rocking my nephew to sleep","I mean, I'm only 31 and I constantly put myself to sleep trying to get my small niece to nap. Does that make me an adorable old person? Or am I just a sad workaholic?",adorableoldpeople
dw8r23q,My grandma shared this on Facebook a while back and it cracked me up lol,"I guess you fail the age test!!

J/k it's an old timey foot powered sewing machine.",adorableoldpeople
dw8rfqw,My grandma shared this on Facebook a while back and it cracked me up lol,"Hm, not sure. There probably are plenty of old people that grew up using these, because they do last forever and I think they were still relatively common in the 50s and 60s, but it might have been started as satire and then adorable old people went ""hey! I remember that!""",adorableoldpeople
dw8rigg,This guy rear ended me and requested I take this photo right before he straight up drove off and fled the scene of the accident.,With...ice?,trashy
dw8rvmh,This guy rear ended me and requested I take this photo right before he straight up drove off and fled the scene of the accident.,"Hmmm...I worked at an awful lot of restaurants  for a very long time, and never heard a word from anyone about how much ice to put in a soda. Cuz I mean, those boxes of soda syrup will pay for themselves with like 10 soda sales, so there's already a huge profit margin there. 

Also, at most restaurants sodas are free refills, so if I put a shit ton of ice in a soda, that's just creating more work for myself. I'm really pretty sure there's no ice conspiracy in restaurants, but hey, that tinfoil hat looks good on you, so keep rockin it!",trashy
dw9gqol,Thicc trash panda damn,...You knew what the pic that you commented with was? And still laughed? Do you have severe short term memory loss or something?,trashpandas
dw9i4hc,This guy rear ended me and requested I take this photo right before he straight up drove off and fled the scene of the accident.,"Based on his eyes, I'm gonna say opiates, maybe mixed with Xanax, but definitely opiates",trashy
dw9j4f4,"Asshole coworker needs me to bail him out, turns out to be the best party I've ever served","I hope you explained to him that you already know how tipping works and that you only give shit tips to servers that go out of their way to be shitty! I would have had his manager if he tried to lecture me on tipping, and I was a server for 12 years, i have never complained to management in a restaurant, ever.",TalesFromYourServer
dw9jo3n,Nastiest/sexiest way to seduce your boyfriend?,"Lol now I'm just picturing standing in line at the grocery store or something and the person in front of me just randomly starts doing squats! I would lose it, I'm pretty sure",sex
dw9mpex,Can anyone tell me if they believe this is an Abscess?,"Isn't there something where if you make a new account to get around a ban, the Reddit admins will ban that person's entire ISP address?",opiates
dw9n6y0,Classic r/drugs,Can I get a link to that? Sounds like something I didn't want to miss,opiates
dw9nw1f,Nastiest/sexiest way to seduce your boyfriend?,"Truth, always establish dominance while squatting.",sex
dw9uptn,"Chefs of Reddit, what do we all need to stop ordering?","Yup, those are basted eggs. 

Source: 14 years serving in diners",AskReddit
dw9uwh3,"Chefs of Reddit, what do we all need to stop ordering?","No, sorry. Sunny up= runny everything, not flipped. OE= runny whites and yolks, but flipped. OM=set white, runny yolk. OMW= set white, gooey yolk. Over Well=set white and set yolk, but not broken yolk. Over Hard, all cooked, broken yolk. Most people are unaware of OMW and over well, but they exist. 

Source: server at many diners for 14 years",AskReddit
dw9xpaa,"Chefs of Reddit, what do we all need to stop ordering?","I'm with you, I worked at a local diner that is known for huge, amazing pancakes, and was asked by one very special lady if we had a gluten free option. For pancakes.",AskReddit
dwc1044,Another policy update: the community members have spoken!,"Yeah, and I'm sorry, but if you don't want to see opiates, maybe the opiate sub isn't for you?",opiates
dwgzj4y,And so the sun was created for the pleasure of these majestic creatures. Warming the souls of all those who gaze upon their magnificence.,"I dunno, this looks exactly like my mom's foxy-doxy, I literally had a double take, because I thought it was him. (That's half dachshund, half fox terrier)",AccidentalRenaissance
dwmhua7,Superbowl,Owl allergy?,Superbowl
dwr4qrm,Gunpowder pricing?,"That's pretty fair, standard pricing on a g on the east coast is usually $120, so 1.5 is often $180. A ball is usually around $300 if you can find someone that sells that way, but a lot of dealers do $60 halves all the way up. You didn't get ripped off at all my dude.",opiates
dwsxfwi,SAVAGE!!!,"Seems unfair to wash your mouth out for just typing a swear, seems to me they should have just burned your fingertips or something more fitting.",madlads
