Comment_ID,Comment_Submission,Comment_Text,Subreddit
dwq1cro,A gram of South East Asian #4 China White,You bastard. For my first time in a few years im actually feeling ropey and still have about two hours to go before I get straight. Why am i looking at this.,opiates
dwq1g38,A gram of South East Asian #4 China White,"in my 25 years of using dope I've only ever gotten it once and a quarter of my usual shot of tan had me fall out, didn't even get the works outta my arm.",opiates
dwscayj,"[Serious]Teachers who have taught future murderers and major criminals, what were they like when they were under your tutelage?",Now that's sad.,AskReddit
dwsdkia,"China announces new tariffs on 106 US products, including soy, cars, and chemicals","Im in Dublin, which recently became the most expensive city in the world to live in. I'm renting, and in 2009 got a room for 300 euro per month. I have to move asap and the same sized room now is going for a minimum 800 euro. The cots are having a terrible affect on the amount of homeless people in.",worldnews
dwufkph,"Stock futures plunge, with the Dow set for a nearly 550 point drop, after China announces tariffs",This dude just bought a Trump flag on the cheap from China.,politics
dwugf33,No tf,People survived decades taking pills they bought off random strangers. how do you think clubbers in the 80s and 90s bought their pills. As someone thats been dropping since the 80s I think people on this sub are too paranoid. I've only ever gotten a dodgy pill once in 30 years of buying pills.,MDMA
dwuxg66,He waited his enitre life for this moment,"Thats a Scottish teams colours.

You can tell they're not Irish by how dour they are.",funny
dwv0wc5,Our AirBnB host has 4 frames without any pictures in our apartment. We thought we would fill them out a little. Where should we get taken pictures?,"Looks like the luas stop at the four courts.

Or it could be the back of the custom house.",Dublin
dwv3pl8,Whats ur guys opinion of hangar?,"Dublin had its 'Summer of Love' phase back in '91. If you're looking for that kinda vibe you wont find it in clubs, festivals yeah.",Dublin
dwveenh,Do you ever wonder what happens to your car when you drop it off at the dealership for service?,What a fuckin cunt. Whats wrong with earning an hourly wage? Makes them less intelligent eh?,videos
dwvqy96,"Talking on the phone on the bus, rude or not ?",And god help if its Africans (yeah I know big generalisation) talking.,Dublin
dwvujg7,Sarah McDaniel taking a selfie with Colbert,Who is that? Male and female,funny
dww0njm,"Can we just take a second to appreciate how much of a human trash bag Chris Brown is, and what he actually did to Rihanna?","Doesn't he gave a tattoo of her beaten up face on his neck?

[Sorry for the source](http://www.dailymail.co.uk/tvshowbiz/article-2201616/Chris-Brown-reveals-new-tattoo-beaten-woman--denies-ex-Rihanna.html)",pics
dww3p6w,"Can we just take a second to appreciate how much of a human trash bag Chris Brown is, and what he actually did to Rihanna?",Then gets a tattoo of het beaten face on his neck.,pics
dww5a0v,"Can we just take a second to appreciate how much of a human trash bag Chris Brown is, and what he actually did to Rihanna?",How you're making a case for rape i dont know. If anything she didn't want to be there really.,pics
dww87u7,That Video The Church Of Scientology Tried To Take Down Where Tom Cruise Salutes The Portrait Of Its Dead Founder,"They spent about 4 million buying a huge place near me in Dublin, holds 4000 people in the main hall and has loads if living quarters and offices. There's supposedly less than a couple of hundred of them in Ireland so id love to know is it some kind of scheme.",videos
dww8bq5,That Video The Church Of Scientology Tried To Take Down Where Tom Cruise Salutes The Portrait Of Its Dead Founder,It was interesting how he was saying that in the beginning what you learn does help you. If only people knew they were basic psychology tricks (which scientology hates) they'd have a lot less people.,videos
dwx63yh,Got a job offer in Dublin,Even 1400 is crazy money. im in a rented 3 bed semi in a nice suburb and we got it for 1400 in 09 and luckily the rent hasn't gone up.,Dublin
dwx6ikm,Just had an extremely bad trip and am worried I need to see a psychologist. INEEDHELP,they cant discuss anything you say unless you're a danger to yourself or others. just ask if this is correct to be sure.,TripSit
dwxqfaa,Truffles after MDMA,No its perfectly safe. I love doing psyches the day after mdma.,TripSit
dwxrhby,My slipper looks like a keyboard on the back,JESUS CHRIST WHAT SIZE IS YOUR FEET!,mildlyinteresting
dwxvgez,Truffles after MDMA,Well Ive done both (usually acid but shrooms plenty of times too) for almost 30 years now. Doing mdma the day before will actually make your trip easier than if you were just tripping on shrooms alone. I'd say try and get a good sleep before you trip though.,TripSit
dwxvhc2,Sarah McDaniel taking a selfie with Colbert,"He's got some fuckin will power whoever he is.

i see she does this quite a lot and even lets people fondle her.",funny
dwy0u0m,LazyTown's Stefan Karl Stefansson deletes social media as he confirms return of ‘inoperable’ cancer,I have a chronic disease which in 86% of cases develops into pancreatic cancer usually around 20 years after first symptoms. I'm about 15 years in and dreading the next few years.,television
dwy4fyq,"[Serious] Relatives of murderers, what memories stand out as red flags?",ive honestly never wetted my bed.,AskReddit
