Submission_ID,Submission_Title,Submission_Text,Subreddit
4s69t5,Phoning Irish mobile in London from Ireland.,You bastard. For my first time in a few years im actually feeling ropey and still have about two hours to go before I get straight. Why am i looking at this.,ireland
5dvobv,Ouija Board,You bastard. For my first time in a few years im actually feeling ropey and still have about two hours to go before I get straight. Why am i looking at this.,Dublin
604tnn,Famous Users,You bastard. For my first time in a few years im actually feeling ropey and still have about two hours to go before I get straight. Why am i looking at this.,opiates
61jlb3,Why I bought my daughter heroin - BBC News,You bastard. For my first time in a few years im actually feeling ropey and still have about two hours to go before I get straight. Why am i looking at this.,opiates
6319ot,Anyone come across this before?,You bastard. For my first time in a few years im actually feeling ropey and still have about two hours to go before I get straight. Why am i looking at this.,puzzles
631c2c,project 3301 from 1976?,You bastard. For my first time in a few years im actually feeling ropey and still have about two hours to go before I get straight. Why am i looking at this.,3301
631eer,Project 3301 from 1976?,You bastard. For my first time in a few years im actually feeling ropey and still have about two hours to go before I get straight. Why am i looking at this.,cicada
6dpn68,Behind The Black Rainbow - Trippiest film I've ever seen,You bastard. For my first time in a few years im actually feeling ropey and still have about two hours to go before I get straight. Why am i looking at this.,LSD
6l1ecc,Anybody in Tallaght go any slepping pil theyd be willing to sell?,You bastard. For my first time in a few years im actually feeling ropey and still have about two hours to go before I get straight. Why am i looking at this.,Dublin
6l7mb5,Slush Puppies,You bastard. For my first time in a few years im actually feeling ropey and still have about two hours to go before I get straight. Why am i looking at this.,Dublin
6zar6o,FOUND - Wallet left behind on a 54A coming in from town.,You bastard. For my first time in a few years im actually feeling ropey and still have about two hours to go before I get straight. Why am i looking at this.,Dublin
6zawor,WALLET FOUND,You bastard. For my first time in a few years im actually feeling ropey and still have about two hours to go before I get straight. Why am i looking at this.,Dublin
6zb4wh,KARL SYNNOTT from/living in DUBLIN,You bastard. For my first time in a few years im actually feeling ropey and still have about two hours to go before I get straight. Why am i looking at this.,Dublin
70kcfa,Cant wait to see this in clubs.,You bastard. For my first time in a few years im actually feeling ropey and still have about two hours to go before I get straight. Why am i looking at this.,electronicmusic
70rujl,TIL The actress that played Tripitaka in the tv show Monkey died age 27,You bastard. For my first time in a few years im actually feeling ropey and still have about two hours to go before I get straight. Why am i looking at this.,todayilearned
70suci,"Insurers resting pricey, less addiction painkillers amid opioid crisis",You bastard. For my first time in a few years im actually feeling ropey and still have about two hours to go before I get straight. Why am i looking at this.,Drugs
70sufj,"Amid Opioid Crisis, Insurers Restrict Pricey, Less Addictive Painkillers - NYTimes.com",You bastard. For my first time in a few years im actually feeling ropey and still have about two hours to go before I get straight. Why am i looking at this.,opiates
74f5dy,"Price in Ireland, no source just price?",You bastard. For my first time in a few years im actually feeling ropey and still have about two hours to go before I get straight. Why am i looking at this.,ketamine
7kt3rj,Banana Splits!,You bastard. For my first time in a few years im actually feeling ropey and still have about two hours to go before I get straight. Why am i looking at this.,Dublin
7qdr4u,A 24-year-old is running drug policy because experts won't work for Trump,You bastard. For my first time in a few years im actually feeling ropey and still have about two hours to go before I get straight. Why am i looking at this.,Drugs
7qf2b3,James Flynn: Why our IQ levels are higher than our grandparents',You bastard. For my first time in a few years im actually feeling ropey and still have about two hours to go before I get straight. Why am i looking at this.,videos
7y4ql5,Trump Inauguration Committee give 26 million to Company belonging to friend of Melania,You bastard. For my first time in a few years im actually feeling ropey and still have about two hours to go before I get straight. Why am i looking at this.,news
7ysb3d,Trump Divorce Cold Open - SNL,You bastard. For my first time in a few years im actually feeling ropey and still have about two hours to go before I get straight. Why am i looking at this.,videos
81ru6n,The Age Of Love (Jam &amp; Spoon mix),You bastard. For my first time in a few years im actually feeling ropey and still have about two hours to go before I get straight. Why am i looking at this.,EDM
8a1viu,u/Noble_Ox's circle,You bastard. For my first time in a few years im actually feeling ropey and still have about two hours to go before I get straight. Why am i looking at this.,CircleofTrust
