Comment_ID,Comment_Submission,Comment_Text,Subreddit
dte11rd,"What is your favourite, ‘Let that sink in,’ fact?","I believe the statistic is how many times it takes to leave the relationship and not go back. Can definitely see it as truth, it took two or three more break ups after my best friend was hospitalized by her ex before she left him for good. I’m so happy she’s free from that monster.",AskWomen
dtge1uh,I too went to Dallas Regionals,Very impressive!,pkmntcgcollections
dtgi6xa,NC renaissance fair (x post from r/cringeanarchy),!RedditSilver,trashy
dthqjc0,Is anyone else scared/anxious to read your messages?,"I get this, especially Facebook messages.",bipolar
dtlp782,What is something your pet does that makes you fall in love with them all over again?,It’s summer here and usually my puppy wakes me by jumping on my face and chewing on my hair. The last few days have been cooler and this morning he climbed under the blankets and curled up next to me.,AskWomen
du1wrc5,4u or friends,"Tamagotchi friends is by far the worst release to date. The screen display are so bad it's barely playable. Get another phone and enjoy your 4u, they are like $35 off eBay.",tamagotchi
du3fb9n,4u or friends,"I much prefer the mix, I've played it for months where as I got bored with the 4U after two days. There is no English patch for them.",tamagotchi
dudn5vu,Having a harder time with this than I thought.,I’m at 8 months since I quit daily and it’s just started to get really hard. It’s a long road,StopSpeeding
dudp2r1,I have the 1997 Tamagotchi and I was wondering if it was normal for it to get really needy around the 2 week mark?,The poorer care characters also die quicker,tamagotchi
dufblw5,"Oh, wow",Thank you,tumblr
duhezmn,Mixing with different M!x Versions,Yes all mixes are compatible with each other. Enjoy!,tamagotchi
duigrj6,StopSpeeding Wiki & New Year Check-in,"It’s going along ok, still clean but some weeks are much harder than others. Still waiting on my energy to come back.
I know what you mean about food, this must be what bears getting ready for hibernation must feel like lol.",StopSpeeding
duinp7y,What do you wish you knew before starting therapy?,That it’d take ten years before I got a correct diagnosis. See a psychiatrist early if you’re considering meds.,AskWomen
duiv1bf,Shining Mew,Don’t do it!,PokemonTCG
duix0gb,New lows on the bathroom floor,"A couple of years ago I made a cwe in preparation for an early morning flight, unfortunately I added cordial to the mix to make it quicker to drink just before the cab came. The sugar attracted some friends, I found 4 baby cockroaches drowning in the mixture.... with my friends packing in the other room I didn’t think twice, I quickly scooped them out and downed the glass.",opiates
duj08dk,What is wrong with me (Opiates cured Anxiety),"It’s not a permanent fix to your problem, otherwise it’d be prescribed for anxiety. eventually your tolerance will take away that relief you get....unless you have unlimited funds. For the last 2-3 years of my addiction I’d get anxiety relief for maybe 20 mins a day. 

The longer you use the worse your anxiety will get when you don’t use. Please keep looking for a better alternative.",opiates
duj7753,StopSpeeding Wiki & New Year Check-in,"Oh thank fuck for that. I was terrified it was going to last forever, my 75 year old grandma can run circles around me at the moment. I’m also giving up a long love affair with codeine. Been on a slow taper that’s nearly over. I think that’s really taken a toll on things too. If I can get through this week without relapsing then I have a shot at getting thru this.

Thank you for checking in on me, I really appreciate it. :)",StopSpeeding
dujcfpy,New lows on the bathroom floor,"Haha, not quite....girls can be gross too you know.",opiates
dur23c2,what is this mixes spring update bout? and how do i get it,"It’s from the anniversary gift mix, nothing to do with stations",tamagotchi
dur25wl,Does F-phenibut increase libido like normal phenibut?,Ooooh! This sounds like a great alternative. I’ve been wondering what to do once my stash runs out,phenibut
dwcf3m7,Panic attacks.,I’m about 6 months in and the anxiety is debilitating. Makes it hard moving forward. I’m hopimg it will pass but I has bad anxiety before I started using so we’ll see.,StopSpeeding
dwcf5ou,How hard is it to use a Japanese Tamagotchi as an English speaker?,"You can get English ocean but they very expensive. Japanese tamas are easy to use, don’t be shy :)",tamagotchi
dwkhko7,FOUND MY POLLY POCKETS AT MY PARENTS’ HOUSE! 1991 represent!,You often see them on eBay :),nostalgia
dwkn9d4,Bladder pain?,I really don’t think the internet can diagnose an issue like that. Please see a doctor.,phenibut
dwnloyn,105 Days Clean,Good luck!,opiates
