Comment_ID,Comment_Submission,Comment_Text,Subreddit
dtwc4re,"Military veterans defy Jeff Sessions, fight for medical marijuana to kick opioid addiction",when Jeff Sessions dies Im gonna smoke the fattest blunt.,news
dtwcc78,"I painted a dream, anxiety and time is a common theme in my nightmares",you can out run the devil if you try but you can never out run the hands of time.,pics
dtwd5gt,NYC boy dies after saving pal who fell through ice on frozen pond in Queens.,"Greater love has no one than this, that he lay down his life for his friends. John 15:13. ps Im an athiest.",news
dtwi75r,Entire Starman feed sped up over 100x (for easy quick viewing),Was the ISS ever seen in this footage?,videos
du7qf08,Silk Road Founder Jailed - Drug Sales UP,cigarettes and alcohal kill people everyday. legalize all drugs.,videos
dug9tbo,Bill Gates: Does saving more lives lead to overpopulation?,booooooooooooooooooooooooooooo retard anti overpopulationists are fucking as retarded as flat earthers.,videos
dugdbpg,Iceland law to outlaw male circumcision sparks row over religious freedom,why the fuck does God want us to cut our dicks to me that sounds like god is insane.,worldnews
dugpbxh,"‘That Lowlife Was In Our House,’ Says Couple Who Opened Fire On Home Intruder",i have heard that at close range a .22 is more dangerous then a 9mm because the .22 has a greater velocity.,news
dumlm1p,Trump endorses guns for teachers to stop shootings,ever seen altered carbon we should put a safety AI in charge of the school with automated gatlings guns in everyhallway.,worldnews
dv3shes,The worst way to propose to someone ever,i dont know how to break it to you your fiances penis was obliterated on impact if we move quickly we can save the testicles.,videos
dveo30o,Why are there no movies about dissociatives?,ever seen training day you just smoked PCP nigga.,Drugs
dvggxi2,What moment created the divide between your “B.C.” and “A.D.” parts in your life?,before my pectus excavatum repair surgery and after.,AskReddit
dvnqvpy,Literally Unmarriable,THE CHURCH OF IRONMAN DISAPPROVES.,CrusaderKings
dvnt2i8,"I have chronic hiccups, here's a compilation of some of my attacks.",have you tried the cold water metal touching face method of stopping hiccups works for me every time.,videos
dw27eac,"Even though “the walking dead” scares my son Cooper, he insists on watching it from a safe distance.",look at the flowers billy.,thewalkingdead
dwfwaop,The Frisian coast is very long indeed,i knew i should have took that left turn at albuquerque.,CrusaderKings
dwja9kd,Not as good as speed balls but goof balls are decent,huh i aint dead yet? ive actually been clean for a awhile now like a month and a half.,opiates
dwk52bc,So I introduced my mom to this game recently..,doesnt karlomans mom kill him by event? And Oedipus killed his father.,CrusaderKings
dwou6uu,Is murder ever a good idea?,the Emir munis run is almost impossible if you dont assasinate to get mosque/gold sum inheritances right from the get go.,CrusaderKings
dwtq9t9,What happens when a hole is cut into the ice of a small lake where oxygen has started to run out.,eat my shorts.,pics
dwu3iow,Do you believe LSD can be as spiritually healing as the more traditional entheogens?,well LSA is considered spirtual by some but others think it is just a crappy dirty high both are right in certain circumstances acid can be spiritual.,Drugs
dwv2gzb,Is there any way to describe this game to my friends without sounding like a sociopath?,how can you convince these uncultured plebs and barbarians?,CrusaderKings
dwv2k6i,"""My purple-born genius"" Such a caring way to refer to my son",the son whispers in your ear the reaper will have his due and dies immediately from chamber business.,CrusaderKings
dwyd799,"Open the bunker, Ivan",i have to comment just so i can find this video again later.,videos
dwzctfo,"Halfway into nod out and chill, he looks at you like this...",never nodded out with another person never will.,opiates
