Submission_ID,Submission_Title,Submission_Text,Subreddit
51m9tz,What substance is the best for revelations of truth,when Jeff Sessions dies Im gonna smoke the fattest blunt.,Drugs
5efcjx,Im in so much pain and it is so unfair that weed is illegal,when Jeff Sessions dies Im gonna smoke the fattest blunt.,Drugs
5gwbzo,idiot therapist councilor i had for one minor session until he kicked me out for being high on weed,when Jeff Sessions dies Im gonna smoke the fattest blunt.,Drugs
5nde2c,give me a hit of that sweet tranquilizer dart,when Jeff Sessions dies Im gonna smoke the fattest blunt.,Drugs
5pyv5k,Opiate caused nightmares does any body else get em,when Jeff Sessions dies Im gonna smoke the fattest blunt.,Drugs
5vgjnv,24 M who uses every 4 days max where i snort 6 mg hydromorph maximum,when Jeff Sessions dies Im gonna smoke the fattest blunt.,opiates
5xebbh,my favourite fallout picture playing some new vegas tonight gonna snort sum stuff and kill the whole wasteland on a med x psycho binge :P,when Jeff Sessions dies Im gonna smoke the fattest blunt.,opiates
5z2gw3,just got off the street for first time because my usual is out for a few days need help,when Jeff Sessions dies Im gonna smoke the fattest blunt.,opiates
60d1u4,first post one oz,when Jeff Sessions dies Im gonna smoke the fattest blunt.,drugsarebeautiful
60lpq4,lol shit post lvl 9000,when Jeff Sessions dies Im gonna smoke the fattest blunt.,opiates
65mk26,name some cool people from history who had a very crusader kings like life ( even if they are in game or not),when Jeff Sessions dies Im gonna smoke the fattest blunt.,CrusaderKings
668hho,does anyone think that there should be a investigate suspicious death option?,when Jeff Sessions dies Im gonna smoke the fattest blunt.,CrusaderKings
69v0yk,seriously considering quitting even though i only use like once a week,when Jeff Sessions dies Im gonna smoke the fattest blunt.,opiates
6kxid6,bought a happy valentine glass rose for my soon to be first DMT trip,when Jeff Sessions dies Im gonna smoke the fattest blunt.,Drugs
6no5m5,watch this ultra trippy rick and morty video that just came out today watch it on while high on drugs see if i care,when Jeff Sessions dies Im gonna smoke the fattest blunt.,Drugs
6pdkmx,lost progress for codex unlock today,when Jeff Sessions dies Im gonna smoke the fattest blunt.,battlefield_one
6qrj67,my first post of my stash,when Jeff Sessions dies Im gonna smoke the fattest blunt.,opiates
78unda,https://www.youtube.com/watch?v=in4908fetJE,when Jeff Sessions dies Im gonna smoke the fattest blunt.,Lovecraft
7c094w,this guy shows the perfect representation of salvia breakthrough on just 20x and is still capable of speaking,when Jeff Sessions dies Im gonna smoke the fattest blunt.,Drugs
7h0lfr,the hierarchy of opiates users,when Jeff Sessions dies Im gonna smoke the fattest blunt.,opiates
7n2gqk,slight spoilers for episode season 4 episode 1,when Jeff Sessions dies Im gonna smoke the fattest blunt.,blackmirror
7qucdz,pregabalin as a school performance enhancer,when Jeff Sessions dies Im gonna smoke the fattest blunt.,Drugs
