Comment_ID,Comment_Submission,Comment_Text,Subreddit
dwdsle1,Which fanbase has been betrayed the most?,"Ive said many times before this exact thing. It's not the show itself, but that it's on for 11 hours of the 14 hour CN day, every day.",AskReddit
dwgahew,"If you could have coffee with your 14 year old self, what would he/she be most surprised to hear about you?","You're an opioid addict who has fatally overdosed 10 times. Don't start doing drugs, make me disappear.",AskReddit
dwomcjn,mors venit,"Yes, like every other post on this sub ever made that had a plague doctor in it I knew id see this comment once again.

It's ephemeral rift.",creepy
dwon34q,Basics of turning the Red Planet Blue (Terraforming Water on Mars),"Is that really the case though? You've stored fat, but not most of the essential nutrients,minerals,proteins, whatever.",space
dwop0z0,Basics of turning the Red Planet Blue (Terraforming Water on Mars),"That's still not going to cut it, You can't survive long off of just fat stores and multivitamins.

Maybe just send extra emergency food if you're sending along emergency vitamins.",space
dwor1dq,Basics of turning the Red Planet Blue (Terraforming Water on Mars),"That's very different from just being able to survive a famine because you're fat...

I very much doubt any fat people would be selected to go there anyway.",space
dwor3kt,Basics of turning the Red Planet Blue (Terraforming Water on Mars),"As well as taking protein.

Different from surviving a famine with nothing, which was the original point i was making.",space
dwovo5c,This animal show,"I thought it was a european theme? Didnt know it was across the whole world, sure youre not thinking of epcot?

For instance the on in florida is african themed.",gifsthatkeepongiving
dwovybs,This animal show,A zoo that has a lot of cool rides and african embelishemnts.,gifsthatkeepongiving
dwow13m,This animal show,Race baiting much?,gifsthatkeepongiving
dwowt2u,Lost my job of 4 years--the one thing is was proud of in my life,"Just in case you ever try to pull that excuse again, its lyme disease not limes disease lol.

Best of luck.",opiates
dwoxm96,My brother always has my back. He was a meth and heroin addict for 25 years and he’s been clean for almost four years now.,Really?,opiates
dwp3wae,"Check out the new forum, everything is allowed and welcome","What an eventful few days, good job wasting everybodies time lol",Flualprazolam
dwpasae,Basics of turning the Red Planet Blue (Terraforming Water on Mars),"Really dude? The multiple other comment replies about that just didnt suffice?

Wtf is wrong with you people. I GET IT.

The other people mentioned him also consuming protein everyday.

You cant just fast and be fine simply because youre fat. What you people are linking and what was being discussed are not the sane thing but obviously that doesnt matter to you guys.",space
dwpde2z,Can anyone tell me anything about 4 methyl NEP?,"Oh man i forgot about mebro. I had a bunch of it last year, i really liked it.",researchchemicals
dwrdynl,"Check out the new forum, everything is allowed and welcome","We dont need a new forum, there are already places to go.

And yes, you wasted everybodies time. It doesnt take evry long at all to ""build"" a forum when youre using premade shit.

Make a forum and try and get everybody to sign up and move there, change the name then a day later shut it down saying youre leaving the scene.",Flualprazolam
dwrzzog,Basics of turning the Red Planet Blue (Terraforming Water on Mars),Lmao,space
dws03nz,Lost my job of 4 years--the one thing is was proud of in my life,"Damn, ive heard thats a very rough disease.",opiates
dws3po4,Can anyone tell me anything about 4 methyl NEP?,"But I mean how does it compre in effects? Decent euphoria?

My seizure threshold is pretty low lately, I'll probably have to avoid that one but sounds interesting.",researchchemicals
dwuf26q,"Check out the new forum, everything is allowed and welcome","The comment that you edited said you were leaving the RC scene.

How pathetic, going back to edit a comment so that you can claim you never said it. LOL

Hmmm, that comment was ""last edited 9 hours ago"", just happens to be the same exact time you made this comment ""9 hours ago"".

How sad.",Flualprazolam
dwuf3tr,"Check out the new forum, everything is allowed and welcome","Oh wow, youve become quite upset :')",Flualprazolam
dwuf4e7,"Check out the new forum, everything is allowed and welcome","You need to take a chill pill and relax. It's not good for your health to let rando's online stress you out to that degree, calm down buddy.",Flualprazolam
dwuf55q,Can anyone tell me anything about 4 methyl NEP?,Thanks for the links my dude.,researchchemicals
dwwbxuy,"Check out the new forum, everything is allowed and welcome","Oh okay, so you did say it but then just later lied about it and tried to cover it up, got it.",Flualprazolam
dwwbzhg,"Check out the new forum, everything is allowed and welcome","umad? I'm not the one cussing around like a 10 year old who just learned how to swear, I'm quite calm. You on the other hand are obviously not :P",Flualprazolam
