Submission_ID,Submission_Title,Submission_Text,Subreddit
52ckhj,U-47700 Scheduling,"Ive said many times before this exact thing. It's not the show itself, but that it's on for 11 hours of the 14 hour CN day, every day.",researchchemicals
593xrs,How strong is tianeptine?,"Ive said many times before this exact thing. It's not the show itself, but that it's on for 11 hours of the 14 hour CN day, every day.",opiates
598ac0,"Went to pick up some treats, and found a new dealer while there!","Ive said many times before this exact thing. It's not the show itself, but that it's on for 11 hours of the 14 hour CN day, every day.",opiates
5a9vqa,Does phenibut really take 6-10 hours to kick in for some of you?,"Ive said many times before this exact thing. It's not the show itself, but that it's on for 11 hours of the 14 hour CN day, every day.",phenibut
5abxrh,Is it possible to use my razer usb headset with my samsung galaxy 6 with a simple male aux to female usb adapter?,"Ive said many times before this exact thing. It's not the show itself, but that it's on for 11 hours of the 14 hour CN day, every day.",razer
5faivs,Who else excited and waiting for their order?,"Ive said many times before this exact thing. It's not the show itself, but that it's on for 11 hours of the 14 hour CN day, every day.",HHBT
5fehds,Shillary logic?,"Ive said many times before this exact thing. It's not the show itself, but that it's on for 11 hours of the 14 hour CN day, every day.",The_Donald
5gbvqc,Anyone recieved there orders and enjoying it?,"Ive said many times before this exact thing. It's not the show itself, but that it's on for 11 hours of the 14 hour CN day, every day.",HHBT
5gnjij,Why has not a single person posted a review yet...?,"Ive said many times before this exact thing. It's not the show itself, but that it's on for 11 hours of the 14 hour CN day, every day.",HHBT
5h3s1x,Multiple people complaining of bunk or mislabeled u-47700,"Ive said many times before this exact thing. It's not the show itself, but that it's on for 11 hours of the 14 hour CN day, every day.",HHBT
5hhxka,Does anyones tracking from this week work yet?,"Ive said many times before this exact thing. It's not the show itself, but that it's on for 11 hours of the 14 hour CN day, every day.",HHBT
5inaw1,"Recieved orde today that was placed and confirmed on dec 5th. U-47700, MDPHP, Nor Ethyl Hexedrone review. Weird reaction.","Ive said many times before this exact thing. It's not the show itself, but that it's on for 11 hours of the 14 hour CN day, every day.",HHBT
5j0z7b,"/u/igotwits only customer to consistently get high quality product, avoid all future orders until BTG and all reships confirmed to have turned out good or for igotwits able to share his photos and results with us.","Ive said many times before this exact thing. It's not the show itself, but that it's on for 11 hours of the 14 hour CN day, every day.",HHBT
5xw3l8,"Ol' reliable died on me today, need to get a new box mod and maybe a tank too.","Ive said many times before this exact thing. It's not the show itself, but that it's on for 11 hours of the 14 hour CN day, every day.",Vaping
6f5flm,Anyway to stream webpage videos from phone to roku?,"Ive said many times before this exact thing. It's not the show itself, but that it's on for 11 hours of the 14 hour CN day, every day.",Roku
6w7knu,Any tried u-48800? General consensus?,"Ive said many times before this exact thing. It's not the show itself, but that it's on for 11 hours of the 14 hour CN day, every day.",researchchemicals
70tqc5,"This my first time using drugs, will i get adickted???","Ive said many times before this exact thing. It's not the show itself, but that it's on for 11 hours of the 14 hour CN day, every day.",caffeine
76f4fh,"Coming off suboxone, got any advice?","Ive said many times before this exact thing. It's not the show itself, but that it's on for 11 hours of the 14 hour CN day, every day.",kratom
7bn0th,Questions about methadone,"Ive said many times before this exact thing. It's not the show itself, but that it's on for 11 hours of the 14 hour CN day, every day.",opiates
7c7nwp,When you try to wake up without your first line of coke for the day,"Ive said many times before this exact thing. It's not the show itself, but that it's on for 11 hours of the 14 hour CN day, every day.",StrangerThings
7zuy08,"Updating old computer, some questions about RAM,GPU compatability and power units. I need to get this fixed to help insure my health and safety.","Ive said many times before this exact thing. It's not the show itself, but that it's on for 11 hours of the 14 hour CN day, every day.",buildapc
