Comment_ID,Comment_Submission,Comment_Text,Subreddit
dvt29mm,My sisters dog was pretty popular on r/aww yesterday. But it’s not just flat caps and fashion with him. Look at the cable he laid,"A shit-prize, to be sure, but a welcome one.",awwwtf
dvt2bsx,My sisters dog was pretty popular on r/aww yesterday. But it’s not just flat caps and fashion with him. Look at the cable he laid,And the poop.,awwwtf
dvt2ez9,My sisters dog was pretty popular on r/aww yesterday. But it’s not just flat caps and fashion with him. Look at the cable he laid,Do you realize where you are?,awwwtf
dvtm2nq,What's the craziest/ most confused thing you've been asked to do?,Medium size. He stacked 4 weird pizzas.,KitchenConfidential
dvukf2m,"Homeless in Denver, can anyone point me toward help?",Eh. Denver is flooded with heroin. Kentucky honestly would probably be better in that regard.,Denver
dvvecw1,"Homeless in Denver, can anyone point me toward help?",True. Really nowhere is safe these days. But Denver is a major trafficking hub both from Mexico and the coasts as its the only state with direct highways to both boarders and both coasts.,Denver
dvw6f88,AMBER ALERT! Let's help!,More like searching for a particular needle in a field of needles. A needle would stick out in a wheat field.,Denver
dvww2kl,This is the kind of tofu I can get behind,Old tofu is best tofu,KitchenConfidential
dw5znng,This Is Why I Hate You (A Short Story about Waiting Tables),">""Really?"" Shelby asked

I thought her name was Kirby. Who the Fuck is Shelby? This is why waiters hate her. She can't decide on a name.",KitchenConfidential
dw7hc5s,(F) I always have a hair tie on my wrist for emergency ponytails,Those can't be real. You paid a lot of money for some weird boobs.,gonewild
dwbd5xj,ITAP of my girlfriend and her beautiful dog [MLM],Haha you think the dog is prettier than your girlie.,itookapicture
dwfbjey,Crazy shit my roommate says volume 3 : hardcore edition,">She's also still snorting tums saying she's metaphysically transforming it to boy and girl.

Hahahaha oh my God that just Fucking sums it up so well. It sounds like this bista is schizophrenic. For real. Or at least schizotype to some degree. I've never heard of someone this insane! Serious mental illness is at play here. Does she do any actual drugs or just the tums? Cause if it's only the tums than hoooooly shit. But if she's up all day smoking clear than I can almost understand how Fucking nuts she is. Anyway, keep this bitch in your life. Please. Just so we can read about the crazy ass shit she thinks and says. I would read the shit out of a book this breezy wrote haha",opiates
dwfbo7c,Crazy shit my roommate says volume 3 : hardcore edition,But you can pm that video. Please. I need to see this haha,opiates
dwgjcgw,Blank prescription from Google images + 2 mins of photoshop = buying all the Xanax I want in Italy,"You do, but usually there is a doctor on site that will write you one. Or so I've been told.",Drugs
dwkvswp,Ladybird Spider 🐞,What kind of spider is it?,spiderbro
dwnt5wn,Branch Manager,"Helo ther stik

Iz nice to meet

I pik u up

Fwum by mine feet

I take u home

N make u shyne

Mi favwit stik

This stik ov mine",ilikthebred
dwoiima,New connect has no idea how much to put in a bag!,"Good advice. I went from paying top dollar for mediocre gear to getting fire for literally less than half the price of the mediocre stuff. Started out middling for a few friends and ended up just buying zips myself everyday and flipping those. Luckily didn't end up in any legal trouble but the habit that produced was insane. When that finally came to an end, as most good things do (plug got popped), I could barely support my massive habit with the prices I had to go back to paying. Moral of the story is if you're going to middle, stay small. It neigh impossible to maintain a successful dope business while being an addict yourself.",opiates
dwoxb0s,White Collar Acting,Ha! Same here. It has literally been the only show playing on our tv for several months now. As soon as its over we just restart it. To be honest maybe only half of the episodes get watched on any given play through as its just on in the background a lot of the time. But we just can't get enough. Before White Collar it was Criminal Minds. When the new season finally makes its way to Netflix I'm sure we will switch back for a bit.,whitecollar
dwoxcu9,Just finished watching White Collar.,White Collar.,whitecollar
dwoy3nx,Morgan and Garcia,It was almost Tits Mcgee! Just be glad the censors would never allow that.,criminalminds
dwpplzn,Just a wee butt hole,"Bun-holio! I need some cream cheese for my bun-hole!

Is that a bagel?",KitchenConfidential
dww9d7e,"YSK that Narcan, a drug that reverses opioid overdoses, is available over the counter in 46 U.S. states, and is often covered by health insurance. The surgeon general has issued an advisory urging more Americans to carry this life-saving medicine.","Morphine and heroin are not *that* different. Heroin is diamorphine. It's a prodrug of morphine. They are extremely similar. Heroin is much more potent than morphine though, if that's what you meant.",YouShouldKnow
dwwxelj,Florida man dies after eating 7 grams of cocaine during traffic stop,Check out Portugal's drug laws and how that's working out over there.,FloridaMan
dwxwknp,This guy’s mohawk today in downtown Denver,And now it's just cold as shit.,ATBGE
dwy6nmi,This guy’s mohawk today in downtown Denver,Ha! I really can't. I'm pretty much in aurora anyway. Right on the border in a little shit hole condo.,ATBGE
