Submission_ID,Submission_Title,Submission_Text,Subreddit
1ajh1r,She's a keeper,"A shit-prize, to be sure, but a welcome one.",Catswithwigs
1amnf8,"One day I'll have my own cat to put a wig on. Until then, this will have to suffice.","A shit-prize, to be sure, but a welcome one.",Catswithwigs
1aout5,would you?,"A shit-prize, to be sure, but a welcome one.",Catswithwigs
1aq364,Those curls,"A shit-prize, to be sure, but a welcome one.",Catswithwigs
1argfh,/r/Catswithwigs - A subreddit dedicated to the posting of pictures of cats wearing wigs. >^o^<,"A shit-prize, to be sure, but a welcome one.",gnureddits
1arjmj,Pretending nobody notices,"A shit-prize, to be sure, but a welcome one.",Catswithwigs
1arrrb,/r/catswithwigs - Exactly what it sounds like - beautiful cats wearing even prettier wigs. ^o^,"A shit-prize, to be sure, but a welcome one.",shamelessplug
1axppc,Classy,"A shit-prize, to be sure, but a welcome one.",Catswithwigs
1bmgph,Something about that wig doesn't feel right.,"A shit-prize, to be sure, but a welcome one.",Catswithwigs
1gnz1f,My friend Wayland Chu has some amazing stuff. I hope you guys like it as much as I do.,"A shit-prize, to be sure, but a welcome one.",drawing
1hkvd9,Did any of you lovely people get your hands on one of my friends posters?,"A shit-prize, to be sure, but a welcome one.",ElectricForest
1inkqa,"I parked too far away from Starbucks to steal their internet, so now I have to listen to the radio to pass the time as I wait for my girlfriend to get off work.","A shit-prize, to be sure, but a welcome one.",firstworldproblems
1nr12s,Looking for 2 tickets to Disclosure in Boulder on the 22nd. Can anyone help me out?,"A shit-prize, to be sure, but a welcome one.",Denver
64oct8,Dog owning BTH smokers.,"A shit-prize, to be sure, but a welcome one.",opiates
6531m0,What kinds of jobs -besides teaching- are available for English speaking Americans?,"A shit-prize, to be sure, but a welcome one.",korea
66x3e9,Gotta love a mix up on the dboys end,"A shit-prize, to be sure, but a welcome one.",opiates
66x935,When your first meme is shit but people are still inclined to upvote it and you end up on the frontpage.,"A shit-prize, to be sure, but a welcome one.",PrequelMemes
67gqi7,Today's gonna be a good day.,"A shit-prize, to be sure, but a welcome one.",opiates
68bbmn,Gotta love this weather,"A shit-prize, to be sure, but a welcome one.",opiates
68ubfb,The dopeman did it again,"A shit-prize, to be sure, but a welcome one.",opiates
6kkzl5,"A little late to the party, but this is my bubber Gogi. Short for GaeGogi. Korean for DogMeat.","A shit-prize, to be sure, but a welcome one.",opiates
6vn03t,That moment when you finally pick up after working all effing day sick as a dog,"A shit-prize, to be sure, but a welcome one.",opiates
7397yg,Quick question about the Clone Wars (2003) animated series.,"A shit-prize, to be sure, but a welcome one.",StarWars
88wdkm,Branch Manager,"A shit-prize, to be sure, but a welcome one.",ilikthebred
89zjcq,Sexi Boii,"A shit-prize, to be sure, but a welcome one.",sploot
