Comment_ID,Comment_Submission,Comment_Text,Subreddit
dwe6mqd,"John Bolton to Replace H.R. McMaster as National Security Adviser, How will this affect the Syrian Civil War?","> If the Republicans are still in good graces and are looking to keep the House? No need for a war.

Even with historically low numbers, the strong potential of a Democratic wave, an unpopular President except with a quarter of the country whom will face impeachment proceedings?

I am not a Conspiracy Theorist at all, in fact I find them annoying. Why? Because appointments like this and things like wage stagnation show that the people in control are doing it openly.

> If it looks like things are going bad and Democrats are going to sweep up and claim the Senate? Time to try a good ""rally around the flag"" moment with Iran or NK.

Doh, we agree. Guess I will leave this up there to flesh things out.",syriancivilwar
dwe6sax,"John Bolton to Replace H.R. McMaster as National Security Adviser, How will this affect the Syrian Civil War?","> I honestly don't think a sane president would do this in his first term

We are talking about a figure who has his sanity and competency regularly questioned though. Also a President who foreign policy advisors have called things like ""a total moron.""",syriancivilwar
dwe6ypc,"John Bolton to Replace H.R. McMaster as National Security Adviser, How will this affect the Syrian Civil War?","Yeah Trump/Iran/Assad are popular with hardcore Trump supporters. However, there really is no argument to be made that he isn't doing exactly what he said he wouldn't.

https://www.thenational.ae/world/the-americas/assad-finds-fan-base-among-white-supremacists-in-charlottesville-1.619402",syriancivilwar
dwe6zvn,"John Bolton to Replace H.R. McMaster as National Security Adviser, How will this affect the Syrian Civil War?","Its both actually, they don't like anything Obama did but anything Trump does is basically God's will.",syriancivilwar
dwe72a9,"John Bolton to Replace H.R. McMaster as National Security Adviser, How will this affect the Syrian Civil War?","> he original anti-war isolationists have been silenced.

Hopefully they realize that a reality TV celeb very possibly isn't telling them the truth. Especially one that doesn't seem to mind lying.",syriancivilwar
dwe7plv,"Feel utterly terrible the next morning, every time.","Figure out what went wrong and adjust. Get up, brush the dirt off your shoulders and get back too it! Watch the negative self talk, people struggling with addictions can be straight up cruel to themselves.",leaves
dwf01t7,"E. Damascus: FSA Jaish Tahrir Sham started 2nd part of its battle in E. Qalamoun, attacking Regime positions in Muhassa area. Several postions & one BMP destroyed so far.","They cannot surrender to Assad because they will be killed, they cannot go to Idlib because they will be killed.

They are well entrenched in Duma and are much better armed then most other opposition groups. Staying in Duma arguably gives them the best chance. They also will be seen by many as choosing self sacrifice.",syriancivilwar
dwi1jon,How Syria Fits Into the Trump-Russia Scandal,"> I dont think that Putin has a problem with the West

This statement alone shows why this sub and the conversations are terrible compared to what it used to be. A large amount of his popularity is dependent on him antagonizing the west. Soviet FP was the same. In fact, if the US didn't exist, then Putin would not be in power.

> In that sense he has much in common with the rising independent political movements but that doesn't mean he owns them.

Sure. He handles opposition to himself so well. Not like he routinely murders or jails them.

Putin is the head of a autocratic mafia state, not some human rights advocate.",syriancivilwar
dwkumvs,"Trump Freezes $200 million for Syrian Recovery, Signaling Pullback(Original WSJ article behind paywall)",Right they have made this clear over and over again. If Russia/Iran want to be peacemakers and sculpt the future of Syria then they can pay for it.,syriancivilwar
dwkup9j,"Trump Freezes $200 million for Syrian Recovery, Signaling Pullback(Original WSJ article behind paywall)","> US aid always comes with strings attached.

All aid does, its just the US tends to give it far more then any nation. 

Aid has always been a political tool. I know its cool and edgy to pretend that the US has figured out a way to make aid evil

> US presence or no reconstruction funds

the US has made it clear they will only reconstruct SDF controlled areas.",syriancivilwar
dwkut8p,"Trump Freezes $200 million for Syrian Recovery, Signaling Pullback(Original WSJ article behind paywall)","> Shit if the government took over raqqa initially it could be as good as Aleppo is right now.

Yeah looting, an entire side devestated and tons of shia militas from foreign nations in it and massive population displacements. 

> The situation of single mothers is good compared to that of the women who have to sell their bodies to obtain aid from charity groups. Aid is distributed by local workers, who exploit their position to demand sexual favors in exchange for food. One such woman said that an organization employee proposed a “temporary marriage” to her in exchange for the promise of a continuing supply of food. When she refused, he told her she would no longer receive aid.


yeah if only a fractured police state government can take over, then things will get better.

https://www.haaretz.com/middle-east-news/syria/.premium-sex-for-food-women-of-syria-s-aleppo-face-exploitation-by-aid-workers-1.5891231",syriancivilwar
dwkv4ug,"E. Damascus: FSA Jaish Tahrir Sham started 2nd part of its battle in E. Qalamoun, attacking Regime positions in Muhassa area. Several postions & one BMP destroyed so far.","> Loyalists several times now successfully reconciled with militants, so ""cannot surrender"" is bogus.

Well hate to  break it to you, but the Assad regime has a pretty bad reputation. A few forced relocations isn't going to override 40+ years of systemic rape, imprisonment and murder by the regime. 

https://www.hrw.org/news/2015/12/16/syria-stories-behind-photos-killed-detainees 

This is what they think of, of course they don't want to surrender. 

> Staying in Douma is complete self-destruction. And not many will see hopeless death as self-sacrifice.

Simply not true, it will be yet another situation in which the regime losses people and has to 

> I am sorry, but you comment is kinda delirious.


Yours is just absurd and irrational. Why would they surrender to a regime that is committing massive war crimes?

You seem to forget that many in Jaish were locked up in regime prisons, including Sedayna.

https://en.wikipedia.org/wiki/Sednaya_Prison

> In Idlib there are JTS that would likely not be hostile to them, AFAIK. Here goes ""cannot go to Idlib"".

What was literally the last group to be bussed to Idlib? Yes, it was JaIs chief rival.

You are completely biased and seem to lack insight into the crimes of the regime and what kind of impact they have.",syriancivilwar
dwkv5e2,"Army, Tigers head to Duma to deal with rebels. They refused to left to Idlib.","Regime = As Bad as IS

https://www.hrw.org/news/2015/12/16/syria-stories-behind-photos-killed-detainees",syriancivilwar
dwkw7x4,Eyad Alhosain reporter expects massive Syria army operation towards oilfields under SDF control,"Normally I would agree, but things in DC are very much not normal. Sadly, it can also indicate that money is going elsewhere into a more offensive capability. Which is what I would assume with Pompeo and Bolton taking over.",syriancivilwar
dwkwj0v,Eyad Alhosain reporter expects massive Syria army operation towards oilfields under SDF control,"He is heavily biased and works for a state media outlet. His job is to work as a voice for the regime, not to inform correctly. He has essentially admitted this on film.",syriancivilwar
dwkwp8q,Eyad Alhosain reporter expects massive Syria army operation towards oilfields under SDF control,">  why don't you let the Syrians in Syria decide 

Because he is a reddit poster and has no control over what nation states do so he decided to offer his opinion. Its always hilarious when people on the internet do this.",syriancivilwar
dwkwrqq,"Muhaysni copies Assads drive+talk style, talking about his capture of Idlib city 3 years ago",cool story bro. This really isn't anything beyond idiots shit talking each other. Not sure why this is being upvoted,syriancivilwar
dwlvh6t,"Trump Freezes $200 million for Syrian Recovery, Signaling Pullback(Original WSJ article behind paywall)","> And those ""shia militas"" were sunni liwa al quds. 

So only the sunni members of a shia milita (like what maybe 5 of them) is followed by this 

> Shove your sectarianism back from the hole it came from.

Bashar Assad admitted his forces were looting. 

> The only foreigners were the european and saudi nationals occupying aleppo.

You forgot afghanis, lebanese, Iraqis, Shia Turks, Iranians those are forginers,

shove your RT narrative back to the kremlin",syriancivilwar
dwlvk3s,"Muhaysni copies Assads drive+talk style, talking about his capture of Idlib city 3 years ago","I think this post violates rule number 9

> 9) Non-Substantive Comments. Low-quality comments that contribute nothing to the conversation are heavily discouraged and will be removed. Borderline shitposting, strange formatting, memes and jokes, talking/whining about votes and brigades is not allowed unless specifically allowed.",syriancivilwar
dwlx2o8,I feel like I’m in an on and off again relationship with dope,"You can become incredibly attached to a substance. People choose it over there children or health daily.

There is a reason many treatment centers have good buy letters written. When you get truely clean you will mourn losing that relationsho.",opiates
dwotq02,"Trump Freezes $200 million for Syrian Recovery, Signaling Pullback(Original WSJ article behind paywall)","> I’m sure you call isis, aq and al nusra Sunni militias. Or is it only shias you call out by religion?


So you are sure of it but then you question yourself.

Keep posting comrade bot. Putin will notice you soon.",syriancivilwar
dwotvzk,Footage of the Jaish al Islam evacuation from Douma,"Because people in them middle east have larger families, especially impoverished ones",syriancivilwar
dwsfq9a,"Trump Freezes $200 million for Syrian Recovery, Signaling Pullback(Original WSJ article behind paywall)","Yes you got me. I got a  big wahhabist beard that you run and hide from. I always laugh when it people are scared of facial hair like you.

PS: I live in Chicago... not a ""Saudi Bot"" comrade. You better go on RT to get your daily spam postings edgelord. FIGHT THE POWER SIDE BY SIDE WITH WAR CRIMINALS!",syriancivilwar
dwsgyn8,Would anybody pay BTC for an amazon egift code?,for egift codes and not the card?,Bitcoin
dwsxzkh,"Trump Freezes $200 million for Syrian Recovery, Signaling Pullback(Original WSJ article behind paywall)","No you aren't, stop lying",syriancivilwar
