Comment_ID,Comment_Submission,Comment_Text,Subreddit
dwkrap6,Any Opinions or advice on methadone subutex and suboxone?,"Word. I came off a heavy IV dope habit, with 5 years off MMT in the mix. I attempted a pretty quick taper off the methadone and suffered for months. At over 10 months in I *still* have residual anxiety, fatigue and memory issues, and I’m still sneezing. All of it is very very minor, but just, fuckall you know? I can’t believe I survived that level of extended hell and managed to come out the other side still clean.",opiates
dwkrzoi,In desperate need of help,"The meds you have will help, but don’t underestimate how much non-med solutions can help, especially once you get past the acutes.

My detox and PAWS were horrible - like beyond brutal, and I had no resources to go to rehab or anything, did it myself at home. The things that got me through it were kratom, weed, Imodium (in SMALL amounts), hot baths, walks, meditation, exercise, a healthy diet and going to NA/AA.

I did NOT wanna go to meetings, but they made all the difference to me. You just have to get desperate enough to go. Believe me, I tried everything else first, and none of it did fuckall for me. You can do this.",OpiatesRecovery
dwl0n2m,Questions on urine lab test,"I have a pretty slow metabolism. If I was just chipping occasionally w no real tolerance, 3-4 days usually. Once I was addicted and using daily it took me 6-7 days to pee clean. When I was using on top of my methadone when I was on MMT it took 8-10 days (!).

Bottom line is everybody’s different. You can always get a drugstore pee test to check.",opiates
dwl10wj,A day at a time.,"Wow, holy sh*t that’s got to be rough. Sincere congrats to you! Hmu if you ever need support, I came off a heavy IV dope/speedball habit on top of 5 yrs of MMT last year - detoxed myself and it sucked.

It is literally a minute at a time sometimes when you’re going through that. You’re amazing though, hang in there because it’s all worth it when you get your life back.",opiates
dwl8wgj,A day at a time.,"Yeah.. 5 years, and using on top of my dose for part of it. So dumb. Over ten years heavy use altogether.  You know hard that is - which is why I commented to you. My heart goes out to anyone fighting this fight and I think you are super brave. The hardest part is just letting the time pass, so your body, head and life have time to heal.",opiates
dwlgp3j,Can't stay totally clean,"It’s tricky. There was a thread on either here or /r/opiatesrecovery the other day about how the powers-that-be define “success” as far as getting clean.

I can only give my opinion :). I have a similar long, heavy use history as you. I struggle with “completely clean” as well. I’ve been clean of opiates and heroin for over 10 months now, off my prescribed benzos for 2. I barely ever drink, I smoke weed, and I consider myself clean. Because I am clean from anything that was ever an issue for me. I’m careful not to ever step into substances I know may set me down a bad path, so yes, in my heart I am my own best definition of clean.

I used kratom to detox, and knew it was a slippery slope so I tapered off. Sounds like this might be what you feel like is holding you back. I know I could not handle doing kratom right now. Have you checked out /r/quittingkratom?",opiates
dwmferu,Opiophile,Omg I forgot about opiophile! I spent a lot of time there back in the day :),opiates
dwn1vcw,Life was so much easier as a junkie. Or was it?,"Yes. I could’ve written your post except I’m only 10 months clean. There is definitely a 10-year old in my head, who thought that once I got clean everything would be sunshine and rainbows, and that has so not been the case. 

Part of my problem is that now that I don’t have that “one problem” I get hyper focused on my various multiple problems and how to fix them. And I’m like the little Dutch boy (girl whatever) like, everytime I get one hole plugged the water starts spraying out another and I’m running out of hands. Plus self esteem issues from being a junkie for the last 10 years. 

One thing that has helped more than anything is NA/AA - with the whole focus on teaching people to stop trying to control everything. That’s always been an issue. As I realize that I can only actually control a small subset of things in my life, and that worrying about the rest stresses me out. So I’ve gotten a lot of peace from practicing that. Even if you don’t like 12 step you can take something from that.

But yeah, it’s hard. Being a grown up kind of sucks. Ima keep fighting the good fight for now.",OpiatesRecovery
dwo5my9,What do people call dope where you live?,"Train, boy or dope in VA",opiates
dwozver,Lost my job of 4 years--the one thing is was proud of in my life,"I feel you too. I lost my job at the tail end of my addiction - ironically it had nothing to do with me or anything I did - straight layoff. It was still horrible, and basically kicked off 2 years of pure suck. I’ve been clean for 10 months now, still trying to resolve all the job crap.

But I came here to say that I think you’d be a really good candidate for methadone. Just be smart about it. Don’t use on top of it no matter what, it does not lead to a good place. Tapering off can also suck but if you are smart about it, it’s not bad.

And if you follow all their rules at the clinic you can get carries pretty quickly - you start earning them after 3 months at my old clinic. They are all different though.

But methadone would prob give you the best chance to get functional and feel normal. IMHO anyway.",opiates
dwqxl0b,"Wish me luck at my PM appointment. Thanks, y’all are badass",Good luck Catman!,opiates
dwqyy6j,Tuesday April 3rd Daily Check In,Ugh that sucks!! I am real sorry that happened to you. Do you ever use the Headspace app for meditation? It’s a good one. Try and stay off your feet and hang in there.,OpiatesRecovery
dwqzhng,Tuesday April 3rd Daily Check In,"I am grateful for another day clean. I’ve rode out some tough days for the last few months but I’m thinking I might see the light at the end of the tunnel now. I managed to file my horror show taxes today which is a relief - I owe :( bcus I run my own business right now. I been really struggling to change that whole situation and it’s the source of a lot of my stress. Keep your fingers crossed for me please.

My 1-year anniversary is coming up next month. I guess I need to go to more meetings and try to be more social in the program. That’s the hardest part for me but I get a lot out of it when I push myself.

But yeah, happy it’s spring, happy to be clean.",OpiatesRecovery
dwr14t0,Weight gain in recovery,"Look at this as an opportunity to get healthy. Similar thing happened to me. When I got off dope, I was what I call “skinny fat” - I wasn’t really fat but I was flabby and in awful shape. My mind frame at the time (since I’d been living on cereal, ice cream and sour patch kids) was “oh, now I can eat and get healthy!”

But I didn’t understand what that meant, and thought it meant I could eat everything. So fast forward like 4 months, and by late last year I was about 165 lbs. and still in crap shape. I’m F and 5’7”.

So I cut out all sodas and sweet drinks, processed and fast food, candy - and started walking around my neighborhood. I’d go for about a .5 mile and be exhausted. But it was baby steps. I’ve graduated to a CICO diet and cooking everything from scratch, mostly raw food diet. And I can breeze thru 3-4 miles without breaking a sweat. I exercise and lift weights too. And I’ve lost 20lbs! 

Try using a step counting app like Pacer. Or a fit bit or Apple Watch. 

I do CICO (calories in, calories out) and use the My Fitness Pal app. It makes it so easy. Portion size is everything!

Great subs are:
/r/1200isplenty
/r/loseit
/r/healthyfood
/r/keto

Seeing the changes in my body has been a slow process but it’s been such a great motivator for my recovery. And it helps keep me out of trouble. Have fun!",OpiatesRecovery
dwr1nfh,"Mentally, I just cannot handle withdrawal or sobriety...","You need support, most of us can’t do this alone. Are there any kind of meetings you could go to? an IOP, AA/NA, SMART, Rational Recovery, Ring, etc. Even NA by phone. You might not want to go, but consider giving it a try. It could change everything for you as far as how you’re feeling. Might be worth it - it saved my life.",OpiatesRecovery
dwr28tq,How does your clinic operate? Mine is bilking my health insurance....,"That’s a LOT of groups! Geez. My old clinic was self pay/cash only and they’d hit us with various fees- benzo fee, annual fee, fee to re-test a dirty, etc.

I only had to do one group per week for an hour.",Methadone
dwrdwnw,"Mentally, I just cannot handle withdrawal or sobriety...","It’s awesome if you have someone to go with you. And yes, babies are in meetings on the regular. They are especially fawned over in the women’s’ meetings. And remember, it’s perfectly fine to listen til you feel up to sharing. But the more you open up to people, the easier it is to gather a support network. If you talk in the meeting tell them exactly how you’re feeling. 

Some meetings are better than others - I sort of meeting hopped until I found ones I liked a lot. And NA by phone gives you the opportunity to get a feel for how things work ahead of time. You can decide if you think it’s something that is right for you before you ever set foot in the room.",OpiatesRecovery
dwsa0vs,How does your clinic operate? Mine is bilking my health insurance....,"I think you meant to reply to OP? Like I said, my clinic was cash only/self pay - which meant that if you have private insurance your only hope of getting any reimbursement was if you had an HSA. I would get receipts from them, but nothing was ever itemized like it would be on an EOB.

I am not sure how they handled Medicaid patients.",Methadone
dwsd2sc,How does your clinic operate? Mine is bilking my health insurance....,"This is past tense since I’m off mmt, but yes that’s correct. I was billed an extra $20/month because I had an outside low dose benzo script.

It was supposedly to cover benzo monitoring in my UAs, which ended up being a huge nightmare. I got red flagged over and over because my benzos were sometimes not showing up in my UA. I was immediately accused of diverting them, despite never having a bad pill count. I have never abused my benzos, and my prescribing doctor backed me up a hundred percent. Didn’t matter though - the clinic still thought I was lying junkie scum. I’m so glad to be off both methadone and benzos now.

My annual fee was higher too - I can’t remember by how much, but that was also a “benzo” charge.",Methadone
dwsdlww,Getting my foot in the door of recovery and proceeding to slam it repeatedly,"Yeah junkies gonna junk is not really an excuse :)

Look, you had 3 months, so you know how much work it takes and you got a taste of the rewards. You know what you have to do to be clean, so it’s a matter of just doing it. It’s as simple as making the next right choice.

Relapse is a part of lots of people’s recovery. You’ve learned something, so now it’s time to use it. In NA I see lots of people come back into the rooms after a relapse, and they are met with love and support. Yes, some people will stand back for awhile, but that’s because they’re scared. It’s not a personal reflection on you. It sounds like you are sick of the grind. This is a great time to jump back into recovery. You can do this!",opiates
dwsfv1f,Share how many days clean you are,316,OpiatesRecovery
dwsgjy6,Almost two years clean and feeling really lost...,"Don’t do one more time. Think about this rationally. Are you really willing to risk everything you’ve worked so hard for? And let’s be realistic- what are the chances it’s going to be as good as you are probably romanticizing? Here’s the four choices you have:
1. You use and it is indeed as good as you think. You’re most likely off to the races again and will lose what you have. Possibly back to square one.
2. You miscalculate dose or get fent and OD
3. The dope sucks and you’re left with guilt and crappy feelings, barfing and a lighter wallet
4. You walk away and have hope for the future

If you’re feeling bad, most likely there’s something else going on with you. Try to figure out what it is. Putting dope on top is not going to make it better.",OpiatesRecovery
dwsus9t,Ability to get new rigs in different states?,"Virginia sucks. The law *says* you can buy them OTC, but it’s at the discretion of the pharmacist, and 9/10 pharmacists are dicks who do not care about harm reduction. If you’re really determined, and willing to run from drugstore to drugstore asking then yeah, you’ll probably find something.

You can almost always get them at Walmart around here but they have a super limited selection - usually only the short tips.

Throw them in your checked back in your toiletries with a few diabetic supplies.",opiates
dwvdo4k,I don't fucking know anymore..,Great advice - I came here to say exactly this. And upvote for your u/ 😆,opiates
dwvz4kl,3 months off pills and miss them today. any words of encouragement would be great right now,"I go through days like that, just wanting to get high. I know I’m not gonna do it but it’s still stressful and frustrating. You’re doing good I think - just keep looking at all the reasons not to use. And congrats on your time- 3 months is huge! And me too, as far as my body feels so much better now that I’m clean.",OpiatesRecovery
