Comment_ID,Comment_Submission,Comment_Text,Subreddit
dwkuna6,He's just calling it like he sees it,I don’t think that that’s deleted. I may be wrong though.,DunderMifflin
dwpuuvi,The Psychopathology of Long-Term Addiction and Cessation.,"Awesome information. I haven’t read all of it yet cause I’m tired as fuck, but I’ll from what I’ve read, it’s really good",opiates
dwpuwt1,Should I tell someone?,"Thank you, this is what I was initially thinking, but then my dumb morals kicked in about lying to my friends. I probably won’t then. It helped enough just to even post this I think.",opiates
dwpv2vj,Should I tell someone?,"Good point. It’s not like they’re asking if I’ve done these drugs. Though, sometimes my friend asks about psychs. I’m making a bigger deal out of it than it has to be. Thank you for helping me realize that :)",opiates
dwqg1l3,Should I tell someone?,"Ok, I definitely won’t then. I’ll just keep it under wraps",opiates
dwqga4o,Should I tell someone?,"With all the replies it got me thinking of their responses, and like you said, I think now that it would make things much worse.",opiates
dwqgcsd,Should I tell someone?,"Well, my best friend always asks me about drugs because she knows I’m more open to trying stuff than most people. Never specifically heroin, it’s usually weed she asks about.",opiates
dwqgdxx,Should I tell someone?,"That sounds like the best plan :) I’ll stay off, thanks!",opiates
dwqgjlm,Should I tell someone?,"I will, and I understand the addiction potential and how it sneaks up on you. That’s why I’m just sticking psychs now. I’ve tried the opiates I wanted to, and now I’ll just try psychs to be more introspective occasionally.",opiates
dwqgm9l,Should I tell someone?,Thanks for the comment :) I’m just sticking to psychs now. They keep me more entertained then opiates so that’s good,opiates
dwqgolc,Should I tell someone?,"I never thought about the possibility that they would tell my parents, now that you bring that up, I think they would. Thank you for the comment!",opiates
dwqgppy,Should I tell someone?,My dog is a very conservative anti drug type,opiates
dwqgrj9,Should I tell someone?,"Lol, do you regret telling your dad?",opiates
dwqgvk4,Should I tell someone?,"Glad to meet someone of the same age! Thanks for the comment “Yeah I won’t tell a soul except you guys.”

I’ll stick to that. I guess seeing all these comment made me realize it would make things worse, not better",opiates
dwqk473,Should I tell someone?,"Lol thanks for the advice. I don’t think she’s as open minded as other people, so probably best I not tell her",opiates
dwqk8kj,Should I tell someone?,"Yeah, that’s why I’m sketched out to talk to a therapist. I don’t want it on records which would make it harder to get a prescription if I need it",opiates
dwsqi4k,Do you prefer uppers or downers?,"Uppers make you very energetic, downers make you chill",Drugs
dwtivnt,What do you think the government or society could do to minimize the deaths related to the opioid epidemic?,"Thank you for your very thoughtful answer.

“legalizing and regulating the distribution of heroin to those that would benefit.” I agree. This may seem very unethical and crazy to some people that don’t understand the drug well and just know it as a hard drug. If we did legalize it, it would be so much safer. You hardly hear about heroin overdose deaths, you mainly hear about fentenyl overdose deaths.

I also agree that we need to educate teens on drugs and not just tell them “they are all bad and will kill you”. I have heard so many stories of kids being told this, then they finally try a drug and realize this is not the case. Then they think every drug is ok which is very dangerous for them.",opiates
dwtizi9,What do you think the government or society could do to minimize the deaths related to the opioid epidemic?,"Very true. People think it’s crazy to legalize a “hard drug” and they think it’s unethical and unthinkable. People are taught, heroin is the worst drug possible and it will kill you. This is not the case. The laced heroin is the worst and WILL kill you. If we legalize and regulate, we can be sure it is safe.",opiates
dwu0tmu,Uh oh...,No! NO! PLEASE GOD! NO! NOOOOOOO,DunderMifflin
dwu2r0n,Heroin while working out,"Yeah, that’s kinda what I was thinking, shoulda been more specific. I meant take a low dose (to not nod) while doing light cardio to make you go farther",opiates
dwu46q1,Heroin while working out,That’s great! Being an active user is quite respectable,opiates
dwu74m6,Heroin while working out,We have a genius in the house,opiates
dwun16r,A bit of I am very smart aswell,Should we give him glasses?,im14andthisisdeep
dwv5iwg,Anyone here confident with their drug use?,"I’m a youngin who’s pretty confident in my drug use. 

Alcohol 
Kratom 
Phenibut
Dilaudid 
Vicodin 
Valium 
Nitrous 
DXM (huge trip: changed me for the better)
Etizolam 
Heroin 
LSD

Never been physically or psychologically addicted (except when I first started using Kratom, I underestimated it due to its legality)
Never gone through withdrawals and I’ve been very successful in school. 

I should add also that I have researched every single drug I have used to the fullest extent and used them in the safest way I knew how and I think that’s what helped me not fall into he traps of them, not to say I’m immune to addiction either. I am lucky enough to have a strong support system if anything happens and I also have a spiritual side which has helped more than anything to remain in control.",Drugs
