Submission_ID,Submission_Title,Submission_Text,Subreddit
86ve7i,"Roses are red, Dwight's wounds heal with pee,",I don’t think that that’s deleted. I may be wrong though.,DunderMifflin
87olgr,Can someone help me with the famous heroin user on here,I don’t think that that’s deleted. I may be wrong though.,opiates
89s4oc,What do you think the government or society could do to minimize the deaths related to the opioid epidemic?,I don’t think that that’s deleted. I may be wrong though.,opiates
89w9ye,Heroin while working out,I don’t think that that’s deleted. I may be wrong though.,opiates
