Submission_ID,Submission_Title,Submission_Text,Subreddit
5kmdwj,Target Selling DANK🔥🔥🔥,...what's the pun?,trees
5m9bal,"Got My Gift But Am Home For Holidays, How Do I Not Get Punished For Not Posting My Gifts Yet?",...what's the pun?,secretsanta
5mmhvk,Do Online Classes Usually Allow You To Go Sit In On The Lecture?,...what's the pun?,fsu
5plz2d,Q: What's that lead? Easiest to hear in first ~8 seconds,...what's the pun?,makinghiphop
5s8mh8,"When I go to bed late, I have to decide if I want Reddit to be interesting now or when I wake up",...what's the pun?,Showerthoughts
5s9wt4,"Modern day politics is extremists on both sides doing dumb shit, then the moderates reacting to it and using those events to judge the entire opposing side",...what's the pun?,Showerthoughts
5svn9b,LPT: Use an actual alarm clock for your alarms instead of your phone. Put the alarm clock away from your bed (I put mine in my bathroom). It's a LOT more annoying than whatever phone alarm you use.,...what's the pun?,LifeProTips
5ugykx,A Car Repair Place That Has A Mechanic Who Sits By The Road And Dings A Bell When A Car That Drives By Sounds Like It's Messed Up,...what's the pun?,CrazyIdeas
5yc3z9,what the fuck changed in the stream,...what's the pun?,Ice_Poseidon
5ycd89,What league should a new player play on?,...what's the pun?,pathofexile
68q0zc,What tier did you back at? Let's keep the hype train going!,...what's the pun?,AshesofCreation
68qzdi,THE GOAL HAS BEEN MET!,...what's the pun?,AshesofCreation
693b6h,How Can I Apply Programming Knowledge To The Finance Field?,...what's the pun?,learnprogramming
6yl2km,Mage or Warlock For 7.3+ PvP?,...what's the pun?,wow
6z4a87,"On The Combo System And Ashes Being ""Vaporware""",...what's the pun?,AshesofCreation
7n6icn,Looking for a daily writing book?,...what's the pun?,writing
7ols5h,When Will The Christmas Decorations Go Away?,...what's the pun?,FortNiteBR
7pj1wu,When You Accidently Upvote A Post,...what's the pun?,reactiongifs
7t0kil,"Disconnected From Game, There Is No Way To Exit The Program From This Screen!",...what's the pun?,FortNiteBR
7t6j3j,Why Luigi And Peter...?,...what's the pun?,ComedyCemetery
7vkpcr,Easy Way To Share Sound And Screen?,...what's the pun?,makinghiphop
7vzqtx,Can There Please Be A Way To Turn Off The Facebook Link Button?,...what's the pun?,FortNiteBR
7x537g,Can This Stop Happening? Disconnected Running West To Modern Building In Pleasant Park,...what's the pun?,FortNiteBR
7yo491,How To Reduce Volume?,...what's the pun?,malehairadvice
89dynb,u/Muino's circle,...what's the pun?,CircleofTrust
