Submission_ID,Submission_Title,Submission_Text,Subreddit
6nytdy,"Life is good sober, so why...","Thank you. You are absolutely right. I struggle with anxiety but can no longer get prescribed any kind of benzo because of my addiction history. It's so hard to get through it sometime. I care about him immensely. It was a rash discussion, but sometimes when your head is spinning like that rationality goes out the door right? 😖",opiates
6q978i,Holy Basil & Suboxone,"Thank you. You are absolutely right. I struggle with anxiety but can no longer get prescribed any kind of benzo because of my addiction history. It's so hard to get through it sometime. I care about him immensely. It was a rash discussion, but sometimes when your head is spinning like that rationality goes out the door right? 😖",opiates
6sphp4,Your Scar Will Heal...I promise,"Thank you. You are absolutely right. I struggle with anxiety but can no longer get prescribed any kind of benzo because of my addiction history. It's so hard to get through it sometime. I care about him immensely. It was a rash discussion, but sometimes when your head is spinning like that rationality goes out the door right? 😖",opiates
6wvmtx,Wish App for All Your Opi Needs!,"Thank you. You are absolutely right. I struggle with anxiety but can no longer get prescribed any kind of benzo because of my addiction history. It's so hard to get through it sometime. I care about him immensely. It was a rash discussion, but sometimes when your head is spinning like that rationality goes out the door right? 😖",opiates
74lyx7,"Talk me down, please","Thank you. You are absolutely right. I struggle with anxiety but can no longer get prescribed any kind of benzo because of my addiction history. It's so hard to get through it sometime. I care about him immensely. It was a rash discussion, but sometimes when your head is spinning like that rationality goes out the door right? 😖",opiates
