Comment_ID,Comment_Submission,Comment_Text,Subreddit
dq55dg4,"Shower thought: Taking LSD is like finding a good new song... if you listen to it too much immediately thereafter, it dulls. Wait a bit and listen again, and it has the desired potent effect.",Higher dose is more like a remix bc of how completely different dosages range in effects and Intensity,LSD
dqkac1h,Describe DMT in one sentence.,Death by astonishment.,DMT
dqt5pkb,I tried it.. but didn’t get the experience that everyone else got?,Don't snort it,DMT
dsxkuvv,I have a shroom kit and I don’t know what to do with it,Idk why this got downvoted at least give him a portion dick move to sell someone's gift to you imo,shrooms
dt2sjka,What’s the worst thing you’ve accidentally drank?,I once grabbed bong water thinking it was regular water when I was really high took a huge gulp and swollawed only to realize ...,AskReddit
dt41flp,Extracting LSD,Why would he be in for a rude awakening probably got them off the web that's extremely profitable,Drugs
dt41qic,Extracting LSD,I think if you're providing a felony service it's fair to make some profit for yourself the risk outweighs the reward for LSD with how the legal status is in the US charging ridiculous prices is greedy but no one is gonna sell something that's extremely illegal and risky for nothing in exchange and it's not fair to expect anyone to simple economics,Drugs
dt42kv3,Extracting LSD,I used to peddle acid always reagent tested gave harm reduction advice and charged 10 a tab always had good experiences,Drugs
dt9w0sb,Am I the only one that enjoys that strange smell of Deems?,Yes,DMT
dtab5jj,Just got my Pax 3 and and 7gs stolen of me,I'm a broke student too took me quite the while to save up for those things ...,trees
dtac1ws,Just got my Pax 3 and and 7gs stolen of me,I found out where he stays definitely gonna take measures,trees
dtjjcl7,Pill porn,Oh sorry my bad,opiates
dtvrnag,"Afghan #3, Some of the best hash I have ever smoked, and music. It's going to be a nice day .",Yeah me too I really want one,opiates
durfz6l,‘Dmt finds you’ - The passive fallacy,Basically the concept is since the universe is infinite in every direction everything we do is already bound to happen just like everything is bound to happen in every direction at once thus making any illusion we have of choice a fallacy,DMT
dut9av5,"ULPT: If your college website uses 'TurnItIn' to check for plagiarism, simply add ""quotes"" at the beggining and end of your entire paper in white font and it will interpret this as one long citation, giving you a 0% match.",If you wanna take it a step further change the quotes to white color so it blends with the page and isn’t visible you may also do this to make your overall word count higher,UnethicalLifeProTips
duz5dlb,"Tramadol,ketamine and many other substances OTC",Yeah fr,Drugs
dv1cc2w,"Anyone able to eyeball this DMT? I know it’s a long shot, but I don’t have a scales or anything. I poured this out from a bag I have. Anyone able to guess approximately how much is there? Lighter for reference. I just want enough for one trip. Thanks",Looks like exactly 11.8mg to me trust me my eyes are a scale,DMT
dvp9yvi,Have 9 oxycodone 5 325 and no opiate tolerance,Isn’t the maximum amount per day 4000mg?,opiates
dvpa4jh,Have 9 oxycodone 5 325 and no opiate tolerance,Oh thank you for the advice I don’t plan to go near opiates probably ever I frequented this sub before I even touched any opiate and just the stories about addiction scared the hell out of me.,opiates
dvpah0n,Have 9 oxycodone 5 325 and no opiate tolerance,I actually got those as a prescription for a broken bone,opiates
dwjjtss,"With over 56,000 in Florida, Puerto Rico hurricane migrants may be wild card in U.S. elections",Also finically they won’t be capable,florida
dwnpnbw,Fentanyl patch: dosing help for swim and how to use? Thanks,Omg I love that box w2c?,opiates
dwo4j5h,2-Methyl-Carboxy-Fentanyl,1000ug isn’t a safe dose for fent or analogs unless you have a very very high tolerance and wanna ruin all other opiates for yourself .,Drugs
dwo4qur,"HELPPPP. I’m flying to Mexico from Tampa, Fl. .. I want to take a 10 pack of beans with me...",Why not just visit Mexican pharma,Drugs
dwqbm6n,"Wish me luck, I think a controlled delivery is underway",Me too rip dnm sub,Drugs
