Submission_ID,Submission_Title,Submission_Text,Subreddit
6g00oi,Just thought id leave this here,Higher dose is more like a remix bc of how completely different dosages range in effects and Intensity,LSD
6iadaz,Can you decarb weed and cap it up in those capsule things and just pop them?,Higher dose is more like a remix bc of how completely different dosages range in effects and Intensity,trees
6ig0us,Best way to do indoor stealth grow that doesnt smell?,Higher dose is more like a remix bc of how completely different dosages range in effects and Intensity,microgrowery
6jptue,Beyond Scared Straight on LSD,Higher dose is more like a remix bc of how completely different dosages range in effects and Intensity,LSD
6l7m4n,Who else is tripping and enjoying the fireworks in honor of brexxit 1776?,Higher dose is more like a remix bc of how completely different dosages range in effects and Intensity,LSD
6l9yjc,Hate how lsd feels in mouth is it okay if I put the tabs in my mouth then wash it down with water ? Not distilled just water,Higher dose is more like a remix bc of how completely different dosages range in effects and Intensity,LSD
6lmlky,Do i need a warehouse or can i just ship to my house from toa,Higher dose is more like a remix bc of how completely different dosages range in effects and Intensity,FashionReps
6qs14v,Good jean store on tao?,Higher dose is more like a remix bc of how completely different dosages range in effects and Intensity,FashionReps
6rapwa,Buy a fucking test kit people,Higher dose is more like a remix bc of how completely different dosages range in effects and Intensity,LSD
6rfzev,"[QC] Paris BOGO ""Bonjour Madame""",Higher dose is more like a remix bc of how completely different dosages range in effects and Intensity,FashionReps
6spxwj,DHL how bad is it really ?,Higher dose is more like a remix bc of how completely different dosages range in effects and Intensity,FashionReps
6tyzfn,[LC] Legit Check on Calabasas?,Higher dose is more like a remix bc of how completely different dosages range in effects and Intensity,sneakerreps
6yz0dc,How to handle higher dose body load,Higher dose is more like a remix bc of how completely different dosages range in effects and Intensity,LSD
6zwrgb,What is trade route? and General Opsec Advice,Higher dose is more like a remix bc of how completely different dosages range in effects and Intensity,DarkNetMarketsNoobs
73gnz3,[M4F] 20 love to please,Higher dose is more like a remix bc of how completely different dosages range in effects and Intensity,dirtykikpals
78kikd,Can I use this to vaporize dmt and what voltage should I use to do so,Higher dose is more like a remix bc of how completely different dosages range in effects and Intensity,DMT
79j89s,Yocan Evolve Plus or Magneto for dmt?,Higher dose is more like a remix bc of how completely different dosages range in effects and Intensity,DMT
7bmkpd,Trip Report,Higher dose is more like a remix bc of how completely different dosages range in effects and Intensity,DMT
7dkrij,Keylogger in word document (owned enviroment),Higher dose is more like a remix bc of how completely different dosages range in effects and Intensity,hacking
7t6v1u,Just got my Pax 3 and and 7gs stolen of me,Higher dose is more like a remix bc of how completely different dosages range in effects and Intensity,trees
7ujz13,"Europeans who visited America what was your biggest ""WTF"" Moment?",Higher dose is more like a remix bc of how completely different dosages range in effects and Intensity,AskReddit
7vc0p9,"[M4F] Help me cum for you, I haven’t in two weeks.",Higher dose is more like a remix bc of how completely different dosages range in effects and Intensity,dirtykikpals
7vf0xq,ULPT: Wanna get out of work smoke weed and put eye drops in one eye to make it seem like you have pink eye.,Higher dose is more like a remix bc of how completely different dosages range in effects and Intensity,UnethicalLifeProTips
85xoj8,Rip,Higher dose is more like a remix bc of how completely different dosages range in effects and Intensity,watchpeopldie
88vrl3,20 [M4F] 3 weeks and no cum help me explode.,Higher dose is more like a remix bc of how completely different dosages range in effects and Intensity,dirtykikpals
