Comment_ID,Comment_Submission,Comment_Text,Subreddit
dwubz46,The come up,glacial acetic acid obtained from cleaning vinegar,opiates
dwud1s7,The come up,"Junkie?  Far from it.  Read the ten crack commandments homie. 

Buy a 2 dollar fent test strip if you can't I hope you hit a hot spot bro.",opiates
dwud6wt,The come up,You can buy them cheap as fuck online.  Anyone who does street dope should have them on deck for harm reduction sake.  Please be careful and test your shit. Hot spots from noob dealers are deadly,opiates
dwuejer,The come up,Quinine hcl tastes just like dope,opiates
dwuem9a,The come up,Some fentalogues have different durations and each have different feels,opiates
dwuen1a,The come up,That's why I thought it looked like the stuff my firecat made,opiates
dwuhdta,Ppf experience (variant of paf),You know after a praise on reddit someone's going to try to scam someone about it.  Thanks for pointing out that fact.,fentanyl
dwuhjmg,Ppf experience (variant of paf),I also like to carry that wallet baggie so I know where you are coming from bro.  Carrying a bottle that could leak in your pocket could prove hazardous.,fentanyl
dwuhm10,Ppf experience (variant of paf),"Pmaf is not to be confused with paf.  And I dubbed this compound ppf.  As it's not the acetamide version but propanamide.


Paf looked like maf which it was to replace.  In naming that is. 

Which is. 

2-Methoxy-N-(3-methyl-1-phenoxymethyl-piperidin-4-yl)-N-phenyl-acetamide (PAF) 

2-Methoxy-N-(3-methyl-1-phenoxymethyl-piperidin-4-yl)-N-phenyl-propanamide (PPF)

N-(p-methoxy-benzene)proprionylcyclohexanone-1-fentanyl (pmaf)",fentanyl
dwuj07y,The come up,Ill ask my chemist buddies and get back to you.  Pm me so I don't forget,opiates
dwukvzg,The come up,Welcome to the interwebs.,opiates
dwukxyk,The come up,No semi good though.  Ill cook that same shit up later tonight to show you.,opiates
dwulrhq,The come up,"Snorted takes 15 mins for fentanyl too...  And carfentanyl or 4fibf fits that time frame;)  I swore I had some good dope once...  Til it tested positive for fentantyl. Night you probably cooked up some rumbars threw em in a bag.  

https://dancesafe.org/product/fentanyl-test-strips-pack-of-10/",opiates
dwulwa8,The come up,And you have no factual basis to prove what you have is diacetylmorphine,opiates
dwum3mu,The come up,"Did you test it for either diacetylmorphine or fentanyl?
If not how do you know it wasn't bromadoline fent fentalogues bromadol  u47 isou47 or any of the hundreds of available opioids? And never heard of fluffy rocks...  Rocks are usually hard and consist of lactose or sugars fluffy would imply powder.  
English bro can you even...?",opiates
dwum9gr,The come up,My and others points are this...  YOU don't know what the fuck you have.  So how can you say what it IS?,opiates
dwuxkaj,The come up,Probably never heard of energy control either.  But I recreated that to the T this morning.  Inositol with a Lil cocoa.  Microwave 3 mins.  Hit with ice in freezer.  Then you have that,opiates
dwuzk71,The come up,Try as low as 1 dollar typically 2 though,opiates
dwuzl82,The come up,Crystalline look comes from the inositol,opiates
dwwzdzd,Drug kingpin,With trump in office all you gonna get is life OR death for selling a gram lol.  Trafficking charges ruin lives yo.  And sentences are heftier with sessions on seat,opiates
dwwzj6x,The come up,"I really don't like morphine derived opioids.  My histamine reaction to most gives me hives. 
I tried iv morphine once and thought I was gonna die.  The exception being high doses diladuad",opiates
dwxd3sg,2-mcf? Fentanyl analog..proper disposal?,You don't have to worry about it getting you high the shit is garbage.  Potency is around morphine,opiates
dwxd6xd,2-mcf? Fentanyl analog..proper disposal?,There's always isou47700 available.,opiates
dwxe1rl,2-mcf? Fentanyl analog..proper disposal?,2mcf is around morphine potency,opiates
dwxfvjq,2-mcf? Fentanyl analog..proper disposal?,I hear it's complete crap with a short lived high of 45 mins.  But has some opioid activity that you can tell.  Read thaistyles  review of it.  If you want it analyzed pm me.  I do like fents. I can also get it lab tested.,opiates
