Comment_ID,Comment_Submission,Comment_Text,Subreddit
du17sk9,I passed my drug test!!!,"Sure man, in real life you're a total badass gangter that hustles all those silly junkies out of their cash. You're just taking a quick break from banging 10 models at once to post on the opiate sub, just to remind yourself how much better you are than everyone here.",opiates
du17ul8,So close...,"It's been a weird fortnight, I don't know why I got so caught up in waiting for that hit - maybe because I knew I *couldn't* have it?  
But yea I'm cutting wayy back, I've somehow slipped back into my life revolving around gear rather than it being something extra on the side.",opiates
du1cn8q,I passed my drug test!!!,"Have you heard that Winston Churchill quote? Change it slightly and it fits here perfectly:  
""My dear you are cunt, but one day I shall be sober and you will still be a cunt.""
On top of that sparkling personality you're spending your free time on the opiates sub, telling people how weak minded they are for taking opiates. Is your life really that dull, do you honestly have nothing better to do?",opiates
du24is1,I passed my drug test!!!,"""Shit I've ran out of things to say about him, instead of answering any of the things he said I'll just repeat the same thing I've said before, that'll show him"".

C for effort son, put some effort into your insults or don't bother.  
Oh and I get drug tests for my Methadone script.",opiates
du5jx5i,Heart pain for 4-5 days,"I thought endo came with sickness too?  
I'm working on it mate, slipped back into daily use again somehow, trying to get back out of it.",AskDocs
ducq362,MontanaMeth.org advertisement.,I used to watch that film while shooting gear - each to their own I guess.,WTF
dut5iaj,Pr0n xXx,"I miss the gear you get up North, I've always found the further South you go the worse it gets.",opiates
dut7cyq,how am i supposed to enjoy this euphoria when i’m so DAMN ITCHY,"I love the itch, it's one if the ways I know I've got good gear haha.",opiates
dutee4y,Pr0n xXx,"I'm on the South coast in a town that starts with B atm (hope that's ok mods!) after living in Bolton then Manc for years... it's just not the same. £90 8s that came in fat 3g rocks + .5 of pebbles, the type where .2 would have you on your ass - that's what I'm used to. Then I move down here and it's 3 tiny ass bags of ok gear for £25, fuckin robbery mate!",opiates
dvckazr,Cops fucking suck!!,You’d have gone to jail for a cut straw...?,opiates
dvdxupv,Cops fucking suck!!,"As someone from the UK I’d just tell them it’s a straw, the US is crazy man.",opiates
dve028y,Cops fucking suck!!,"Like I said to someone else in this thread, coming from the UK that sounds insane to me. Over here 90% of pharmacies will give you a lot with clean pins, citric, cookers, cottons and swabs. The police don’t care, why would they?",opiates
dvllaxp,I just got suspended from work over some paraphernalia,"It’s easy to forget the stigma that comes with IV drug use. To you or me it’s just an old pin, but to them you’re injecting *drugs*!   
Plus look at it this way, they’re probably turning away people every week that want a job. Why would they keep someone who’s now a liability when there’s 10 people available that aren’t?  
It sucks man but you haven’t really got a leg to stand on here...",opiates
dvx0sdl,Average earnings,"I've just stumbled onto this sub so apologies if this gets asked a lot, but $20 for 6 hours means at absolute best you're getting about $3.30/hour...?",mturk
dvxinvf,Average earnings,What I was getting at is why even bother when you’re working for nowhere near minimum wage? You would make much more doing literally any other job...,mturk
dvxpo5c,Average earnings,"Right, but why not spend that same 6 hours a day and earn 3 times as much on a different side job?",mturk
dvy81q2,Average earnings,"I see what you’re saying, I guess I value my time more than the ability to work from home. And even then there’s so many other jobs that would earn more that still let you work from home, I think you’d probably pick up more doing things on Fiverr. 
Still, if it works for you then more power to you man :)",mturk
dw2al1j,What were you surprised you ended up liking?,"I recently picked up Lords of The Fallen to scratch the Souls itch. This is one of my main complaints, every bit of armour I’ve found looks almost identical.",AskReddit
dw3rau7,What were you surprised you ended up liking?,"Don’t get me wrong, I’m still really enjoying it, but the lack of fashion is a real let down.",AskReddit
dw7le17,"Nodded, knocked a glass of water over and fried my graphics card","I’m not entirely sure, I knocked a glass over and some went on the pc. I turned it off hoping it would be ok, but the next morning i tried to turn it on... and here we are. 
I guess I should be grateful more damage wasn’t done, but losing a 960 when I have no way of paying for a new one definitely stings. They’re about £200, so way out of my price range :(",opiates
dw7m4vi,"Nodded, knocked a glass of water over and fried my graphics card","It seems to be yea, only down side is I can’t play any games that need more than the motherboards built in gfx card.",opiates
dw8g0e9,"Nodded, knocked a glass of water over and fried my graphics card","I guess that's what you get for buying a Mac.

^^Sent ^^from ^^my ^^iPhone.",opiates
dw939ae,"Nodded, knocked a glass of water over and fried my graphics card","I don’t know any shop that leaves £200 cards out on display haha, nice idea though!",opiates
dw939x1,"Nodded, knocked a glass of water over and fried my graphics card","I’ll give it a go, thanks!",opiates
dwnf09m,I’m NOT a junkie (April Fool’s)!!! *Banging video*,"Your veins will really thank you if you change up a couple things:   
- Untie before you push off! Get something longer (I like a clean, thin sock), wrap it round once then keep the end in your mouth. That way all you’ve got to do to untie is open your mouth. There’s a way to make it work perfectly, I’ll make you a video of it if you want.   
- You want to use something wider to tie off too, thin things like that cause more damage than you’d think (although it’s better than the shoelaces I’ve seen people use before...). 
- Keep the opening of the pin pointing up.    
- Before you tie off windmill your arm round a bit (like if pointing straight down is 0 degrees, quickly go from 30 to -30 degrees), it’ll make the veins pop a LOT more. Seriously only do this if you’re going to untie first though, you’ll fuck up your veins a treat if you don’t. 

And of course all the usual rotate spots, clean works etc etc, but you already know that :)",opiates
