Comment_ID,Comment_Submission,Comment_Text,Subreddit
dv7krkm,Methadone dosage inpatient,"What... why also 24000 karma?!?

Is there a report feature for this sort of shit, I'm guessing its rampant - karma farming to sell accounts / promote stuff... 2sp00ky4me.",pharmacy
dv92214,"Has anyone ever been able to use these outfits? From what I can they, these ship conversions have the graphics in the game but aren’t buyable. Any idea why?","man seeing all the graphical assets really makes me wonder how much work one would have to put in to make a rip-off open/free clone...

Or if whoever's sitting on the IP would liscence the damn thing to get ported and adapted to ios/android it would make a mean tablet/phone game... a pile of gold i tell ya!

Also i'm pretty sure a mod unlocks these outfits maybe a feature that they thought of putting in the game ie; doing the rebel storyline if you had a modstarbridge/valk you could upgrade to the respective rebel boat in the outfitter instead of buying a new ship... iunno.",evnova
dv9htak,Do you feel the size of Halifax is an issue?,"uhhh apart from google fiber, on time buses and overcrowding Halifax has everything you could possibly ask for!

Depends on where/why you want to live personally I really like Montreal even though I've never lived there halifax is otherwise pretty allright 300k is enough population for this city to have everything a really large city would have but with less downsides (there's still annoying amounts of traffic but nothing like toronto/MTL/vancouver).

I've been here since 2000 and the amount of money getting poured into downtown developments is starting to make it feel more and more ""big fancy city"" but its still pretty small.

If anything Halifax kinda lacks in the nightscene department compared to a city like Paris/montreal/berlin but its kind-of an unfair comparison... also the public transit in  isn't great because halifax is still too small to justify light rail but very spread out and runs on few buses which zigzag so much walking is almost faster.

I give halifax a solid 5.8/7",halifax
dv9xenu,Do you feel the size of Halifax is an issue?,"aye but saint john's is half the size not to mention OP was comparing halifax to a million+ inhabitant city which probably has metro/light rail/trams which are way more reliable modes of public transportation.

I live not too far from the penhorn terminal in dartmouth and there's a few spots in halifax which are really impractical to get to on bus where hopping off the bus at the halifax side of the bridge i get there faster walking versus staying on the bus!",halifax
dvh7q9t,Corvid Stud in my backyard this morning!,bonus birbs https://imgur.com/a/OiMT3 the female cardinal wasn't too far either but didn't get good pictures of her :/,Ornithology
dvjbci8,*Poncirus trifoliata* 'Flying Dragon' a hardy orange species.,"I'll take ""things I'd really rather avoid falling into for 800"" Alex.",marijuanaenthusiasts
dvlf0am,Amazing shot.!!!,holy shit dude!,Beekeeping
dvln0hk,Prairie Sunset,"I gotchu fam!

https://imgur.com/a/MELDr *",saskatchewan
dwlxf3v,Lunar mare basalt thin section under cross polarized light,Oy someone x-post this to r/thinsectionporn!,geology
dwr7a37,"I was wondering why my ""demo"" nest cameras weren't working... opened them and found blank PCBs",Nekkid PCB's always get me going.,electronics
dwrhll3,"Pornhub gives people in Climax, Sask free premium memberships",Hmmm I know where I'm setting up my next proxy server!,saskatchewan
dwv8g7w,Are there any good Viruses.,Oy you forgot phage therapy!,biology
dwv9ahs,Are there any good Viruses.,Fair enough; hell of a good read btw hell I might've learned me some stuff today thanks to you! :P,biology
dwvp13r,Saskatchewan Random & Off Topic,"yeh, fackn' cold too bud.",saskatchewan
dwvwkcq,magnesium threonate - rapid increase in physical performance,"Magnesium covered my last car payment... and fixed my marriage!

*Accidentally the whole.",Nootropics
dwvz4ei,u/lordspidey's circle,Myeah sure; I don't even know what's going on in here wcgw!,CircleofTrust
dww9o93,Red Winged Black Bird,"nice, getting good pictures mid flight is harder than it looks.",birdpics
dww9ulg,One of the better looking sunsets on the farm last week.,"Bonus pictures of a bird that got real nice and close to my camera; https://imgur.com/a/1PEHV

These little bastards are everywhere right now.",saskatchewan
dwwa87r,Where does Cody get the ideas for his videos/projects from?,I'd say from living out in the stick and having nothing else to do than feed his youtube channel with cool shit.,codyslab
dwx3gd4,Where does Cody get the ideas for his videos/projects from?,"Well to give you an example I built a pretty powerful potato blaster enough that even firing a blank gives enough recoil that Its possible with basic gear to calculate the thrust a single shot generates (to be fair I haven't built the rig yet but I figure I'll make some sort of swing and see how far it travels), if i factor in the amount of propellant I use (in my case diethyl ether) I could derive the specific impulse of my potato blaster with a stoichiometric amount of air for the volume of the combustion chamber. how's that for fun middle of buttfuck nowhere science-ey shit :P

Calculating the average projectile speed over a given distance is pretty easy with my phones camera it worked out to about 3~4 frames between the projectile leaving the barrel to impact at 10 meters so at 30 fps that's a really rough ballpark of ~100m/s for the first 10 meters. the challenge here would be using round projectiles that weight the same and using an exact pre-mixed propelland/air mixture to get a better idea of the muzzle velocity for a given projectile mass/propellant. coming up with ways to figure this shit out and trying it in practice is a lot of fun I shit you not.

I dropped out of Highschool so being in college doesn't have much to do with it (if you ask me anyway) in my case its mostly a result of trying to find interesting things to do with my time and what I already have on hand, just doing that yeilds interesting results.

There's so many other cool projects I've got on the backburner but I simply don't have the drive to put great amounts of time in them.

most of the stuff I do isn't nearly as involved as cody (I would kill for some glasswear) but yeah a couple of years back i found some of those polarized 3d cinema goggles and what resulted was a bunch of polarized dark field photography. lately I've been thinking of trying to rig something together to make thin section macros but yeah its a little more involved than just sticking shit between polarized filters and taking a bunch of pictures.

Just try to come up with shit you can do with the stuff you have on hand and i guarantee you'll come up with surprisingly creative solutions to the problems you encounter solutions.

shit you can build an incubator with a lightbulb sterilize some dishes and try to isolate microbial life in homemade petri dishes.

So many things you can do just on a whim it might not work but you'll have learned form the experience and next time you try to reproduce your experiment you'll have that previous insight.

I've got tons of examples of projects and half-assed shit I've put on the backburner (i'll revisit them eventually...probably...maybe...) and yeah at this rate I totally see myself digging up rocks trying to isolate stuff out of em for shit'n'giggles. :P

TL;DR: just do stuff with what you already have and see where it takes you! :P",codyslab
dwx8cqb,Do any of your patients actively use drugs? Make sure you rx them narcan too!,"""How do you combat the potential for people to use narcan inappropriately as a bail out to try and get a ""higher high""?"" <

As someone who frequents many online drug communities and some which revolve around opiate use I've never heard of this and from my first hand experience with opiates (not IV mind you) It sounds absolutely asinine since getting too high is ""too"" much and overall no fun.

If you ask me the potential for naloxone autoinjectors being used to save people who intentionally overdose is small enough to be neglected since you're wasting good drugs at that point (something no fiend would do) and its really not fun... I doubt there's anything to be done to try to combat such a foolish and wasteful practice.

""Also, if narcan is used IIRC it causes the user to have issues feeling as much of a high for some extended time afterwards which makes them more prone to overdose."" < Again I figure this only happens in isolated incidents and apart from education towards the very temporary tolerance naloxone induces there's not much to be done.

I don't speak from personal experience since i've never had the opportunity to experience mu-antagonist for any reason (If I had some on hand I'd probably do it out of sheer curiosity and probably not with a 50 dollar autoinjector that has much better uses) but from what i've read the potential for naloxone to save lives and give addicts that ""Oh shit I almost died better dial my shit down"" far outweighs the potential harm people abusing it would bring.",medicine
dwx9f29,Do any of your patients actively use drugs? Make sure you rx them narcan too!,"Honestly If someone does drugs on a remotely frequent basis or is around people who do street drugs there's no harm in having a narcan autoinjector somewhere in the stash. For instance in my locale people have died from tainted coke, and unless they were forthcoming to their physician in a lot of cases its hard/impossible to notice/suspect they're already way way wayyy down the rabbit hole in which case they should definitely have one.

Had these casual cocaine users had narcan on hand the fentanyl that was cut into the coke probably wouldn't have killed a couple of em and they could've been saved by a casual ""non-problematic/detectable"" drug user who would've had naloxone in their stash.

""Wouldn't prescribe things your patient doesn't need"" Aye that makes sense but in the case of naloxone no one knows they need it until they (or someone nearby) is in dire need of it and the risk of it being used improperly or in a dangerous manner is far outweighed by the overdoses that would be reversed and the lives which would be preserved.

I don't think I remotely fit the category of someone who would be prescribed a naloxone injector given my recreational drug use stays far away from street drugs and opiates in general (bar the occasional opportunity at collecting deliciously bitter latex from a particular ornamental plant that's sold at my local grocery store) but there's been times working on large construction projects where some of the crews were definitely into putting back a couple of lines for lunch/after work given the problem of dealers not knowing what the fuck they're doing I don't think anyone in those crews would've had a problem with someone somewhere having a naloxone kit.

Plus the motherfuckers who would seem to fit the description of having naloxone prescribed to them probably aren't consulting with a physician on anything short of a dire necessity and even then...",medicine
dwxhva6,I have never done any opiates. I've been browsing this sub for ~2 hours now.,"I'm relatively naive to opiates (only have about a dozen individual experiences spread out over the last 10 years or so) and the only times I've gotten pronounced euphoria from opiates were at lower doses or with low potency opiates like codeine and actually doing stuff while high.

The only time I did a dose that really brought on the opiate warmth I was about 15mg of oxycodone and 4mg of hydromorphone in and though euphoria was present the whole experience wasn't really fun because it was ""too much"" and the nausea/sedated feeling far outweighed the more positive part of the experience.

On the other hand if I pop 80~300mg of codeine throughout the day its an absolutely amazing happy-go-lucky somewhat subtle euphoria. Oddly enough the only other substances which are euphoriating in a similar regard are gabapentinoids and benzos where the euphoria is really subtle but if you're in a good mood it'll make itself present unlike the euphoria from stims or the more cerebral euphoria from MDMA or psychs which is much more in your face can't help but feel absolutely amazing type of deal.",opiates
dwxq0kc,How long does Klonopin stay in your system?,"You might but... If its just one of those 12 panel piss-test its unlikely - even through clonazepam & its metabolite clear relatively slowly the dose will have been well so well distributed and metabolized that at .25mg its probably well below the detectable threshold in your urine by granted you didn't take more than that single .25mg dose three days ago.

https://en.wikipedia.org/wiki/Clonazepam#Pharmacokinetics

There's no way to know for sure until you take the piss test and pass/fail but given the low dose and the length of time I'd say you're likely in the clear. (just guessing over here best of luck to ya!)",AskDrugNerds
dwy5gh9,One of the better looking sunsets on the farm last week.,"I figure its a Hoary Redpoll.

https://www.allaboutbirds.org/guide/Hoary_Redpoll",saskatchewan
