Submission_ID,Submission_Title,Submission_Text,Subreddit
49ne9o,Snowy owl carrying partially decapitated duck.,"What... why also 24000 karma?!?

Is there a report feature for this sort of shit, I'm guessing its rampant - karma farming to sell accounts / promote stuff... 2sp00ky4me.",natureismetal
4ydpps,Pretty sure I shorted out my nano; can I bring it back?,"What... why also 24000 karma?!?

Is there a report feature for this sort of shit, I'm guessing its rampant - karma farming to sell accounts / promote stuff... 2sp00ky4me.",arduino
5h0cdt,[Article] - Prevalence of New Psychoactive Substances in Northeast Asia from 2007 to 2015,"What... why also 24000 karma?!?

Is there a report feature for this sort of shit, I'm guessing its rampant - karma farming to sell accounts / promote stuff... 2sp00ky4me.",Scholar
5j896n,"[Article] - Purity, adulteration and price of drugs bought online versus offline in the Netherlands.","What... why also 24000 karma?!?

Is there a report feature for this sort of shit, I'm guessing its rampant - karma farming to sell accounts / promote stuff... 2sp00ky4me.",Scholar
5kw1rz,Broke backpacker with time to kill till the 31st,"What... why also 24000 karma?!?

Is there a report feature for this sort of shit, I'm guessing its rampant - karma farming to sell accounts / promote stuff... 2sp00ky4me.",HongKong
6550jj,Why such huge pharmacokinetics differences between triazolam/flubromazolam,"What... why also 24000 karma?!?

Is there a report feature for this sort of shit, I'm guessing its rampant - karma farming to sell accounts / promote stuff... 2sp00ky4me.",AskDrugNerds
6gq4wj,"As it once was, and as it will remain.","What... why also 24000 karma?!?

Is there a report feature for this sort of shit, I'm guessing its rampant - karma farming to sell accounts / promote stuff... 2sp00ky4me.",videos
71lmhh,Amarilla sp?,"What... why also 24000 karma?!?

Is there a report feature for this sort of shit, I'm guessing its rampant - karma farming to sell accounts / promote stuff... 2sp00ky4me.",mycology
72oe27,Microsoft Security Essentials trips on older curecoin client version.,"What... why also 24000 karma?!?

Is there a report feature for this sort of shit, I'm guessing its rampant - karma farming to sell accounts / promote stuff... 2sp00ky4me.",curecoin
7aa3z0,re-re-repost,"What... why also 24000 karma?!?

Is there a report feature for this sort of shit, I'm guessing its rampant - karma farming to sell accounts / promote stuff... 2sp00ky4me.",france
7aiozg,The Bender,"What... why also 24000 karma?!?

Is there a report feature for this sort of shit, I'm guessing its rampant - karma farming to sell accounts / promote stuff... 2sp00ky4me.",Drugs
7bd4ps,Domestic homicide courtesy of /u/win-a-bagel,"What... why also 24000 karma?!?

Is there a report feature for this sort of shit, I'm guessing its rampant - karma farming to sell accounts / promote stuff... 2sp00ky4me.",MurderedByWords
7e5lvq,Cryptocurrency,"What... why also 24000 karma?!?

Is there a report feature for this sort of shit, I'm guessing its rampant - karma farming to sell accounts / promote stuff... 2sp00ky4me.",SaluteCorporate
7e63dy,I have 1000mg etizolam can i make a volumetric solution with 1kg of beer?,"What... why also 24000 karma?!?

Is there a report feature for this sort of shit, I'm guessing its rampant - karma farming to sell accounts / promote stuff... 2sp00ky4me.",drugscirclejerk
7e72ms,The Composite Contact-Evaporator!,"What... why also 24000 karma?!?

Is there a report feature for this sort of shit, I'm guessing its rampant - karma farming to sell accounts / promote stuff... 2sp00ky4me.",StonerEngineering
7wd5m5,Been scratching my noodle over this one; What the hell is it?,"What... why also 24000 karma?!?

Is there a report feature for this sort of shit, I'm guessing its rampant - karma farming to sell accounts / promote stuff... 2sp00ky4me.",Minerals
7yona2,Revisiting my favorite stupid simple home chemistry project,"What... why also 24000 karma?!?

Is there a report feature for this sort of shit, I'm guessing its rampant - karma farming to sell accounts / promote stuff... 2sp00ky4me.",homechemistry
7zy8jy,After many months of troubleshooting and no dice wat do?,"What... why also 24000 karma?!?

Is there a report feature for this sort of shit, I'm guessing its rampant - karma farming to sell accounts / promote stuff... 2sp00ky4me.",techsupport
81wpdx,Intel bringing RGB feature to its CPU!,"What... why also 24000 karma?!?

Is there a report feature for this sort of shit, I'm guessing its rampant - karma farming to sell accounts / promote stuff... 2sp00ky4me.",pcmasterrace
83eosk,Corvid Stud in my backyard this morning!,"What... why also 24000 karma?!?

Is there a report feature for this sort of shit, I'm guessing its rampant - karma farming to sell accounts / promote stuff... 2sp00ky4me.",Ornithology
83zy33,Saskatchewan in early January (Wish I woulda had better gloves),"What... why also 24000 karma?!?

Is there a report feature for this sort of shit, I'm guessing its rampant - karma farming to sell accounts / promote stuff... 2sp00ky4me.",saskatchewan
8a5e9u,u/lordspidey's circle,"What... why also 24000 karma?!?

Is there a report feature for this sort of shit, I'm guessing its rampant - karma farming to sell accounts / promote stuff... 2sp00ky4me.",CircleofTrust
8a6ap5,Hoary Redpoll!,"What... why also 24000 karma?!?

Is there a report feature for this sort of shit, I'm guessing its rampant - karma farming to sell accounts / promote stuff... 2sp00ky4me.",Ornithology
8a6kvc,Hoary Redpoll!,"What... why also 24000 karma?!?

Is there a report feature for this sort of shit, I'm guessing its rampant - karma farming to sell accounts / promote stuff... 2sp00ky4me.",birdpics
8a6mm8,One of the better looking sunsets on the farm last week.,"What... why also 24000 karma?!?

Is there a report feature for this sort of shit, I'm guessing its rampant - karma farming to sell accounts / promote stuff... 2sp00ky4me.",saskatchewan
