Submission_ID,Submission_Title,Submission_Text,Subreddit
63cd2d,so many ppl here piss me off.(harm reduction post),yes all the fighting ive personally seen are from these people - i have no problem with them -i use to be taken - i listened and didn't get offended when i was wrong and had been told misinformation by others ...i know every opiate intimately -im not proud of it but i get hi for fun not with  ignorance making me likely to die. newbies shuld be open not closed down to people trying for the facts to be spread,opiates
6bf1eu,412 burgh celeb(POSSIBLE) sighting while coppin.,yes all the fighting ive personally seen are from these people - i have no problem with them -i use to be taken - i listened and didn't get offended when i was wrong and had been told misinformation by others ...i know every opiate intimately -im not proud of it but i get hi for fun not with  ignorance making me likely to die. newbies shuld be open not closed down to people trying for the facts to be spread,opiates
6bfdas,north east celeb? copping sighting ...(playful misleading title),yes all the fighting ive personally seen are from these people - i have no problem with them -i use to be taken - i listened and didn't get offended when i was wrong and had been told misinformation by others ...i know every opiate intimately -im not proud of it but i get hi for fun not with  ignorance making me likely to die. newbies shuld be open not closed down to people trying for the facts to be spread,opiates
6d04cz,to settle a debate chime in...(do not bring animosity),yes all the fighting ive personally seen are from these people - i have no problem with them -i use to be taken - i listened and didn't get offended when i was wrong and had been told misinformation by others ...i know every opiate intimately -im not proud of it but i get hi for fun not with  ignorance making me likely to die. newbies shuld be open not closed down to people trying for the facts to be spread,opiates
6fa2cc,a real true shitpost...,yes all the fighting ive personally seen are from these people - i have no problem with them -i use to be taken - i listened and didn't get offended when i was wrong and had been told misinformation by others ...i know every opiate intimately -im not proud of it but i get hi for fun not with  ignorance making me likely to die. newbies shuld be open not closed down to people trying for the facts to be spread,opiates
6gloeg,damn i fucked up.,yes all the fighting ive personally seen are from these people - i have no problem with them -i use to be taken - i listened and didn't get offended when i was wrong and had been told misinformation by others ...i know every opiate intimately -im not proud of it but i get hi for fun not with  ignorance making me likely to die. newbies shuld be open not closed down to people trying for the facts to be spread,opiates
7dnx7h,you a cop bro?,yes all the fighting ive personally seen are from these people - i have no problem with them -i use to be taken - i listened and didn't get offended when i was wrong and had been told misinformation by others ...i know every opiate intimately -im not proud of it but i get hi for fun not with  ignorance making me likely to die. newbies shuld be open not closed down to people trying for the facts to be spread,opiates
8a5gu5,"a 50,000 needle poke question for fellow teens to office and suit Ivers.....",yes all the fighting ive personally seen are from these people - i have no problem with them -i use to be taken - i listened and didn't get offended when i was wrong and had been told misinformation by others ...i know every opiate intimately -im not proud of it but i get hi for fun not with  ignorance making me likely to die. newbies shuld be open not closed down to people trying for the facts to be spread,opiates
