Comment_ID,Comment_Submission,Comment_Text,Subreddit
dwvyu0b,"Fly as fuck, I need a co-pilot",I knew you bitches are doing me wrong,Stims
dwvyvhe,What would happen if masturbating was actually illegal?,Then everyone would just not say a thing when they masturbate,AskReddit
dww9rdo,What have you seen that you will never un-see?,Church ladies are special,AskReddit
dww9sff,"Fly as fuck, I need a co-pilot",This entire thread is what's wrong lmao,Stims
dww9sr1,"Fly as fuck, I need a co-pilot",😘❤️❤️😣,Stims
dwyjdw0,"According to you, what is the definition of god?","If I was to decide, ""It's gonna be me"" with a JT voice",AskReddit
dwymkh1,What SFW activity do you enjoy but you don't want to have to try and explain to your friends/family?,Masturbate in the bathroom. (It's sFW if you don't get caught),AskReddit
dwyml0e,What fact makes you feel better after a bad day?,That my dog will always be obsessed with me,AskReddit
dwymlgq,What can grow very quickly?,Long dong?,AskReddit
dwymmbp,What will be the next big thing?,Humongous Humus,AskReddit
dwymn1c,whats ok to do at 20 but not at 30?,Live with your mom,AskReddit
dwymy6n,What will be the next big thing?,In a very non sexual way,AskReddit
dwymz0d,What is something a guy can hump?,Coconut,AskReddit
dwyn2yo,What will be the next big thing?,Sorry but I'm a girl,AskReddit
dwyn3qv,"Who actually entered into a relationship through the common facebook post: ""see how maany you get. INBOX ONLY :) ♥ = i waant a relationship with youu ;) = i want to mingle with you :) = i likee youu alot :( = i miss youu..""?",If they did they also broke up online,AskReddit
dwyn5k5,"Who actually entered into a relationship through the common facebook post: ""see how maany you get. INBOX ONLY :) ♥ = i waant a relationship with youu ;) = i want to mingle with you :) = i likee youu alot :( = i miss youu..""?",But not 13,AskReddit
dwyn6bt,What will be the next big thing?,I couldn't get through the video lol,AskReddit
dwyn6m1,"Who actually entered into a relationship through the common facebook post: ""see how maany you get. INBOX ONLY :) ♥ = i waant a relationship with youu ;) = i want to mingle with you :) = i likee youu alot :( = i miss youu..""?",14 & 12?,AskReddit
dwyna5h,"Who actually entered into a relationship through the common facebook post: ""see how maany you get. INBOX ONLY :) ♥ = i waant a relationship with youu ;) = i want to mingle with you :) = i likee youu alot :( = i miss youu..""?",10?,AskReddit
dwynaia,"Gay people of Reddit, why do you do it ?",Why do you care?,AskReddit
dwynat6,"If you didn’t need to sleep, what would you be doing during nighttime?",Trying to sleep,AskReddit
dwyo6sm,"Who actually entered into a relationship through the common facebook post: ""see how maany you get. INBOX ONLY :) ♥ = i waant a relationship with youu ;) = i want to mingle with you :) = i likee youu alot :( = i miss youu..""?",You're twisted. Lol,AskReddit
dwz28i7,What is something you are obsessed with?,SO :(,AskReddit
dwz2a2p,"[Serious]Unattractive people with attractive SO's, how did you get them to like you?",lol attraction is subjective,AskReddit
dwz4kfg,What’s a pointless lie you know?,"""I'll never hurt you""",AskReddit
