Submission_ID,Submission_Title,Submission_Text,Subreddit
87yyb1,Why do bots of some sub (such as this) keep on removing my questions but allow other questions that doesn't make sense at all?,I knew you bitches are doing me wrong,AskReddit
87z9i1,Why does a dildo not considered something that took one's virginity? (NSFW),I knew you bitches are doing me wrong,AskReddit
87ziiv,"Reddit, how does it feel to lose your virginity? (Serious) (nsfw)",I knew you bitches are doing me wrong,AskReddit
87zsz7,SP happened just right now,I knew you bitches are doing me wrong,Sleepparalysis
886rc3,Sleep Paralysis in the afternoon,I knew you bitches are doing me wrong,Sleepparalysis
886tn7,Sleep Paralysis - culprit for my derailed clean up,I knew you bitches are doing me wrong,Stims
887c8i,"Alexa VS Google Home, who's side are you on?",I knew you bitches are doing me wrong,AskReddit
888ozt,"If you were about to die tomorrow, why not today?",I knew you bitches are doing me wrong,AskReddit
88dkwr,"AskRedditors, what are your basis for down-voting questions?",I knew you bitches are doing me wrong,AskReddit
88gu2p,Throwing up after 4ML GHB,I knew you bitches are doing me wrong,Drugs
88h3af,Please read &I answer thanks,I knew you bitches are doing me wrong,GHB
88pku1,Percocets 5/325 + Methampetamine,I knew you bitches are doing me wrong,Drugs
88qgv4,How did you learn that love is a lie?,I knew you bitches are doing me wrong,AskReddit
88qzz4,How did the bunny lay eggs?,I knew you bitches are doing me wrong,AskReddit
88r308,Why did you put a baby in her?,I knew you bitches are doing me wrong,AskReddit
88rjwf,How did you fool April?,I knew you bitches are doing me wrong,AskReddit
88ro2i,How many eggs do you have as of the moment?,I knew you bitches are doing me wrong,AskReddit
88soje,How hard is it to celebrate Easter when it's also April Fools?,I knew you bitches are doing me wrong,AskReddit
88t7nc,"Americans of Reddit, how do you celebrate Easter?",I knew you bitches are doing me wrong,AskReddit
891f56,What are your goals for today?,I knew you bitches are doing me wrong,AskReddit
8a4as4,When is the extinction of the fuck-boys in this planet? (NSFW),I knew you bitches are doing me wrong,AskReddit
8a55sm,"Fly as fuck, I need a co-pilot",I knew you bitches are doing me wrong,Stims
