Comment_ID,Comment_Submission,Comment_Text,Subreddit
dllcl7t,Feeling optimistic today 😄,I hope that optimism is still with you! Stay happy:),samij420
dlldcfw,(F)avorite sexy alt picture of me,Literally my favorite picture  I've seen so far on Altgonewild.,altgonewild
dlsglge,[Insert cake pun]🎂,Tbh if it was my cake day I'd much rather be fucked than have cake.,altgonewild
dltxemu,[Insert cake pun]🎂,Thats true as fuck,altgonewild
dm5870z,AMA :D,"This one is kinda trippy to watch, pretty damn cool though.",samij420
dm6n36q,My pussy was sucking the soul out of him,"This is insanely hot. What a lucky guy though, your pussy probably sucked him dry.",LipsThatGrip
dm6naf3,AMA :D,Its always nice when something messing up turns into something so amusing. Bloopers ftw! 😂,samij420
dm6nbpq,i love this shirt. wanna see me take it o(f)f?,I love that shirt so much.,altgonewild
dm6nd8l,Went with the oversized jersey look today! My [f]avourite to wear when watching FH! ;),Just yessss! So glad to see you posting again. I was so sad when eroshare went down and all of your old videos from your previous account went down with it;/,gonewild
dnj28qm,"1, 2, 3, or 4?? Which pussy pic do you like best? ;D",1,samij420
dommbln,Would any of you pull this to the side for me?,I'd gladly use my mouth to pull them to the side.,ScoobyLewds
doptd43,Just playing with my masters cum inside my pussy 🙄 (f),Can you reupload this video pleasssseeee?,gonewild
doq5clv,Fishnets make life better!,Your pictures make life better too,altgonewild
dow97t5,*meow*,Where can I adopt a kitten like you?,lostlilkitty
doya879,*meow*,You most definitely are.,lostlilkitty
dp151pr,"2 winners for my Dropbox link!! Includes 400+ pics, 6+ videos, and 50+ gifs! Read on to find out how to win! :D",Love all of your posts so much. I hope to see you on reddit for a long time.,samij420
dp49qee,Hey look! It's my [f]reshly waxed slit and arsehole!,Name checks out. Will be doing as you want.,gonewild
dwhwgje,Gnomeregan Scavenger,"I never thought a gnome could look bad ass, you've proven me wrong. This is awesome.",Transmogrification
dwhwohw,"Well, we have all been in this predicament.....","At mine theres a mirror that they can look in snd basically see everything. They can also search you, pat you down, make you retest if theyre suspicious and take you to jail immediately if you attempt to give a false sample. Its horrible.",opiates
dwllwhf,Shhhh,"Decent post but wrong sub, no way shes 18 or 19 haha.",18_19
dwxqvyy,19yo College Girl Strips & Finger Herself [GIF],"Fuck off with your jank link, all it does is redirect you to spam websites when you hit play using the mobile app.",18_19
dwxr2fr,Cheers to the [f]reakin weekend,Damn girl your body is rockin'! So cheers to you and youre amazing figure.,gonewild
