Comment_ID,Comment_Submission,Comment_Text,Subreddit
dw2untj,Lean n Xanax = 🌜☁🌛,Not if ya are self aware about your doses and know when your getting to a point you need to stop sipping for a minute lol,opiates
dw2usgo,Lean n Xanax = 🌜☁🌛,Drumming is life so fun to get smacked out and drum around haha,opiates
dw2wu57,Lean n Xanax = 🌜☁🌛,I dunno my homie gave me the bottle with the liquid a little above the lable I know nothing about lean haha,opiates
dw345bc,DJ screw is perfect music for the opiate high,He's a genius haha,opiates
dw36crk,DJ screw is perfect music for the opiate high,Also fucking amazing as well,opiates
dw36dbr,DJ screw is perfect music for the opiate high,Hahaaha,opiates
dw36hzj,Lean n Xanax = 🌜☁🌛,Also on oxy as well and dabbed out I'm floating maneee,opiates
dw8ykra,Got my own bag of ketamine,Word I'll have to get a scale I'm just eyeballing lines lol,Drugs
dw8ymsg,DJ screw is perfect music for the opiate high,Triple 6 sonnnnnn,opiates
dw91mg3,Got my own bag of ketamine,Dayum,Drugs
dwm94ga,Can someone please explain what this powdery residue is left in my tooter after smoking? I've only had this happen with very high quality tar. Anyone experience this?,Too fucking true God damn it haha,opiates
dwrhaq2,"Last bag today, deleting all numbers",It's not that I've just known a lot of people who have access in my contacts even before I was using,opiates
dwrhber,"Last bag today, deleting all numbers",For poly substance abuse mainly oxy and h,opiates
dwrhjks,"Last bag today, deleting all numbers",No worries haha,opiates
dwroc3o,"Last bag today, deleting all numbers",Nah I've been using oxy 30s for about 5 months now h for a couple weeks so opiates in general,opiates
dwrp9rr,1g dank tar,"No gooey shit, seriously hard as rocks. Nod city for meee",opiates
dwrqq9j,1g dank tar,Smells straight like vinegar and the trails are clean as hell,opiates
dwrrgd2,1g dank tar,It's a small world indeed haha 😁 happy nods bro,opiates
dwrrtpf,"Last bag today, deleting all numbers",It means deleting numbers so I can't hit those people up when I'm fiending and once the numbers are gone they are gone,opiates
dwrtd89,"Last bag today, deleting all numbers",Thanks man. It's tough but I wanna live a life unburdened by a need for heavy substances to provide happiness. It'll be a battle to the end,opiates
dwrtdm2,"Last bag today, deleting all numbers",Good call man good call,opiates
dwrzkbx,1g dank tar,Haha yeee feeling real nice after one smoke so farrr,opiates
dwrzmf5,1g dank tar,Yarrrrrrrbonez,opiates
dwrzol3,"Last bag today, deleting all numbers","At a certain point, I know it'll come down to self control but blocking numbers will help a shit ton considering I hit people up for h nobody solicits me",opiates
dws0kdg,"Last bag today, deleting all numbers",Like I said self control is somethin i gotta learn,opiates
