Submission_ID,Submission_Title,Submission_Text,Subreddit
8472rv,Ordered Ketamine and LSD,Not if ya are self aware about your doses and know when your getting to a point you need to stop sipping for a minute lol,Drugs
84b9vu,"Ativan, Gabapentin, Oxy and Dabs",Not if ya are self aware about your doses and know when your getting to a point you need to stop sipping for a minute lol,opiates
84o25h,Chauffeuring for opiates,Not if ya are self aware about your doses and know when your getting to a point you need to stop sipping for a minute lol,opiates
84o524,Best way to use dilauded?,Not if ya are self aware about your doses and know when your getting to a point you need to stop sipping for a minute lol,opiates
84si5t,"No luck scoring today, but my lsd order came in the mail",Not if ya are self aware about your doses and know when your getting to a point you need to stop sipping for a minute lol,opiates
84uk04,I tried H my first time tonight/this morning!,Not if ya are self aware about your doses and know when your getting to a point you need to stop sipping for a minute lol,opiates
84ul6n,First bag ever,Not if ya are self aware about your doses and know when your getting to a point you need to stop sipping for a minute lol,opiates
84up1h,FROSTED FLAKES LUCKY CHARMS ARE THE BEST HIGH SNACK EVER,Not if ya are self aware about your doses and know when your getting to a point you need to stop sipping for a minute lol,opiates
84zzm6,Smoking gunpowder,Not if ya are self aware about your doses and know when your getting to a point you need to stop sipping for a minute lol,opiates
85uarr,"1mg Xanax, .05 shot of H, and this fire glass and this morning I'm feeling amazing",Not if ya are self aware about your doses and know when your getting to a point you need to stop sipping for a minute lol,opiates
85vs9d,Guessing game: Which bag is CBD crystal and which is Meth?,Not if ya are self aware about your doses and know when your getting to a point you need to stop sipping for a minute lol,benzodiazepines
85vt0l,Guessing game: which bag has CBD crystal and which one is Meth?,Not if ya are self aware about your doses and know when your getting to a point you need to stop sipping for a minute lol,opiates
85xolq,A short poem: Masks,Not if ya are self aware about your doses and know when your getting to a point you need to stop sipping for a minute lol,Drugs
85yivn,Bout 100 lovely bars,Not if ya are self aware about your doses and know when your getting to a point you need to stop sipping for a minute lol,benzodiazepines
8616d5,Another crazy day with my Dboy,Not if ya are self aware about your doses and know when your getting to a point you need to stop sipping for a minute lol,opiates
861dz2,"Tried H, Still Like Oxy 30s way better",Not if ya are self aware about your doses and know when your getting to a point you need to stop sipping for a minute lol,opiates
86559a,Masks: A Short Poem,Not if ya are self aware about your doses and know when your getting to a point you need to stop sipping for a minute lol,opiates
86760e,Lean n Xanax = 🌜☁🌛,Not if ya are self aware about your doses and know when your getting to a point you need to stop sipping for a minute lol,opiates
8688jq,DJ screw is perfect music for the opiate high,Not if ya are self aware about your doses and know when your getting to a point you need to stop sipping for a minute lol,opiates
86yzfk,Got my own bag of ketamine,Not if ya are self aware about your doses and know when your getting to a point you need to stop sipping for a minute lol,Drugs
870ev4,.5 Tevas with some other goodies,Not if ya are self aware about your doses and know when your getting to a point you need to stop sipping for a minute lol,benzodiazepines
873ocd,Diving down the rabbit (k) hole today,Not if ya are self aware about your doses and know when your getting to a point you need to stop sipping for a minute lol,Drugs
88gr3t,You know it's fire when...,Not if ya are self aware about your doses and know when your getting to a point you need to stop sipping for a minute lol,opiates
89jxzl,"Last bag today, deleting all numbers",Not if ya are self aware about your doses and know when your getting to a point you need to stop sipping for a minute lol,opiates
89l1pc,1g dank tar,Not if ya are self aware about your doses and know when your getting to a point you need to stop sipping for a minute lol,opiates
