Comment_ID,Comment_Submission,Comment_Text,Subreddit
dv2c28k,Actavis Bars and Pants,You just have to ask the pharmacy for the kind you want and if they say no then go to a mom and pop shop.,DrugStashes
dv2q5s7,Doom,I'm trying to stay alive to post more pictures but thank you for the suicide idea. LOL,benzodiazepines
dv2v7c0,Going to the Dr. for toothache.,Just got a script for 30 50 mg Tramadol.,opiates
dv2v8l1,Going to the Dr. for toothache.,I'm spoiler alert. I got 30 50 mg Tramadol,opiates
dv2vxxo,Going to the Dr. for toothache.,He in fact hates me I have a regular prescription for 90 Xanax a month. Which she is currently trying to get me off but my psychiatrist is fighting him. I normally have a prescription for 10mg oxycodone but this time he wrote me for Tramadol. So he's got it out for me,opiates
dv2xqnf,Going to the Dr. for toothache.,It's okay the first few times but your tolerance shoot Sky High in a couple days so I know what you mean,opiates
dv30hxy,Going to the Dr. for toothache.,Had already been to a dentist so I had dates and procedures for the actual tooth pain so he just gave me enough till the actual dental visit.,opiates
dv30j42,Doom,Or strait into hell.,benzodiazepines
dv377yp,Doom,It's good just gets overwhelming quickly,benzodiazepines
dv3vg7n,Actavis Bars and Pants,I usually pay about $13 for 90. Unfortunately my dad committed suicide when I was 14 so I just tell that to a doctor and I get any script I want.,DrugStashes
dv3vw76,Actavis Bars and Pants,Thank you for the condolences. I will always wonder if I had started drugs had he not done what he did but..... Hey look at the xanax waterfall 😇,DrugStashes
dvdjcmv,Anyone want to squad up XB1 BF1,Add me @liloxycodone,battlefield_one
dve73po,Milsim/SquadUp,?,battlefield_one
dvf0ctb,Anyone want to squad up XB1 BF1,That didn't work at me,battlefield_one
dvf2rw7,Anyone want to squad up XB1 BF1,?,battlefield_one
dvf2s26,Anyone want to squad up XB1 BF1,?,battlefield_one
dvf9lq1,A little something (F)or the men and women of OGW!,Snapchat love ? Or Instagram ?,opiates_gonewild
dwk4ur3,Refill Day. So called in sick.,"I've been on it since 2012 when I was 14 I found my dad after he shot him self. So obviously the shit fucked me up right. Started on .5mg. keep in mind I'm also like 6' tall. Basically every three months I would ask for an increase in the dose, naturally the doctor had felt horrible for what had happened to me so he always was happy to oblige. Skip forward to about 2017 and I'm at 90x A month. A bar morning noon and night.",benzodiazepines
dwkczbp,Refill Day. So called in sick.,90 a month,benzodiazepines
dwl4flu,Refill Day so called in sick.,It's the black out part that's addictive. Like I have said in previous posts I found my father after his suicide at 14. So after 3 Xanax I'm gone and nothing in this world matters. And in that blackout stuper of forgetfulness. I forget I ever lost my dad. And that's the euphoria.,opiates
dwl4kfn,Refill Day so called in sick.,"As stated, I found my father's suicide when I was 14. So go ahead pop a few bars right ? Blackout out and start over. But you know what. In that blackout.... In that forgetfulness I forget I ever lost my dad. And that's. THAT IS the euphoria. Like nothing ever changed.",opiates
dwlkrqf,Refill Day so called in sick.,Yeah in some aspects but it really just makes everything in life feel okay just for a little. Just pure peace and bliss.,opiates
dwt700x,Day Off Vibes,Lol pressed? Go fucking look at my old posts you stupid fuck. I get scripts,opiates
dwt7oko,Day Off Vibes,I can't find any in Vail Colorado,opiates
dwtxq5i,Day Off Vibes,But if you look on my profile I consistently have different script pictures.,opiates
