Submission_ID,Submission_Title,Submission_Text,Subreddit
7w2jqv,Milsim/SquadUp,You just have to ask the pharmacy for the kind you want and if they say no then go to a mom and pop shop.,battlefield_one
7w46lb,Sauad Fun,You just have to ask the pharmacy for the kind you want and if they say no then go to a mom and pop shop.,gaming
7w4d9x,Titanfall 2 or BF1,You just have to ask the pharmacy for the kind you want and if they say no then go to a mom and pop shop.,Games
7wkehu,Want to start a clan ? (18+),You just have to ask the pharmacy for the kind you want and if they say no then go to a mom and pop shop.,battlefield_4
80pyyy,Actavis Bars and Pants,You just have to ask the pharmacy for the kind you want and if they say no then go to a mom and pop shop.,DrugStashes
81d4s2,Any one want to squad up ? Its 3am here,You just have to ask the pharmacy for the kind you want and if they say no then go to a mom and pop shop.,battlefield_one
81d9yw,Refill Day,You just have to ask the pharmacy for the kind you want and if they say no then go to a mom and pop shop.,drugsarebeautiful
81da22,Doom,You just have to ask the pharmacy for the kind you want and if they say no then go to a mom and pop shop.,benzodiazepines
81f9xl,Going to the Dr. for toothache.,You just have to ask the pharmacy for the kind you want and if they say no then go to a mom and pop shop.,opiates
82uyjv,Selfie,You just have to ask the pharmacy for the kind you want and if they say no then go to a mom and pop shop.,DrugStashes
82uyok,Lonely selfie,You just have to ask the pharmacy for the kind you want and if they say no then go to a mom and pop shop.,drugsarebeautiful
82uyx0,Anyone want to squad up XB1 BF1,You just have to ask the pharmacy for the kind you want and if they say no then go to a mom and pop shop.,battlefield_one
8349kc,Anyone want to play military simulation,You just have to ask the pharmacy for the kind you want and if they say no then go to a mom and pop shop.,battlefield_one
834fa4,Want to play military simulation?,You just have to ask the pharmacy for the kind you want and if they say no then go to a mom and pop shop.,Battlefield
84162g,"%807mgThc,%812,&and822mgTHC, 2 Xanax, and 6.9% cider :)",You just have to ask the pharmacy for the kind you want and if they say no then go to a mom and pop shop.,drugsarebeautiful
88b1jv,Refill Day. But also just got called into work.,You just have to ask the pharmacy for the kind you want and if they say no then go to a mom and pop shop.,DrugStashes
88ea99,Refill Day. So called in sick.,You just have to ask the pharmacy for the kind you want and if they say no then go to a mom and pop shop.,benzodiazepines
88ead0,Refill day. So i called in sick.,You just have to ask the pharmacy for the kind you want and if they say no then go to a mom and pop shop.,drugsarebeautiful
88eakp,Refill Day so called in sick.,You just have to ask the pharmacy for the kind you want and if they say no then go to a mom and pop shop.,opiates
88lb71,Trying to cold cop in this tiny little Colorado mountain town.,You just have to ask the pharmacy for the kind you want and if they say no then go to a mom and pop shop.,u_lilxanarchy
89nbb3,First Cold Cop,You just have to ask the pharmacy for the kind you want and if they say no then go to a mom and pop shop.,opiates
89nxvf,These mountain towns have no opiates.,You just have to ask the pharmacy for the kind you want and if they say no then go to a mom and pop shop.,opiates
89scdm,Day Off Vibes,You just have to ask the pharmacy for the kind you want and if they say no then go to a mom and pop shop.,opiates
89scmv,Day Off Vibes.,You just have to ask the pharmacy for the kind you want and if they say no then go to a mom and pop shop.,DrugStashes
89scs8,Add Title Here,You just have to ask the pharmacy for the kind you want and if they say no then go to a mom and pop shop.,drugsarebeautiful
