Comment_ID,Comment_Submission,Comment_Text,Subreddit
durzun6,New candy flavors - any good??,"I'm surprised it took this long for someone to realize that. 
The yellow lovers are the true sinners. 
Without a doubt.",opiates
duxk79q,Came into a brick of what must be heroin,"I'm pretty sure you are full of shit. If you wanted to dispose of it, you would just flush it. Who gives a fuck about putting drugs into the water supply? 
There's nothing to be confused about here.",opiates
dv2zvsa,Just did a shot that scared the shit out of me. What happened?,"How long have you been slamming? Histamine reactions aren't that uncommon. I guess it was probably a bit scary the first time, before I knew what it was. 
No biggie though.",opiates
dv3y2gv,"Sniper gang mask in the cut , 500 xannies in my hand",Can you say what vendor?,benzodiazepines
dv563xn,A new drug-based Discord has been made!,"PharmaCUM. 
Cool name.",benzodiazepines
dv685vl,how do addicts keep blacking out?,"If you are dripping it onto candies, you would want to use an ethanol solution. Pg doesn't evaporate. I'm not the dude you were asking, but he's most likely using ethanol/everclear solution.",benzodiazepines
dvjuzgk,Copped 120 of these bad boys!,They have a really nice gloss to them. Good score man.,benzodiazepines
dvk2ng5,if I relapsed I would be able to get high for so cheap,"I also knew a dude that died from a relapse shot. Be careful broseph. 
Just be sure to do a tiny tiny tester. Maybe even snort a tiny bump first to make sure it's not insanely strong. I'm sure you know all these things already.",opiates
dvk37v0,Just picked up some pressed school busses how do they look?,They look good. The yellow color is very close. Sometimes they make the yellow way too dark. Schoolbusses have a nice light yellow color. Similar to the ones you have there.,benzodiazepines
dvk4000,"Alone on this lonely Saturday night, feel like just binging a few of my kpins and getting stoned instead of rationing them for the month","Fuck that bitch for not inviting you. I know that feels shitty if a lot of your friends are there, but you'll have a better time this way. Enjoy the benzos and chill. Kpins are great. 
Also, fuck that bitch.",benzodiazepines
dvk47wg,Sorry,"I think you're just telling people you tried to kill yourself because you're feeling a certain way. You didn't really want to die did ya? 
If so, what's so serious that you actually wanted to die?  Stupid  issues with boyfriends/girlfriends always pass. No matter how much they suck in the moment. Don't trip.",opiates
dvkc1s8,Sorry,"That stuff is all legit actually... as long as it's not about your boyfriend, because that will pass rather quick. You shouldn't kill yourself though. I know it doesn't help, but I'm also in the same situation with h. I have been for about a decade. So I'm with ya there.",opiates
dvkufku,Metaphysical Tar Porn,Looks good.,opiates
dvkv4r1,WTF did he say?,Dude just sounds like an idiot. He probably has no idea what he's talking about. Some people are the worst man...,opiates
dvl2q76,Have you ever..,"Jesus Christ man. 
Please tell us how much that cost. 
I'm very curious.",opiates
dvl48sz,Have you ever..,"Sure, whatever you gotta do.",opiates
dvo427j,fucked up way to start a friendship,That was a great story. I really enjoyed it. Definitely write more if ya feel like it.,opiates
dvo459n,fucked up way to start a friendship,"Same here. I thought he was gonna take his money, grab both sacks, and dip. I'm glad he didn't though. That would have been a bummer.",opiates
dvo8az8,"If i take xanax, atleast 10mg a month, why dont i ever withdrawal.",20 mg's a month isn't that much. That's why you don't have withdrawals.,benzodiazepines
dvoakzs,Anyone else prefer Mylans or footballs ?,"I always thought the mylans were great. I actually just popped one an hour ago. I also popped half a real pharma bar right after. Fucking great. My black connect has been m.i.a for 2 days, so I'm assuming he finally got caught up. I'm popping the xans so I can hopefully get some sleep tonight. I'm about to take the plunge buying on the dnm. If anybody wants to pm me the best h vendors on dream, that would be great. I would like to get ecp, but I think I'm gonna go for tar because the prices are better and I know I like tar. I've been liking it for a damn decade...... smh.....sorry to change topics. If y'all feel like pm'ing me though, that would be appreciated.",benzodiazepines
dvoammt,Xanax first time tomorrow,"Yea, that's a great way to start. You should be fine doing that. Just wait a decent bit before you take another quarter, until you see how it's affecting you. Don't drive bro. 
Crazy shit can happen. 
Be safe and enjoy.",benzodiazepines
dvoaodr,Dope in balloons?,"I've always received shit quality in balloons also. 
Fucking sucks.",opiates
dvon7kv,fucked up way to start a friendship,"The part where he fell out was a different kind of bummer.  Haha. 
Your response to my comment was perfect though. Lol.",opiates
dvonkwn,fucked up way to start a friendship,"That's a hilarious observation... But to be totally honest.... It was the title that made me think he was gonna rob him, not the fact he was black. Plus..... He was only half black..... so ya know.......     jk... jk....  it was actually 100% the title ""a fucked up way to start a friendship"".  I knew something bad was gonna happen at some point.",opiates
dwmqlb9,Mmmmm 😈💦,"Fucking awesome. I just lost my  connect that I've had for like the last year......  BUT THE AMAZING news is...... I put it some work and found new connect within about a day. Prices are the same. 40 for a half. she'll actually do 70 or 75 for a g.  The other dude would just so straight 80. I have to drive just a bit farther, but not bad at all. Like 25-30. I don't mind the drive at all. I kind of enjoy it. It's only been about 2 weeks, so I really hope It's not somehow only working out amazingly at beginning and then goes to shit. She seems like a really  fucking cool chick though.  I forgot to mention the best part though. THE FUCKINF QUALITY IS FUCKING FIRE. BESY IBE HAD IN YEARS! VERY FUCKING AWESOME. I just hope it continues.",opiates
