Comment_ID,Comment_Submission,Comment_Text,Subreddit
duzlhig,Dunno what to do.,So you don’t have an address ?,opiates
dv2qm7g,Goodmorning PANDA,around here $3/mg,opiates
dv2qrrz,Goodmorning PANDA,"10mg typically, or else I’m puking for a few hours",opiates
dv2qsuh,celebrating 90 days away from the beautiful mix of heroin and cocaine,love my swishers but hate the tropical fusion ones,opiates
dv7hujw,League of legends,"Yeah all the updates can become a handful to learn if you’ve been away from the game for awhile , but much hasn’t changed . I always found what I hated the most was coming back to the game after a few months and not knowing what was currently broken or just stupidly overpowered.",opiates
dv94j4y,Phase 1 initiated,What the fuck.,opiates
dvbnhdk,G74 i ♡ PANDA,There’s like 6 grand or more in that bag holy fuck,opiates
dvc7bb9,G74 i ♡ PANDA,120$ here,opiates
dvq4jru,Will this get me high? New to this and idk if I’ve been jipped because 5 mg doesn’t seem like a lot.,"Snort the pill if you actually wanna get high, the Tylenol isn’t gonna kill you . Half the people on here INJECT toxic shit into theirs veins yet tell people not to snort pills with Tylenol in them .",opiates
dvq51sw,Another early morning pickup of 4 8mg dilaudid with one broken up. Enjoy friends:),"You should try using some different pills , dilaudid sucks unless your injecting them. Don’t get me wrong they will fuck you up but you would be better off snorting some roxys or opanas , or some perks even.",opiates
dvq5evk,Will this get me high? New to this and idk if I’ve been jipped because 5 mg doesn’t seem like a lot.,"Probably not very high but if u have no tolerance yes you will get High . And I snort all my pills whether they have Tylenol or not, unless your doing 20-30 a day it’s not enough Tylenol to hurt you , and your getting the pill instant rather than waiting for it to dissolve in your stomach .",opiates
dvq5js6,"First time having these teeny guys! Sumpn sumpn, small things, big package!",Finally someone who understands you can do 1/4s of a fent press at a time and be perfectly safe . There’s nothing wrong with doing a fent press. The problem is the people who think it’s a real 30 and inject the whole thing at once and then OD and scream FUCK FENT FUCK PRESSES!,opiates
dvs0avw,OXY RP 30s,Lol wtf it’s the same exact pill how can u be upset at all,opiates
dvumzpe,OXY RP 30s,lol idk why yall say they suck i love the RP brand ones crush a whole get a mountain of powder feels like ur doing 2 30s at once,opiates
dvwsgfq,Are these 30's real?,Well yes they are real. But they aren’t crushable so have fun swallowing a time release pill .,opiates
dvyv71d,Dirty30s,I wish,AgoraReferralLink
dw21l18,Pharm or pressed?,Does it really matter ?,opiates
dw5j9ev,Did I OD?,"You probably had a seizure it’s very common with tramadol . Overdosing , not so much .",opiates
dw5jdm6,Did I OD?,"I’m not sure if you can even overdose on tramadol they are really weak so , I would assume you had a seizure.?  Idk",opiates
dw5u25s,If the doctor's ever give you 24 hours to live,"If the doc gives me 24 hours to live I’m robbing a pharmacy , getting fucked up and doing whatever I want .",opiates
dw5yyx4,"Mixing gabapentin, hydrocodone, and dope??","I used to blow through 20-25 hydros a day , the Tylenol isn’t gonna hurt him he will be fine .",opiates
dw5z6by,"Mixing gabapentin, hydrocodone, and dope??","Yeah most people on here blow the whole apap thing out of proportion . No it’s not good for you , but taking too much Tylenol isn’t gonna cause instant liver failure , like I said I would blow through 15-20 hydros a day for a few months and I’m fine .",opiates
dw8ou59,Anyone else like to speedball? Mixing H with blo is my shit fr. Notice the color diff in the lines [x-post r/cocaine],I recommend it also its pretty good combo,opiates
dwghyf4,"hydrocodone acetamin 5-325 MG, norco 5-325?",lol your people aint that smart any opiate is addictive,opiates
dwjyyez,"Fent warning :Decatur county , Tennessee",On my way,opiates
