Submission_ID,Submission_Title,Submission_Text,Subreddit
72dvnz,"Got my first .25 of some Sweet bliss #4 from the web, first time doing a real line of boy having always done roxys and oxymorphone. Here's a pic with some fire girl I also got. Much love bropiates!!",So you don’t have an address ?,opiates
77uz42,Having a great day with some lovely pandas .,So you don’t have an address ?,opiates
7att4g,Playing league when all of a sudden.....,So you don’t have an address ?,Stims
7g0oaz,Tizanidine hydrochloride,So you don’t have an address ?,opiates
7jcj96,Can I smoke these style fent patches ?,So you don’t have an address ?,opiates
7pzmsg,Good old pan 40 🐼,So you don’t have an address ?,opiates
7tnqa6,Little bit of some 🔥!!,So you don’t have an address ?,opiates
7xvg9y,Beansssssss,So you don’t have an address ?,opiates
7zuyuf,Dirty30s,So you don’t have an address ?,AgoraReferralLink
8258p9,League of legends,So you don’t have an address ?,opiates
