Comment_ID,Comment_Submission,Comment_Text,Subreddit
dwlq1vc,How many grams is this and the hash?,4,weed
dwlq8eh,Found hash while travelling - is it dumb to try it?,Plot twist: it's Opium,weed
dwlqe1v,Music to listen to when high,Jazz-hop,weed
dwlqh37,I think I'm retarted,You're not retarded... just special,weed
dwlqn6i,Why am I sick? From this weed?,Cannabis is psychoactive and you CAN have optics,weed
dwlqswg,"Got baked the first time yesterdat, wasnt too good.",Next time when having a bad time from smoking weed just remember: Never did anyone die from Cannabis,weed
dwlqwjy,Should i smoke this shit or does it look bad?,"Looks like it, smeels like it 🤷",weed
dwlr1l0,I dropped my weed that was in a plastic baggy down my wall. Any tips on how to get it out? The hole is probably seven to ten feet deep.,Lol you're gonna destroy the whole house,weed
dwlr8yz,Mixing morphine and weed?,Very good idea :),opiates
dwmc42v,Nice big burning joint :),So much burning away,weed
dwmnwix,Nice big burning joint :),True,weed
dwqbi7o,weed made me gay?,I wouldn't recommend shrek-porn while on LSD,Drugs
dwqjv8p,weed made me gay?,Somebody once told me...,Drugs
dwqtn3l,weed made me gay?,No with meth it's cool,Drugs
dwrd1t1,Back Pain During Trip,Showering often helps,LSD
dwrdaon,Quick question,"You have to take yourself 24 h of free time.
The trip-length varies from trip to trip.
I had trips lasting 4 hours and trips lasting up to 18 hours.
But you most likely can't sleep after tripping and you're still reallly spacey so take yourself 24h.",LSD
dwrdlpc,LSD sixth sense,"Instinct...
LSD makes me an intinct-driven being",LSD
dwrdxj6,"[Question] Why does the deep web LSD market exist when 1P-LSD, which is almost identical to regular LSD, can be ordered legally, reliably and without the need for a testing kit?",How about you search yourself?,LSD
dwrdybh,I trust all of you,What if i'm a psychopath,LSD
dwre1il,Anyone else feels like they're being watched on acid?,It's called paranoia and it's a known side-effect of LSD-25,LSD
dwre40b,Smoking while tripping... is it a good idea??,Maybe because you smoked spinach?,LSD
dwre852,Smoking while tripping... is it a good idea??,"If you're often paranoid on just weed i would not do it.
If you can handle yourself on weed and you have experience with acid, nothing should stand in your way.",LSD
dwrlgx5,I trust all of you,"You should only really trust yourself. That's my opinion.
A close relationship depends on trust, but you are the most important partbof your life.",LSD
dwv7r6w,"Curiosity's Wheels After 1,988 Sols on Mars",Mars is clearly flat,interestingasfuck
dwy12sz,Emily 16 x 20 acrylic on canvas,great!,Art
