Comment_ID,Comment_Submission,Comment_Text,Subreddit
dwwlvdi,do you want spank my ass?,That sure is nice.,Gonewildcouplesplus
dwwm17d,Please please help me!!!!!!!!!,I've passed at five days.,opiates
dwwmjzl,Opinion on FAKE Drug Checkpoints ??,Did you try doggie treats?,Drugs
dwwnddj,"I want to be more dominant (F), but that scares my (M) partners for some reason?","A lot of guys like face sitting. I mean, what could be more dominate than grinding your puss into a guy's nose? .  Actually that's hot.",sex
dwwnqv2,"I want to be more dominant (F), but that scares my (M) partners for some reason?",Yesh. That happens. Guys joke about having a face like a glazed doughnut.  I don't want to stop the lady when she's cuming so i be a good soldier and tough it out.,sex
dwwnt72,"I want to be more dominant (F), but that scares my (M) partners for some reason?",Damn you gave me a woody and I have to go to work. Damn girl.,sex
dwwrcdl,"Ayeee boys, your girl is about to have a good day.",You go girl.,opiates
dwwxcqo,"Got my hands on these. I have NO idea how to use them, have only done oral and intranasal oxy. Would be so grateful if someone gave me a step by step. How do I get a needle?",I would not do that to you.,opiates
dwwy68c,How soon after doing heroin can I safely drink alcohol?,You'll be ok. Just don't hit again.,opiates
dwx8q3v,It's okay if a man doesn't orgasm,Yeah right. Then come the tears and her thinking you don't love her. And living with her is going to be very icy.  Don't listen to this guy. Make sure you come if you want any peace in your house.,sex
dwxcfns,It's okay if a man doesn't orgasm,"Dude your whole life will be broken.  You'll be sleeping on the couch.  You'll be eating baloney sandwiches.  The kids will be asking  ""why you make mommy cry"".  Stop telling  guys this. Really.",sex
dwxdzdf,It's okay if a man doesn't orgasm,YEAP. All because i didn't cum one time. I learned my lesson.,sex
dwxezh3,It's okay if a man doesn't orgasm,I take a blue diamond.,sex
dwxf31u,It's okay if a man doesn't orgasm,"They are all like that. Some more. Some less. If a woman can't make her man cum, well you know by now.",sex
dwxi7t6,It's okay if a man doesn't orgasm,"Dudes, make sure you squirt in her, on her or around her and you'll both be happy.",sex
dwxi9rq,It's okay if a man doesn't orgasm,Viagra,sex
dwxjgyk,Opinion on FAKE Drug Checkpoints ??,No pork,Drugs
dwxjoe1,(F)our drinks in and feeling sluuuutttyy,My baby girl. I'm in love. I can't stop thinking of your hot alkie breath.,gonewild
dwxjsja,"I(f) you like small boobs, have a little squeeze",Tight frame on you baby girl,gonewild
dwxkxcj,How to tell time,"My rule is multiply by 3 and add 2,so 92 minutes.",opiates
dwxmj0q,It's okay if a man doesn't orgasm,All I said is that women are insecure.,sex
dwxntgs,It's okay if a man doesn't orgasm,Sorry dudes and chicks. Don't worry. Fembot shut me down.,sex
dwxqpe0,"First time OxyContin, how long before i feel shit lol","Do you have someone to watch you
?",opiates
dwxqrlx,Shrugging bc I don’t know how I haven’t gotten laid in 3 weeks. How’s your (F)riday...,It's not   your looks that's for sure.,gonewild
dwxrdk7,What do you guys think? Fakes or manufacturer misprint?,Real,opiates
