Comment_ID,Comment_Submission,Comment_Text,Subreddit
dwy6i7r,What's your best piece of NSFW advice?,"That's like when someone vomits on movies, they always put their hand in the way.  Like, wut?",AskReddit
dwy6ma1,What's your best piece of NSFW advice?,"I dunno, if I shook some guy's hand and then noticed the smell on mine, my reaction might be a little extreme too.",AskReddit
dwy7wcv,"People try to save a guy jumping off a bridge, but he manages to avoid them",What?,watchpeopledie
dwy8qlj,"""Nerd girls""","I can hang with the best (worst) of em.  Nobody hates me more than me.  But I don't like to brag, so I'll shut up now.",TrollXChromosomes
dwyabm6,"People try to save a guy jumping off a bridge, but he manages to avoid them",Apparently there's a whole subbreddit full of them.,watchpeopledie
dwyae2b,Church girl,"I dunno, I've seen some pretty old people to be having braces.  Like mid 30s",2busty2hide
dwyf3s3,Church girl,Which is why braces aren't really an indicator of age by themselves,2busty2hide
dwyf5ba,Church girl,With all the makeup it's hard pinpoint but say she between 17 to 21,2busty2hide
dwyf6ys,i feel like maybe y’all will find this as funny as i did,Looks like she failed the milk challenge,opiates
dwyf867,Mmmmm,"Even then, I feel like cutting it off is the only option",CringeAnarchy
dwyf9dx,Mmmmm,Okay Dennis,CringeAnarchy
dwyfff0,Mmmmm,Lorena Bobbett was ahead of the times.,CringeAnarchy
dwyfgnb,Mmmmm,"It doesn't, but her response does translate into grasping at straws",CringeAnarchy
dwyfmg0,Road construction worker hit by car,The truck driver is driving from the right side seat.  All the words in the live stream chat window are Cyrillic. And the license plates are too thin and long to be America.,watchpeopledie
dwyfzox,Road construction worker hit by car,"And if the guy's driver died, he sure got out of the car pretty calmly.  But then again he got out of the car pretty calmly for just having sent a guy triple cartwheeling to his death.",watchpeopledie
dwyg2se,Catch the greased-up deaf guy,The guy's skin is too light,WTF
dwylbv5,Mmmmm,"I've always empathized with her, but she mutilated someone and she deserved at least what she got.",CringeAnarchy
dwylhqk,Mmmmm,"It was her husband.  And she says he raped her, but spousal rape is hard to prove.  Especially after you've cut his dick off.

At least she didn't put it in a blender and feed it to the dog.",CringeAnarchy
dwylkqs,Mmmmm,She's grasping at strawdicks,CringeAnarchy
dwylq75,Mmmmm,"True, she alleged that her husband raped her.  And she could've gathered proof if she hadn't flipped and mutilated him.  Just the fact that she cut it off, left with it, threw it out the window, but then called 911 to tell them where it was shows how unstable she was.  Whether that was because of the rape or not we'll never know...",CringeAnarchy
dwyn4jy,"TIL A programmer at Apple kept working for three months after his project was canceled, simply because he thought the work was interesting and wanted to finish. Apple employees helped his cause by sneaking him into the building, and the project (a graphing calculator) was successfully released.","In America, that's called 'your bootstraps.'",todayilearned
dwyo9hx,I'm so serious about this. But not directed at my fellow trolls. The Patriarchy. It'll be over for the Patriarchy.,"I kinda agree.  If I were to tackle all that shit, I would feel so great all the time that I'd be virtually untouchable.  Bullshit would just roll right off my back without me even realizing it.",TrollXChromosomes
dwyotm9,Surprise,I don't get it,burstingout
dwypjqr,"TIL A programmer at Apple kept working for three months after his project was canceled, simply because he thought the work was interesting and wanted to finish. Apple employees helped his cause by sneaking him into the building, and the project (a graphing calculator) was successfully released.","Yes because everything that happens in a person's life is always 100% the direct result of that person's choices, right?  Fuck off.",todayilearned
dwyq0fc,Spin frenzy for the biscuits,All I could see was the hot-as-hell woman!,Eyebleach
