Submission_ID,Submission_Title,Submission_Text,Subreddit
7ic2fw,Being sent to PM,"That's like when someone vomits on movies, they always put their hand in the way.  Like, wut?",opiates
7ki9w4,After an almost month long break...,"That's like when someone vomits on movies, they always put their hand in the way.  Like, wut?",opiates
7kkknk,Finally cleaned house.,"That's like when someone vomits on movies, they always put their hand in the way.  Like, wut?",opiates
7ku8q7,Dumbest drug related myths you've ever heard?,"That's like when someone vomits on movies, they always put their hand in the way.  Like, wut?",opiates
7m53np,What do you think they cut with fent to make it sweet?,"That's like when someone vomits on movies, they always put their hand in the way.  Like, wut?",opiates
7m5ike,"Who do we matter to, really? And why that matters.","That's like when someone vomits on movies, they always put their hand in the way.  Like, wut?",opiates
7mbt05,Double standard,"That's like when someone vomits on movies, they always put their hand in the way.  Like, wut?",opiates
7n7l5d,New ppl and pills,"That's like when someone vomits on movies, they always put their hand in the way.  Like, wut?",opiates
7p48v6,John Heard. Didn't even know he had died.,"That's like when someone vomits on movies, they always put their hand in the way.  Like, wut?",opiates
7p4bt4,First pain clinic appointment,"That's like when someone vomits on movies, they always put their hand in the way.  Like, wut?",opiates
7pgxct,Dealer texts after 2 months,"That's like when someone vomits on movies, they always put their hand in the way.  Like, wut?",opiates
7u3usm,"How long does it take to ""reset"" your brain after using the needle","That's like when someone vomits on movies, they always put their hand in the way.  Like, wut?",opiates
7v1ouc,Watching past episodes of Grey's Anatomy,"That's like when someone vomits on movies, they always put their hand in the way.  Like, wut?",opiates
7xnzsg,Taxes,"That's like when someone vomits on movies, they always put their hand in the way.  Like, wut?",opiates
7xo2n2,Posts not showing up,"That's like when someone vomits on movies, they always put their hand in the way.  Like, wut?",opiates
80dwqy,Trump wants to kill all drug dealers?,"That's like when someone vomits on movies, they always put their hand in the way.  Like, wut?",opiates
86fs83,Cant watch finale online,"That's like when someone vomits on movies, they always put their hand in the way.  Like, wut?",XFiles
