Comment_ID,Comment_Submission,Comment_Text,Subreddit
dvv5hhs,jj was looking out big time yesterday,yeah he gave me cash but i just ended up using it to buy dope anyways. did have the option of walking away with my money though. the guy is awesome. good peoples,opiates
dvv8h84,jj was looking out big time yesterday,yeah the corner boys usually get paid with bags for looking out and alerting the block when cops are driving by or coming. he sells works there too so i assumed it was good compensation,opiates
dvvv5aj,jj was looking out big time yesterday,that's exactly how it is. they usually work their way up if they have potential.,opiates
dvylg0a,"Yaaaaaaaa hold up, I don’t know what planet I’m on 😏",damn that's a beautiful stash right there. what's the 3 orange pills at the bottom? i'm assuming those are the green 15's but i'm not familiar with the orange ones. happy nods bussin!,opiates
dvylkok,Suboxone induction question,you should be pretty good to take more if you aren't getting enough relief. you're damn near that 24 hour mark which is what i wait for if i've taken 8+ bags in a day.,opiates
dvylm7b,Suboxone induction question,chance for PWD is essentially 0 if you've already taken 1-2mgs of sub. they're on your receptors now and you should be good to take more if you feel like you need it. as you know less is always better if you can manage it. best of luck to you.,opiates
dvylpr3,Perks after 2mg sub,for 2mg of sub and you're taking oxy (what's your ROA) i'd wait atleast 12-18 hours after taking the sub to use. you could break through taking enough oxy but you don't want to waste it. i'd say 12-18 hours in you should be golden,opiates
dvylsy0,Suboxone induction question,just remember it sometimes takes subs about 30-45 minutes to get the full effects. doesn't have that quick onset as you DOC most likely does. my rule of thumb is to wait an hour after dosing to see if i need more.,opiates
dvys14f,"Yaaaaaaaa hold up, I don’t know what planet I’m on 😏",anyone know what the orange pills at the bottom are? i'm super curious. i know the 15's but i've never seen those orange guys.,opiates
dvys50k,Could use some support,"r/OpiatesRecovery is a great place to go and get support and advice on how to possibly quit. they are a great bunch of folks over there who really look out for one another. this sub can be a massive trigger for most people trying to get clean hearing stories of people getting high and picking up their stashes. best of luck to you Stu, we are rooting for you!",opiates
dvz0rx2,Could use some support,Could not have said it better myself Bagz. I'm glad you found the help and support you needed there. Hopefully OP drops in and can get some help as well.,opiates
dvz0v1n,Suboxone induction question,"I only said essentially 0 because of the time frame he mentioned and the amount of sub he had already taken and attached to his receptors. You are absolutely right though, micro-dose sub can definitely not cause PWDs if it's not a sufficient amount. Thank you for clearing that up for OP Fash.",opiates
dw462ss,"When cold copping, what steps do you take to avoid getting burned?","Never let your money walk, only buy in small amounts at first, do not let them lead you into a shady area where you can be taken advantage of or where you are vulnerable, and if possibly try to bring someone along.",opiates
dw504gb,[F]eeling very fuzzy and happy this Monday evening. :),good lord. you have the body of a goddess. unbelievably fit and sexy. would love to see some pictures of you with your DOC. please post more!,opiates_gonewild
dw85gzr,How Has Fentanyl Changed How You Use? (Journalist Inquiry),I switched to dope because I was paying $30 a pill for fentanyl pressed 30s which is a complete ripoff. Saw no risk in switching as the fent was most likely more dangerous than dope I could get.,opiates
dw9i39x,How Has Fentanyl Changed How You Use? (Journalist Inquiry),It was obvious which ones were pressed with fentanyl as the color and shape were different. It also broke up with a different consistency. I was getting pharmaceutical oxy on the street for a long time before the fentanyl presses came into the market. The change happened around 2015/2016 and forward. Before that there was plenty of normal IR oxys around. Thank you for your interest in this subject. I'm a huge fan of Vice News and all that you guys do.,opiates
dw9ktwu,Scored a 100 pack of blues... Last hooray before getting sober for good,such an epic stash. couldn't go out in a better way. enjoy my friend! that looks so amazing. love the diversity too.,opiates
dw9lwqd,Happy about my new Calvin Klein and bralette and the fact I can fit in a size 1 now,damn looking good girl. looking forward to more posts. sexy as hell,opiates_gonewild
dwe8xw0,16 weeks — feeling worse than ever. Tested positive for Hep B and hit rock bottom all over again.,"Hep B is not a death sentence my friend! You are so young and have so much life to live. While this may seem like a major setback at the moment, I guarantee you there are millions of men who will not give 1 fuck about your Hep because of the awesome person you are without drugs. Millions of people live everyday with Hepatitis and treatments are only becoming better and better. The rapid advancement of medicine may even be able to get rid of it completely one day. Don't beat yourself up over this, think of all that you have accomplished in such a short amount of time. I'm rooting for you Shes_always_sleeping and I guarantee you 98% of this sub is as well. Keep your head up and try to distract yourself. Treat yourself if possible and try not to get too down. Best of luck friend. I'm around to talk if you need some more support.",OpiatesRecovery
dwhzyk9,Meet OG_Trapstar. Relapsed and blew entire savings on blues. Don't be like OG_Trapstar.,"Honestly if you're just using them as maintenance to stay well and not really looking to get high and they're oxycodone, I'd just swallow them. They have crazy high oral bio availability and will last longer that way. I'd break them into halves or quarters and take a piece at the onset of the worst part of withdrawal (extreme RLS, sneezing, yawning, and hot/cold sweats). I'm sure others will have better advice than I, but that is just what I would do. Good luck brother, we're rooting for you!",opiates
dwiaw2q,"2 a.m. [f]reak, get down",boobies!! i love boobies,opiates_gonewild
dwp770s,Staying at home when i'm high as fuck feel like a waste ?,nothing old and lame about that at all. you're keeping your brain active which beats nodding so hard you sleep through your high.,opiates
dwvvftj,Anybody else freezing on subs?,I find myself freezing on subs when I induct. It's the most uncomfortable feeling. I know the feeling man. The struggle is real.,opiates
dwvyq68,Anybody else freezing on subs?,Yeah usually by the 3rd day it gets normal. Then I will sweat when I try to sleep (which is never on subs) but my body temp gets all fucked up when I switch to subs.,opiates
dwwkjav,Giving up,"Dude don't give up. You have so much to live for. Don't make a permanent decision because of a temporary problem. Find someone to talk to. There are amazing people in this community who can help you achieve the goals you want to. I've met some incredible people who have changed my life here. Please do not think like that. You are just stuck in a rut my friend, we all get in them from time to time. It's time to ask for some help and evaluate your situation. Please feel better.",opiates
