Submission_ID,Submission_Title,Submission_Text,Subreddit
6jr7nc,Switched from ir oxy 30s to dope,yeah he gave me cash but i just ended up using it to buy dope anyways. did have the option of walking away with my money though. the guy is awesome. good peoples,opiates
6k25ta,does anyone else deal with corners instead of a specific person?,yeah he gave me cash but i just ended up using it to buy dope anyways. did have the option of walking away with my money though. the guy is awesome. good peoples,opiates
6mff19,terrible start to the week (shit post kind of),yeah he gave me cash but i just ended up using it to buy dope anyways. did have the option of walking away with my money though. the guy is awesome. good peoples,opiates
6ucmsf,3 months since switching from oxy to dope,yeah he gave me cash but i just ended up using it to buy dope anyways. did have the option of walking away with my money though. the guy is awesome. good peoples,opiates
856nha,jj was looking out big time yesterday,yeah he gave me cash but i just ended up using it to buy dope anyways. did have the option of walking away with my money though. the guy is awesome. good peoples,opiates
868n7w,Did anyone else wait for the snow to slow down/stop to go out and score? This guy sure did. Just got back,yeah he gave me cash but i just ended up using it to buy dope anyways. did have the option of walking away with my money though. the guy is awesome. good peoples,opiates
