Comment_ID,Comment_Submission,Comment_Text,Subreddit
dwchc8l,Can APO Oxy's be crushed?,"Do you know if OxyNEOs can be crushed, or are they basically like OP 80s?",opiates
dwd7lrx,ugh screwed myself,"If you really need something and can't get it local, my suggestion would be to get some bitcoins and buy some dope over on the .onion markets and order with express shipping; although sometimes even priority shipping will get to you in 2 days.",opiates
dwda4k6,"Just spent 2k +, can anyone tell me if these are real",They look real to me. I always remember the actavis brand to be that bright teal/blue,opiates
dwdce32,cooking #4?,"I don't shoot, but i'm sure if it's dissolving completely then all of the dope is in the shot and there's no need to heat it. I think heating just dissolves it quicker just as using hot water would.",opiates
dwdclxz,44 Hours Since Last Use: STILL Not Dopesick!,"If you only used on Saturday and Sunday, you probably won't get intense withdraws. If you were using all week before that then I'd give it a couple hours until you start feeling uneasy.",opiates
dwdd216,Canadian Prescription Heroin,"I wonder what the dosage would be and if they would offer take-homes. I'd think only one dose per 24hrs wouldn't be enough for someone who needs to be prescribed heroin, unless they come up with some extended release formula which would be sickk",opiates
dwg07zf,"I'm an opiate newb, I don't wanna OD, can I get some advice?","You will feel half the bar with the 30mg. The effects will work together. If it were me, I take half the bar and half of the roxi, crush up the other half the roxi and snort that 10 minutes after taking the two together. If you want to add more xanax, take the other half.

Edit: you will be really messed up btw, I would recommend waiting to take the other half of roxi until you start feeling the first half. Benzos + opiates is usually a deadly combo, especially with a low tolerance to either one.",opiates
dwg0dno,"I’m so excited, I’m about to get 14 grams of China on Friday","Good luck, just remember: the more you have, the more you do.",opiates
dwgd13g,Picked up some of this today. 2nd time ive gotten and the first time I immediately was like wtf is this so i texted my dude and he said its all good these guys add food coloring haha. Anybody ever experienced this?,blue boogers for dayzz,opiates
dwgd3ft,What if you could shorten your w/ds to 5 minutes but during that 5 minutes you feel the cumulative pain you would've during the regular 5-7 days so it would be extremely painful but much shorter?,5 minute*,opiates
dwgdlqx,What if you could shorten your w/ds to 5 minutes but during that 5 minutes you feel the cumulative pain you would've during the regular 5-7 days so it would be extremely painful but much shorter?,"Yep, I would just either lay in bed in the fetal position or sit in the bath tub.
 The next question is would you do 5 hours of W/D where your legs are so restless you feel like cutting them off with thigh shooting pains, while you're having 10/10 intense panic attacks and hyperventilating, throwing up and shitting the whole 5 hours, excruciating-head-pulsing migraines, and every other withdraw symptom multiplied by 120.",opiates
dwgj17i,"hydrocodone acetamin 5-325 MG, norco 5-325?","The price from the pharmacy. But no, pharmaceuticals are so heavily regulated by the FDA that there really *can't* be a difference or they wouldn't be allowed to be made.",opiates
dwgpt2v,Hmmm good night or recipe for disaster,"> imgur.com/a/wBhuR

euuuu makes me gag just looking at vodka",opiates
dwhsqpx,Opana 100mg,Probably the same type of person that says they have 325mg hydros,opiates
dwhtivz,How to get high,"**Plug dat shiit!** Go get an oral syringe from Walgreens or some department store, get some warm water and a spoon to dissolve your dope and get some lotion and stick ya booty ho'e in the a'yir and squirt yer dope in no-man's-land– guaranteed to catch a nod unless you got some poop in the way up there, lmao",opiates
dwkc6f0,First time help me please! :),">They are what you call ""Narcos"".

""Narcos"" is the TV show, what you have are called ""Norcos.""",opiates
dwkc8h6,What real a 215 look like... use this as a guide when checking your pills because these are straight from the pharmacy into my hand with my own prescription,"If you want us to use this as a guide, maybe post a pic thats not taken with a cell phone lmao, there are plenty of real A215's on here to use as a comparison that have higher quality.",opiates
dwkcd0y,What real a 215 look like... use this as a guide when checking your pills because these are straight from the pharmacy into my hand with my own prescription,Reddit account created a week ago; asking for location.. definitely not a cop,opiates
dwkgmgy,Anyone else worried reddit is going to ban this sub?,"Last time I saw this post in a sub, it got banned like the next week or sooner. I hope this isn't a warning that it is going to be banned as per your post history doesn't have much r/o submissions.",opiates
dwlrpay,Can acid induce derpession?,"I read the title like the ""am i prangant"" video",Drugs
dwm9l8h,Heroin and MDMA. happy full moon and easter everybody. Stay safe. Love you,"I did a search too and saw like 6+ results lmao, I knew I had seen this pic a loonng time ago",opiates
dwqjuz4,Posted awhile back from here. Still laughing.... lol,"Out of all of them, Lewis would be my choice. All the other ones would get their number blocked.",opiates
dws6k7x,"All the comments below talk about a dog lol 😏 ""dog food""",Yeah he's going to buy dog food but it ain't for the dog lol,opiates
dwtekb4,I dosed 4 grams of kratom at 11am. How long should I wait to snort my H so that I don't waste the high?,Kratom high wears off completely after about 6 hours. I would wait until then.,opiates
dww9q5l,My pick today 2gs of fire bth,Looks like the hands of someone that finds something that looks like bth on the ground and shoots it,opiates
