Submission_ID,Submission_Title,Submission_Text,Subreddit
33uq9z,[Vendor Review] XanaxGod- 1000 Xanax bars,"Do you know if OxyNEOs can be crushed, or are they basically like OP 80s?",DarkNetMarkets2
3dllop,Should I eat more acid?,"Do you know if OxyNEOs can be crushed, or are they basically like OP 80s?",Drugs
3e1owd,I love coke comedowns!,"Do you know if OxyNEOs can be crushed, or are they basically like OP 80s?",cocaine
4coc49,XanaxBaron- the close up shots (pics),"Do you know if OxyNEOs can be crushed, or are they basically like OP 80s?",TheBarbarianClan
4kes7y,Where the syrup EastCoastBarbarian?,"Do you know if OxyNEOs can be crushed, or are they basically like OP 80s?",TheBarbarianClan
59v4q9,Shadow-Rx is NOT shipping packs,"Do you know if OxyNEOs can be crushed, or are they basically like OP 80s?",TheBarbarianClan
6nvls3,Haven't seen much pill porn lately. It's my favorite.,"Do you know if OxyNEOs can be crushed, or are they basically like OP 80s?",opiates
6ri1su,What's your ideal night while on opiates?,"Do you know if OxyNEOs can be crushed, or are they basically like OP 80s?",opiates
6rwuwv,Will I be fucked if when I get my wisdom teeth out?,"Do you know if OxyNEOs can be crushed, or are they basically like OP 80s?",opiates
6tzd1v,My variety pack; which one is your favorite to snort?,"Do you know if OxyNEOs can be crushed, or are they basically like OP 80s?",opiates
6ur5m6,Better opiate to snort?,"Do you know if OxyNEOs can be crushed, or are they basically like OP 80s?",opiates
6vm2uf,Roxis + Rain = perfect happiness,"Do you know if OxyNEOs can be crushed, or are they basically like OP 80s?",opiates
6x82id,Opanas are lit,"Do you know if OxyNEOs can be crushed, or are they basically like OP 80s?",opiates
6z4biq,"Opanas, movies and fighting great nods. Have good weekend vibes you all!","Do you know if OxyNEOs can be crushed, or are they basically like OP 80s?",opiates
70zdcf,First time with G77 Opanas and finally got Wifi at the apartment! Good Monday nods,"Do you know if OxyNEOs can be crushed, or are they basically like OP 80s?",opiates
72aw3y,What is the highest amount of opiates or drugs in general you've ever bought?,"Do you know if OxyNEOs can be crushed, or are they basically like OP 80s?",opiates
79qxho,Let me record this one car trying to merge,"Do you know if OxyNEOs can be crushed, or are they basically like OP 80s?",WhyWereTheyFilming
7cjbqq,[Haiku] and they were roommates,"Do you know if OxyNEOs can be crushed, or are they basically like OP 80s?",youtubehaiku
7d6zuy,The way this apple was sliced,"Do you know if OxyNEOs can be crushed, or are they basically like OP 80s?",oddlysatisfying
7udhch,Most firest dope I've ever sniffed,"Do you know if OxyNEOs can be crushed, or are they basically like OP 80s?",opiates
84oji1,"The usual Tan, first time with the Grey. There is a noticeable difference between them; the grey being a bit of higher steps and longer legs","Do you know if OxyNEOs can be crushed, or are they basically like OP 80s?",opiates
87fc4r,Can APO Oxy's be crushed?,"Do you know if OxyNEOs can be crushed, or are they basically like OP 80s?",opiates
