Comment_ID,Comment_Submission,Comment_Text,Subreddit
dt3uc0e,What’s the best way to detox without suboxone or anything like that?,"Damn, having kratom be illegal is so damn stupid. Best of luck dude, cheers",opiates
dt3w5xa,My pharmacy gave me too much oxy,"Yeah I went to the ER in the hospital cuz of my pain about 4 times and all they did was give me boatloads of ibuprofen and acetaminophen, then I visit my doc and he puts me on 40mg extended release oxy a day as a completely opiate-naive patient. It's also pretty crazy cuz I'm not even 20 years old.

Hella grateful, cuz that actually does something for the pain haha",opiates
dt3yc4s,My pharmacy gave me too much oxy,"First visit to him, yep. I just brought a history of all my previous hospital visits with their pain treatment plans with me.",opiates
dt3yuoc,My pharmacy gave me too much oxy,"> I like to think it's karma for how shitty doctors AND pharmacies can be

Yep, I consider myself very lucky for actually getting adequate pain meds because I read an awful lot about how other people with chronic pain get no help whatsoever and are forced to live each and every day in pain without being able to put a dent in it, just because docs (especially in the US) care more about covering their asses.",opiates
dt40m6b,Sick got Lean and also some 30’s,"If you're already mixing two opiates don't add large quantities of alcohol and/or benzos to your mix or it can get dangerous.

You have nothing to worry about with the promethazine or its quantity, it potentiates the opiates a bit and helps with the itchyness.

Sounds like your tolerance is low so in my opinion you shouldn't sell the lean, just pop oxy and sip some purp like you've been doing. It's great fun, I'm a big codeine fan.",opiates
dt40qr5,Sick got Lean and also some 30’s,"The reason a lot of people here hate on lean isn't because they can't get a script but because their tolerance is too high for it to be enjoyable, so they need stronger opis like oxy or heroin

If codeine gets you an enjoyable buzz then sip away mate, it's good stuff.

I also second the suggestion of listening to some future or young thug while pouring up haha",opiates
dt40sce,Sick got Lean and also some 30’s,"Definitely put on the new 'huncho jack' album, travis + quavo is such a sick combo. ""Motorcycle Patches"" has such a dope hook imo",opiates
dt40vkg,My pharmacy gave me too much oxy,"Yeah, without insurance 300mg of oxy would cost me $50 at the pharmacy. But since I'm insured it's $0",opiates
dt44zvy,My pharmacy gave me too much oxy,"Since it's not the US, they can't notice they're ""short"" while counting pills since we don't get the individual pills in bottles but get the actual boxes with blisters in them",opiates
dt4g6hj,My pharmacy gave me too much oxy,"Not a second after walking out of the pharmacy I ripped the box open to check for that, cuz that's what I expected them to do. But nope",opiates
dt4l3z2,acetylfentanyl isn’t getting me high,"If the vendors reputation's as good as you say it is then it seems near impossible that you to got scammed, but not even an elephant could snort that much fent up his trunk and stay alive

Really seems like you just got bunk shit my man. I mean, unless you shot up naloxone before doing your lines what other explanation is there?",opiates
dt5rj5d,My pharmacy gave me too much oxy,"In the US I wouldn't have an oxy script in the first place, they'd keep me on 3 kinds of ibuprofen lmao",opiates
dtvwxqf,Febtanyl - no tolerance- got a 100 microgram/hour patch....,"For the sake of your life and the people close to you; aim for some codeine or oxy if you want an opiate high for the first time. Hands off the fent.

Resell the patch and buy some pills or lean.",opiates
dw4rq89,555-555-NOPE,"For me saying ""can you ever call me?"" sounds more cringeworthy than ""can I ever call you?"" when hitting on someone. I usually just exchange numbers or take theirs",BlackPeopleTwitter
dw4s4fo,555-555-NOPE,Different strokes for different folks it seems. Them being able to make the choice plays in my favour as I prefer them to let me know early on if they're not interested.,BlackPeopleTwitter
dwbq2mw,I don’t belong in r/tall,It's not a real thing.,tall
dwd8wan,Old timers,The only pill that blows IR opana out of the water imo,opiates
dwdyhq6,Love the refill day!!,"I personally don't mind the posts of benzos or other pharms, this sub is far more chill than r/benzodiazepines or r/stims so I get why ppl prefer to post here

Most pill porn is still just opiates in this sub as it should be",opiates
dwdyw2b,Do you guys know / like the God Of War games ?,"Haha yeah I loved playing GOW III on the ps3, that shit's a classic",opiates
dwe6feh,A speck of heroin,"You'd need about ~2 bumps the size of the head of a match to feel smth with no tolerance from my experience.

So not much.",opiates
dwe6md5,codeine help me out homies,"Codeine is codeine is codeine. The only difference is that it'll taste a LOT more gross and it doesn't have an antihistamine in it. High will be the same, maybe a tad more itchy and a bit less drowsy.",opiates
dwe6wlu,I love a low tolerance,"Low tolerance is the shit, nothing like nodding for 8+ hours off one 40mg ER oxy",opiates
dwe8u9g,How much are you paying for heroin where you're at?,"Have they hit the $50 mark yet? shit is crazy, feels like in a couple years genuine 30s will either be $100 or nonexistent",opiates
dwts3cq,Bumped to 20mg or 30mg oxycodone IR,"From my experience dosages usually get bumped by ~50%. So if you're currently on 15mg then +50% is 22.5mg so you're likely gonna end up with 20mg. 

When prescribing opiates the goal is always to get the most pain relief with the smallest possible dose, so a jump to 30mg is usually too steep of an increase.",opiates
dwts5r3,130mg codeine (syrup with promethazine),You'll feel a little high and you have nothing to worry about regarding your health.,opiates
