Submission_ID,Submission_Title,Submission_Text,Subreddit
3exarf,"My family and I visited my aunt, who owns a private golf course. They insisted we all play a round together.","Damn, having kratom be illegal is so damn stupid. Best of luck dude, cheers",nongolfers
3fv4ye,"""Ward skins"" and ""summoner spell"" icons & text aren't lined up correctly","Damn, having kratom be illegal is so damn stupid. Best of luck dude, cheers",leagueoflegends
3npqqz,[Build Help] Need some help installing an OS on my new build,"Damn, having kratom be illegal is so damn stupid. Best of luck dude, cheers",buildapc
3snf6j,What made your best teacher be the best teacher?,"Damn, having kratom be illegal is so damn stupid. Best of luck dude, cheers",AskReddit
3uhyhs,We need a christian president next time,"Damn, having kratom be illegal is so damn stupid. Best of luck dude, cheers",BlackPeopleTwitter
3uiyy9,Chief Keef's vocabulary is subpar,"Damn, having kratom be illegal is so damn stupid. Best of luck dude, cheers",iamverysmart
4454n8,"Quick question about the „Runic Armor"" mastery","Damn, having kratom be illegal is so damn stupid. Best of luck dude, cheers",summonerschool
452yg8,(NSFW) I got u bro,"Damn, having kratom be illegal is so damn stupid. Best of luck dude, cheers",BlackPeopleTwitter
4db8hi,My PC and I have been through some shit,"Damn, having kratom be illegal is so damn stupid. Best of luck dude, cheers",Showerthoughts
4dnxks,So why exactly can't we see our report card (reports recieved/chat history) unless we get banned?,"Damn, having kratom be illegal is so damn stupid. Best of luck dude, cheers",leagueoflegends
4gfivn,Looking for some suggestions on how to help my friend,"Damn, having kratom be illegal is so damn stupid. Best of luck dude, cheers",leaves
4h4j6k,This guys whole channel actually,"Damn, having kratom be illegal is so damn stupid. Best of luck dude, cheers",DeepIntoYouTube
4l769l,This woman can NOT become president,"Damn, having kratom be illegal is so damn stupid. Best of luck dude, cheers",notinteresting
4q5g80,Not even a genius can relate to these memes,"Damn, having kratom be illegal is so damn stupid. Best of luck dude, cheers",iamverysmart
5chrbz,When you're still rolling the day after,"Damn, having kratom be illegal is so damn stupid. Best of luck dude, cheers",MDMA
5g9hxl,Redditor explaining the inaccuracy of a 7 year old Assassin's Creed screenshot,"Damn, having kratom be illegal is so damn stupid. Best of luck dude, cheers",iamverysmart
5xd5ds,Hell yeah,"Damn, having kratom be illegal is so damn stupid. Best of luck dude, cheers",opiates
63g427,Turns out Switzerland dispenses pharma-grade heroin to help heroin addicts quit,"Damn, having kratom be illegal is so damn stupid. Best of luck dude, cheers",opiates
6a7399,[Image] don't let a disadvantage stop you,"Damn, having kratom be illegal is so damn stupid. Best of luck dude, cheers",GetMotivated
6amlpz,Had an awesome doc today,"Damn, having kratom be illegal is so damn stupid. Best of luck dude, cheers",opiates
6axle7,"Was browsing for vertical door kits and this was the first result, FAQ could be used in the sidebar","Damn, having kratom be illegal is so damn stupid. Best of luck dude, cheers",LSD
6cw3c0,Art therapy project made by a US Marine with PTSD,"Damn, having kratom be illegal is so damn stupid. Best of luck dude, cheers",pics
6t1rjb,Finding pills on the ground,"Damn, having kratom be illegal is so damn stupid. Best of luck dude, cheers",opiates
7bmyxh,MFW I get the munchies on oxy,"Damn, having kratom be illegal is so damn stupid. Best of luck dude, cheers",opiates
7sd32l,My pharmacy gave me too much oxy,"Damn, having kratom be illegal is so damn stupid. Best of luck dude, cheers",opiates
