Submission_ID,Submission_Title,Submission_Text,Subreddit
6dare2,Do most TBMs not really know their own church history?,I was born with 1 testicle. Every partner I've been with could care less...but I care and get embasrrassed about it.,exmormon
6luqg8,TIL That there is a map online where ex-mormons can post about why they left the church,I was born with 1 testicle. Every partner I've been with could care less...but I care and get embasrrassed about it.,todayilearned
71g8zc,Advice for my brother? Oregon State Board of Nusing,I was born with 1 testicle. Every partner I've been with could care less...but I care and get embasrrassed about it.,nursing
76mi11,"Let's face it, Raiders are straight trash",I was born with 1 testicle. Every partner I've been with could care less...but I care and get embasrrassed about it.,oaklandraiders
87mi40,Morton's Neuroma - Had surgery on 3/7 (almost 3 weeks). Can I really go back to the gym?,I was born with 1 testicle. Every partner I've been with could care less...but I care and get embasrrassed about it.,Podiatry
