Comment_ID,Comment_Submission,Comment_Text,Subreddit
dvz1b4c,Pissing on opiates,"Ya I sat so Long pissing that when I got clean I had to break the habit  of sitting because I no longer need to. I still catch nyself doing it sometimes (I'm a dude) Honestly I could care less, gives me more time to reddit in all reality",opiates
dvz3l17,"10 mg morphine sulfate / i paid 1.25 a peace can any one tell me if i got riped off or if this is a good deal , as far as i know i got a good deal , but some say that they worth 75cetns/1dollar max but w.e. meh im happy to have them to add to the vualt","I pay $5 for 15mg extended release which is oretty pricy but I only have 4 legit pain scripts that people I know get monthly. 2mg dilaudid for $7 a pc, 60mg extended release oxys for $40 a pc and 10mg norco for   $5 a pc. I can get good heroin though for $140-$160 a gram for some non fent #4. 

So i would be very jealous right now as I'm probably going to spend $50 on 10 15mg morphine and plug 75mg in 2 go and be high for a day and probably not nod. Oh well",opiates
dvz9mlm,"10 mg morphine sulfate / i paid 1.25 a peace can any one tell me if i got riped off or if this is a good deal , as far as i know i got a good deal , but some say that they worth 75cetns/1dollar max but w.e. meh im happy to have them to add to the vualt","I used to pay $3 from my mom for the 2mg Before she found out I wasn't actually selling the pills she gave me and just giving her my own cash. Not to bad of a price considering 8s go for 35-40 a pc from what I was told from people in rehab down south, so $28-$35 a shot isn't all that bad considering  some people shoot half grams of dope in a shot",opiates
dvz9qkp,my boyfriend tripped over spring break and hasn’t been the same since.,Idk just kind of went away,Drugs
dvz9x8v,my boyfriend tripped over spring break and hasn’t been the same since.,It took like atleast a year or 2. I didn't take any psychedelics for like 11 months before I first had it occur,Drugs
dw74yxb,"People who ""switched sides"" in a highly divided community (political, religious, pizza topping debate), what happened that changed your mind? How did it go?","Not sure if youll see this but I was fully vaccinated as a baby (polio,mumps,etc) but havent gotten any besides a tetanus shot since like 16 years old, about to be 20, are there any I shoukd really get? I know Im not vaccinated for menigitis, hpv and a few  others. Im a male if that matters.",AskReddit
dw7r1jc,TIFU at a gas station in New Jersey,I know of one gas station in Michigan that doesnt have the pay stopper. You still oay first but once you hit say $20 or whatever you out in it still flows. The lady would just say dont qorry if it goes a few cents over.,tifu
dw7smq6,Encounter with a creep was handled exactly as it should be,"I do the same thing only more of a lone wolf in the group, when I visit my close friend at Central Michigan University who's a female, with female roomates and friends who all come over to pre game before going out to a party (usually ony go for big party weekends, St. Paddys, Halloween, NYE) I never really drink and Im usually the tallest person at the party so I watch all the girls I left my friends house with and nonchalantly roll up my weed and just get baked.

Idk I know they have friends who are male up there that look out for them but theyre usually drunk and I just feel having someone without that clouded of a mind in the group is good, they akways try to get me to drink, and I will from like 10am-3pm but I wont drink at night just so I can know what thr fucks going on constantly",TwoXChromosomes
dw8z2jn,I dropped a piece of my panda. After 10 minutes of searching I started getting worried that my dog ate it. And then....,"I scored like 35-40 15mg roxies at $10 a pc for like 15 then $7 a pc the next day cause dude wanted to get rid of them cause he was feeling suicidal and had 0 opiate tolerence and several hundred mg of oxy. 

Apparenfly I lost one while high and didnt know because 2 days after not having any i found 1 in my bed, i gave it to my mom since it was technically a relapse but that deal was to fire to not binge for 2 or 3 days. Plus 15mg wont get me high so its in her safe I guess for if im ever in a fuckton of pain and my kratom isnt working.",opiates
dw8z65s,Artist Ben Hampton painted my great-grandfather 52 years ago. Today I walked into an antique store and found the original painting.,Id toss $25 your way if you nade a gofundme,mildlyinteresting
dwd4sb1,"Non-Americans of Reddit, what's the biggest story in your country right now?",I need to activate my old account and sell some gold,AskReddit
dwetbo9,"Prince died from sky-high levels of fentanyl, report shows","Coming from someone who uses heroin, no, I dont look for fentanly and will not ourchase dope after testing it for fentanly. I end up oaying $50-$100 more a gram but id rather oay $160-$200 a gram for drugs I know arent cut with fent then $90-$100 for cut dope.

Eventually tolerence rises and people will switch to fent dope because the price for their real dope addiction is to expensive. The majority of users arent looking for cut bags.",news
dwmr711,"[Serious] Survivors of attempted murder, what is your story? How have you been since, physically, emotionally and mentally?","I definetly relate on having no memory when fight or flight kicks in. Was seeing a girl and her ex boy friend attacked me with a pipe, was able to escape and get in my car when he came barraling down the drive way. Locked my car just as he grabbed the handle, then he punched threw my window and I stabbed the fuck out of his hand. Onky thing is, I didnt kbow O stabbed him until his grandma started bitching about it. Like sorry i had to defend myself from potential murder",AskReddit
dwnjwv9,The Easter Bunny brought me some pharma X2s! Such a rarity around these parts,Generics can be 20% lower dosed then what is labeled on the bottle from what I understand,benzodiazepines
dwpshum,How much do you guys generally pay for Adderall?,"I can get $3-$5 for 5mg dextroamphetamine, $4-$5 for 10mg ir adderall. 30mg xr go for $7-$9 and have buddies flip them for $10-$12 and have people who sell 30 ir for $10-$15 a pc.",Stims
dwptcvg,Intensive Out-patient Program isn't going great...but I guess I have this massive speedball to make me feel better. Happy nods guys <3,Makes me want a speed ball lol,opiates
dwqbgfr,Intensive Out-patient Program isn't going great...but I guess I have this massive speedball to make me feel better. Happy nods guys <3,I only did one one tine and slipped out mid shot and missed the last cc or 2. Was a sad day,opiates
dwqh4e8,I actually didn't fit in this bathroom in Taiwan.,"The New Parthenon in Detroit has bathrooms that don't allow my 6'6"" self to fit. I imagine Asia would be a challange for ne",funny
dwqi24t,Making your own,"Learned how to make shake and bake at rehab, people definetly do it. A lot of stores in more rurual towns have a lot of camera in the ailes where people come to steal ingredients like liquid fire for example. Not going to give you the tek to make it, google can teach ya.",Stims
dwqigxf,Intensive Out-patient Program isn't going great...but I guess I have this massive speedball to make me feel better. Happy nods guys <3,"Sad was an understatement. Been 2 or 3 weeks since I've banged anything and I know my plug gets dillies in like 6-10days, right before ny 20th birthday, right after pay day and im like why you gotta get my favorite cup of tea when I'll have a shit ton of money (well a few hundred after bills) and some taxed dillies that will still be bought. $7 a 2mg is better then $35-$40 for a 8mg whicj is what a few people in rehab told me was the going price in kentucky and tennesse",opiates
dwrbktb,Intensive Out-patient Program isn't going great...but I guess I have this massive speedball to make me feel better. Happy nods guys <3,Its the shit but you chase the dragon jard because the initial rush is the fucking tits. I usually by like 11 at a time and start with 6mg and then 8mg for the next 2 and thatll be a good day. Then i buy in multiples of 4-5 and blast 8-10mg a shot but been like a month since i haf them but should almost be time for a 3 day binge or so in a weekish unfortuantly/fortunantly,opiates
dwsxl8m,"Where in life is that ""popular"" kid from Highschool now?","one of them who was my buddy since like 5th frade until I trasmfered to alt ed by choice not because of grade or I was in trouble, 4 days a week 3 hours and 20 minutes a day sounded better then 5 7 hour days at the time. 

Anyways omce I became the cities local drug dealer i started selling the kid weed pretty often throughout his 10th, my 11th (some how skipped 10th grade by going to alt ed dont really know how still but never questioned it) grade year. I graduated in 2015 and he should have graduated in 2016 only he failed, never went to college and basically was so embarassed that he deleted all social media. 

Seen him pop up recently in ""people you may know"" on facebook and he had 3 mutual friends when most of my former class mates share several hundred. Kinda felt bad, he was really fucking good at hockey and I dont think he was able to pursue it much after he gabe up and trying, I think his girlfriend stayed with him all this time atleast.",AskReddit
dwsxvd3,"Where in life is that ""popular"" kid from Highschool now?","Oh ya another grouo were the triplets in my local highschool, well my coty had 3 but the one nearest my crib. Anywaus 2 of the girls went into differnt millitary branches, one was in South Korea most of kast year and is now on Kentucky, the other was in Turkey most of last year and is back in Turkey after visitimg around xmas.

The third sister is still doing good, she has a really cute baby who I got to see the other day when I went to a mutual friends house. These girls were all big partiers and on pom since like 5th grade so seeing 2 join the Navy and Army was crazy to see.",AskReddit
dwvdmw6,My dboy who sold me these bricks invited me into his trap house to party. I politely declined,"I used to party at my dealers house with all of his cousins, one of the cousins was someone who I got to be really close with and am the god father of his daughter. He checked up on ne throughout rehab and the other who it thought were atleast my friends never even called.

It wasnt your standard trap house as far as people coming in and out constantly, the 3 brothers all lived there and then when the BM didnt have their kids they did. Still was uncomfortable getting served pills infront of 4 year olds but wasnt my place to speak. 

I never went to their big parties but would go to the bbq's during the day and the smaller ones for their birthdays. They didnt really sell powders at the time only pills and weed but I fronted them bud to sell. I definetly never went where there were 20+ people just because theyd tried to get down on a skinny white boy in the city. 

They looked out for me though, one of their cousins gave me some fake money for weed one time and they took me to his house and let ne snash all his windows out when he wouldnt answer our calls and then i went home and they went home and his cousin came to their house looking for me with  his ak and they smacked the fuck outta him since he had his son and nephew over who were 4 and 5 at the time. He eventually calmed down after a week or 2 and whenever i was over if he pulled uo theyd tell him to get the fuck on until I left or to call next time.

Sorry i jacked the post to ramble, i onky gey high 3-5 days a month now and 100mg of hydrocodone and 100mg+ lemon/lime taffy edible that I made",opiates
dwx9hhh,I have never done any opiates. I've been browsing this sub for ~2 hours now.,"You miht end up pushing this loved one away from you completely if you keep pushing. They'll stop using when THEY want to. An addict can only get clean on their iwn terms or it wont work 

It sucks having to sit on the side lines but you arent going to be abke to change her/his mind rrgardless of how much you wish you could.",opiates
