Submission_ID,Submission_Title,Submission_Text,Subreddit
64cj32,Off to California,"Ya I sat so Long pissing that when I got clean I had to break the habit  of sitting because I no longer need to. I still catch nyself doing it sometimes (I'm a dude) Honestly I could care less, gives me more time to reddit in all reality",kratom
64vva1,My parents aggravate me sometimes,"Ya I sat so Long pissing that when I got clean I had to break the habit  of sitting because I no longer need to. I still catch nyself doing it sometimes (I'm a dude) Honestly I could care less, gives me more time to reddit in all reality",kratom
65gq68,Missing kratom and home,"Ya I sat so Long pissing that when I got clean I had to break the habit  of sitting because I no longer need to. I still catch nyself doing it sometimes (I'm a dude) Honestly I could care less, gives me more time to reddit in all reality",kratom
68awqe,Sober Living,"Ya I sat so Long pissing that when I got clean I had to break the habit  of sitting because I no longer need to. I still catch nyself doing it sometimes (I'm a dude) Honestly I could care less, gives me more time to reddit in all reality",kratom
69vf98,Some Indo Elephant in the bag and a red strain I capped. I have more in the bag and am to lazy to get the strain. Taking these 5 caps and laying down.,"Ya I sat so Long pissing that when I got clean I had to break the habit  of sitting because I no longer need to. I still catch nyself doing it sometimes (I'm a dude) Honestly I could care less, gives me more time to reddit in all reality",kratom
6aj2gq,Can't sleep,"Ya I sat so Long pissing that when I got clean I had to break the habit  of sitting because I no longer need to. I still catch nyself doing it sometimes (I'm a dude) Honestly I could care less, gives me more time to reddit in all reality",kratom
6b4u4f,Strain recommendations for stocking up,"Ya I sat so Long pissing that when I got clean I had to break the habit  of sitting because I no longer need to. I still catch nyself doing it sometimes (I'm a dude) Honestly I could care less, gives me more time to reddit in all reality",kratom
6dusqn,"100+ days clean, gone","Ya I sat so Long pissing that when I got clean I had to break the habit  of sitting because I no longer need to. I still catch nyself doing it sometimes (I'm a dude) Honestly I could care less, gives me more time to reddit in all reality",opiates
6ecmra,What are ya on?,"Ya I sat so Long pissing that when I got clean I had to break the habit  of sitting because I no longer need to. I still catch nyself doing it sometimes (I'm a dude) Honestly I could care less, gives me more time to reddit in all reality",opiates
6ect9e,Chainsmoking,"Ya I sat so Long pissing that when I got clean I had to break the habit  of sitting because I no longer need to. I still catch nyself doing it sometimes (I'm a dude) Honestly I could care less, gives me more time to reddit in all reality",opiates
6g1cvh,Not opiates but a friend made me a custom picture of a penguin snowboarding down a symbolic mountain of ketamine. See its a cat and we call K Kats around my parts.,"Ya I sat so Long pissing that when I got clean I had to break the habit  of sitting because I no longer need to. I still catch nyself doing it sometimes (I'm a dude) Honestly I could care less, gives me more time to reddit in all reality",opiates
6j2q7t,"First time ordering from Canopy, got what I could afford for now and after trying this red malay I won in a giveaeay I had to have more","Ya I sat so Long pissing that when I got clean I had to break the habit  of sitting because I no longer need to. I still catch nyself doing it sometimes (I'm a dude) Honestly I could care less, gives me more time to reddit in all reality",kratom
6k9n58,Close call but I'm proud of my choice,"Ya I sat so Long pissing that when I got clean I had to break the habit  of sitting because I no longer need to. I still catch nyself doing it sometimes (I'm a dude) Honestly I could care less, gives me more time to reddit in all reality",opiates
6miq1h,"PSA don't store extract on a paper plate, its been removed for awhile just thought some would find this funny","Ya I sat so Long pissing that when I got clean I had to break the habit  of sitting because I no longer need to. I still catch nyself doing it sometimes (I'm a dude) Honestly I could care less, gives me more time to reddit in all reality",kratom
6oi1na,Relapse city,"Ya I sat so Long pissing that when I got clean I had to break the habit  of sitting because I no longer need to. I still catch nyself doing it sometimes (I'm a dude) Honestly I could care less, gives me more time to reddit in all reality",opiates
6ps1t3,Order on the way from Canopy,"Ya I sat so Long pissing that when I got clean I had to break the habit  of sitting because I no longer need to. I still catch nyself doing it sometimes (I'm a dude) Honestly I could care less, gives me more time to reddit in all reality",kratom
6q46hu,"250gram RHK, 125 White Elephant, 125 Green Ketapang and I got 2gs of 20x as a free sample.","Ya I sat so Long pissing that when I got clean I had to break the habit  of sitting because I no longer need to. I still catch nyself doing it sometimes (I'm a dude) Honestly I could care less, gives me more time to reddit in all reality",kratom
730wu4,CANOPY for the win,"Ya I sat so Long pissing that when I got clean I had to break the habit  of sitting because I no longer need to. I still catch nyself doing it sometimes (I'm a dude) Honestly I could care less, gives me more time to reddit in all reality",kratom
7hy9wf,Told my therapist I use kratom,"Ya I sat so Long pissing that when I got clean I had to break the habit  of sitting because I no longer need to. I still catch nyself doing it sometimes (I'm a dude) Honestly I could care less, gives me more time to reddit in all reality",kratom
7kg2ew,Feeling down,"Ya I sat so Long pissing that when I got clean I had to break the habit  of sitting because I no longer need to. I still catch nyself doing it sometimes (I'm a dude) Honestly I could care less, gives me more time to reddit in all reality",kratom
7uxwps,CWE norco 5s,"Ya I sat so Long pissing that when I got clean I had to break the habit  of sitting because I no longer need to. I still catch nyself doing it sometimes (I'm a dude) Honestly I could care less, gives me more time to reddit in all reality",opiates
81rbgj,First time 2cb trip last night (roughly 20mg was in a pressed pill),"Ya I sat so Long pissing that when I got clean I had to break the habit  of sitting because I no longer need to. I still catch nyself doing it sometimes (I'm a dude) Honestly I could care less, gives me more time to reddit in all reality",u_lilroldy
82qgaf,"Dextroamphetamine porn, 360 5mg ir Dextro, 15 10mg ir adderall and 9 1mg kpins","Ya I sat so Long pissing that when I got clean I had to break the habit  of sitting because I no longer need to. I still catch nyself doing it sometimes (I'm a dude) Honestly I could care less, gives me more time to reddit in all reality",Stims
85q38z,Girl scout cookies,"Ya I sat so Long pissing that when I got clean I had to break the habit  of sitting because I no longer need to. I still catch nyself doing it sometimes (I'm a dude) Honestly I could care less, gives me more time to reddit in all reality",opiates
87k79q,"Muenster, Smoked Gouda and Havarti and on the left, Havarti and Sharp Cheddar on the right on fresh sour dough I purchased an hour ago","Ya I sat so Long pissing that when I got clean I had to break the habit  of sitting because I no longer need to. I still catch nyself doing it sometimes (I'm a dude) Honestly I could care less, gives me more time to reddit in all reality",grilledcheese
