Comment_ID,Comment_Submission,Comment_Text,Subreddit
dvcn3sz,"Efff speedballs feel so damn good, how the hell to quit these!! Has anyone out there quit a daily speedball habit?! Plz tell me how. I mean jeez it's like an orgasm from young Jesus.","Damn. Here, take an upvote, thanks for sharing, that was a good read.",opiates
dvepxee,Mackenzie called Radar to clear things up about Ryan,"Still big on my screen, lol.",TeenMomOGandTeenMom2
dvesa4b,Mackenzie called Radar to clear things up about Ryan,"Haha, it’s not even important, lol. Let it live on, it was a good comment!",TeenMomOGandTeenMom2
dvmvz9r,Driver attempts to deliver cannabis after fleeing police,"Geez, I guess he never heard the motto, Commit one crime at a time!!",VictoriaBC
dvrm26o,Anywhere in Vic that will deliver fried chicken?,"Order through yellow pages instead of STD’s, only $1.50 for delivery.",VictoriaBC
dvrm396,Anywhere in Vic that will deliver fried chicken?,"Broasted, not fried.",VictoriaBC
dvrxmi5,Halo Top spotted at Whole Foods,"My Save on Foods got it in yesterday. All sold out today.

I'm in Victoria, but it would be a safe guess that the Mainland stores have it too.

Edited to add, go for the oatmeal flavour if you can, soooooo good!",vancouver
dvs2hm1,Halo Top spotted at Whole Foods,"I'm not a fan either, aside from the oatmeal flavour. I find it too light, I like a rich dense ice cream.",vancouver
dvs3rdt,Halo Top spotted at Whole Foods,"Damnnnnnn you’re right. Google says a pint of Halo vanilla weighs 256 grams, compared to 428 grams for a pint of Ben and Jerry’s.",vancouver
dvs3xm6,"The Trade, Series Premiere, a look inside America's heroin crisis (2018)","It's a great series, I've watched the first 4, very well done.",Documentaries
dvtorcn,Anywhere in Vic that will deliver fried chicken?,I love their coleslaw.,VictoriaBC
dw27ky3,"Recovered, but blew up my career... Now what?","Whoa. What was the point of that comment? Of course we care. you must care, at least a little....you took the time to open the post and comment.",opiates
dw2remi,B.C. government won’t delay carbon tax hikes in face of sky-high gas prices,$1.40.9 in Victoria today.,vancouver
dw6wyf2,Alberta Premier threatens legislation that would effectively raise B.C. gas prices if pipeline deal can not be reached,"Not $3 a litre. Iceland is the most expensive European country for gas and they are at $2.73 CND today. 

European Russia has the cheapest gas, under $1 a litre there.",VictoriaBC
dw7mq24,Tenancy Question - Re: Hydro Bill,"No, they won't be able to change the terms at the end of the lease. Your lease will automatically roll over into a month to month tenancy and the conditions of the original lease, stay in play. There is no more fixed term leases.",vancouver
dw7thcq,Tenancy Question - Re: Hydro Bill,"The Legislation was just changed a few months ago. At the end of this lease, you will not have to resign or move.",vancouver
dw7ulj3,Tenancy Question - Re: Hydro Bill,"They can only raise it by the amount set out yearly, by the Province. This year it's 4%.",vancouver
dw9e54g,Bought a dashcam less than 48 hours ago. Already caught an accident,"Great suggestion, why didn't anyone think of that before.........

http://www.taxirights.gov.bc.ca/

http://www.bclaws.ca/Recon/document/ID/freeside/266_2004

http://vancouver.ca/doing-business/taxicabs.aspx",vancouver
dwa6lp6,What did Javi do?,"Have we been watching the same show for the last 7 years?!?!

Of course we would know if Kail went to court, we've seen her drag Joe and Javi down that road already.",TeenMomOGandTeenMom2
dwbztn8,"Got in a minor car accident today, Can I call my local police department and ask them to provide me car owner information with a license plate number? Will I forced to file a police report or will there be any other ramifications for this request?","Where I live, police only attend accidents if there is injuries or the vehicles are unmovable. From the sounds of it, you just need to call your insurance company and start the claim, they should handle the rest.",police
dwc039u,Pets over-night while renting?,"It wouldn't. To evict with cause, a 30 day notice, landlord would have had to notify tenbant previously that they were in breach of their lease. The RTB looks to see 3 warnings before they uphold an eviction with cause. Same goes for paying rent late, 3 times in a year and the RTB will uphold a 30 day notice with cause.",VictoriaBC
dwi54zf,tomorrow bank holiday?,"Damn, both my DD's hit my account by 4am this morning. One was expected as it's the last business day of the month, but my payday is Saturday, so that hit too.

Now if the child support hits, it's going to be a good weekend!! And by good weekend, I mean an expensive Easter brunch and lots of treats for the littles (non user here)",opiates
dwi569i,tomorrow bank holiday?,Good Friday is the stat/bank holiday here in Canada....,opiates
dwi5ab6,Last 2 before payday; issue is I get paid on the 31st (sat) but hopefully direct deposit kicks in tonight 12:01am cuz deposit don't happen on fri night.,"Which side of the border on the West Coast? I'm up in Canada, we have the stat tomorrow. My payday is the 31st to, my pay hit this morning by 4 am.",opiates
dwvnwe0,Where can I get some decent sushi in Victoria?,Momo Sushi on Quadra at Caledonia is AMAZING!! Sushi Story in Esquimalt would be my second choice.,VictoriaBC
