Submission_ID,Submission_Title,Submission_Text,Subreddit
6cjsjg,"Alright, what's going on at Kings and Shelbourne?!?!","Damn. Here, take an upvote, thanks for sharing, that was a good read.",VictoriaBC
6dk9lv,Reunion show being taped next. Predictions????,"Damn. Here, take an upvote, thanks for sharing, that was a good read.",teenmom
6e312q,B.C. Green Party agrees to support B.C. NDP in minority legislature | CHEK,"Damn. Here, take an upvote, thanks for sharing, that was a good read.",VictoriaBC
6fr18m,First time buying concert tickets- Need guidance.,"Damn. Here, take an upvote, thanks for sharing, that was a good read.",vancouver
6h96s3,Anybody feel like it's unseasonably cold?,"Damn. Here, take an upvote, thanks for sharing, that was a good read.",VictoriaBC
6qden2,"Shanghai Noodle on Quadra is out, Chicken 694 is in.","Damn. Here, take an upvote, thanks for sharing, that was a good read.",VictoriaBC
6ulzvi,"Vancouver 'Sugar Mountain' tent city residents call on province for clean water, toilets - CBC News","Damn. Here, take an upvote, thanks for sharing, that was a good read.",vancouver
70opie,Interesting documentary from Finland.,"Damn. Here, take an upvote, thanks for sharing, that was a good read.",opiates
74bzq3,Copycat Chocolate Explosion cake- Boston Pizza [I made],"Damn. Here, take an upvote, thanks for sharing, that was a good read.",food
75zft7,How bad is the Fentanyl crisis where you live?,"Damn. Here, take an upvote, thanks for sharing, that was a good read.",opiates
76fluu,[Homemade] Copy Cat of Boston Pizzas Chocolate Explosion cake,"Damn. Here, take an upvote, thanks for sharing, that was a good read.",food
76g98o,"Please help me find the best Chinese BBQ pork in Victoria. Catch, needs to be open by 11:30 am tomorrow morning.","Damn. Here, take an upvote, thanks for sharing, that was a good read.",VictoriaBC
7ize3p,"Desperate for teeth, on a budget.","Damn. Here, take an upvote, thanks for sharing, that was a good read.",Dentistry
7qktpk,"Hey Vancouver, what is there to do this afternoon with kids?","Damn. Here, take an upvote, thanks for sharing, that was a good read.",vancouver
7tukbn,"Coming to Vancouver overnight, can someone help me with Translink?","Damn. Here, take an upvote, thanks for sharing, that was a good read.",vancouver
7zjk8y,Think Courtland is having a ladi da time in jail?,"Damn. Here, take an upvote, thanks for sharing, that was a good read.",TeenMomOGandTeenMom2
