Comment_ID,Comment_Submission,Comment_Text,Subreddit
dweande,"GAME THREAD: Denver Nuggets @ Toronto Raptors | Mar 27, 2018",No composure,denvernuggets
dwebgd8,"GAME THREAD: Denver Nuggets @ Toronto Raptors | Mar 27, 2018",Time for George Karl,denvernuggets
dwnlq54,"GAME THREAD: Milwaukee Bucks (41-35) @ Denver Nuggets (41-35) - (April 01, 2018)",https://youtu.be/Qwq7BYOnDrM,denvernuggets
dwnp91m,A look at everyone's stats in the last 10 games.,41 percent shooting,denvernuggets
dwnpa1l,"[Post Game Thread] The Denver Nuggets (42-35) pull off the comeback against the Milwaukee Bucks (41-36), 128 - 125, in OT",Please no more Barton,denvernuggets
dwnpooq,A look at everyone's stats in the last 10 games.,Bad,denvernuggets
dwnpvmu,"[Post Game Thread] The Denver Nuggets (42-35) pull off the comeback against the Milwaukee Bucks (41-36), 128 - 125, in OT",I also dislike his complaining to the refs constantly,denvernuggets
dwrsmrx,"GAME THREAD: Indiana Pacers (46-31) @ Denver Nuggets (42-35) | Apr 3, 2018",Nuggets don't like physical play,denvernuggets
dwrt66m,"GAME THREAD: Indiana Pacers (46-31) @ Denver Nuggets (42-35) | Apr 3, 2018",I like how jokic doesn't argue with refs now,denvernuggets
dwrte1f,"GAME THREAD: Indiana Pacers (46-31) @ Denver Nuggets (42-35) | Apr 3, 2018",Please take Barton out,denvernuggets
dwrtl8l,"GAME THREAD: Indiana Pacers (46-31) @ Denver Nuggets (42-35) | Apr 3, 2018",Please take out Barton,denvernuggets
dwru04w,"GAME THREAD: Indiana Pacers (46-31) @ Denver Nuggets (42-35) | Apr 3, 2018",Murray is awesome,denvernuggets
dwrusa7,"GAME THREAD: Indiana Pacers (46-31) @ Denver Nuggets (42-35) | Apr 3, 2018",Barton to,denvernuggets
dwruvxs,"GAME THREAD: Indiana Pacers (46-31) @ Denver Nuggets (42-35) | Apr 3, 2018",How come we don't get the avalanche chick for an announcer,denvernuggets
dwrv558,"GAME THREAD: Indiana Pacers (46-31) @ Denver Nuggets (42-35) | Apr 3, 2018",We should get both,denvernuggets
dwrwwmm,Guy with face tattoos jokes about what it's like to have face tattoos... and it's hilarious.,Not that funny,videos
dwrx5bw,Weightlifter @ma110w at the office [gif],Awesome,FitAndNatural
dwrxfyl,Is my wife losing interest in sex with me?,Study married red pill,sexover30
dwrxr1s,How would your 16-year-old self-react to seeing your SO?,"Married the au pair, ya baby!",AskReddit
dwsdh1d,Is my wife losing interest in sex with me?,MRP is prejudice against women?,sexover30
dwsgy28,Is my wife losing interest in sex with me?,"Ok, I have not read the rules. Thanks for clarifying. I like this sub.",sexover30
dwtir42,[Homemade] Leg of Lamb,"nice leg of lamb, the cutting board is a round from a tree? How did you treat it?",food
dwu22qh,People Who Have Never Experienced Back Pain Have No Business Making Opioid Policy,Exactly,opiates
dwwaus3,"GAME THREAD: Minnesota Timberwolves (44-34) @ Denver Nuggets (43-35) | Apr 5, 2018",I guess the nuggets know how to play defense finally,denvernuggets
dwwbbbe,"GAME THREAD: Minnesota Timberwolves (44-34) @ Denver Nuggets (43-35) | Apr 5, 2018",Seems like it right,denvernuggets
