Comment_ID,Comment_Submission,Comment_Text,Subreddit
dwhrscz,I’ve been learning to draw this month! Here’s Leslie Knope!,Look at my history and compare it to my first Steve Buscemi portrait. And that’s all in 1 month!,PandR
dwht5cd,I’ve been learning to draw this month! Here’s Leslie Knope!,Turd Craply,PandR
dwi0qr8,I’ve been learning to draw this month! Here’s Leslie Knope!,And lost her last election. Back on whip cream waffles and candy again.,PandR
dwi12p5,Challenging myself to draw something every day in 2018. Just wrapped up this Draugr Deathlord.,Have you done it? I tried to do that for the month of March but I didn’t achieve the goal. I missed a few days. Post a collage.,skyrim
dwi2j1j,“The gym doesn’t have enough weights for me and my neon safety beanie.” (Seen walking away from a nearby gym),Every time I snap a pic of someone walking it’s always wtf,WTF
dwi2kce,“The gym doesn’t have enough weights for me and my neon safety beanie.” (Seen walking away from a nearby gym),Still can’t figure out what he’s up to.,WTF
dwifb0z,I’ve been learning to draw this month! Here’s Leslie Knope!,Thank you!,PandR
dwk7orb,I’ve been learning to draw this month! Here’s Leslie Knope!,Haha when I first looked at it after I posted I literally thought it looked like Chris in a Leslie wig!,PandR
dwk8fwu,Starman sans hair,Every time I post a pic of one of my drawings I can see where my mistakes are and what I need to do to fix it so much easier than just looking at it IRL. I have no idea why.,drawing
dwkuzuh,Starman sans hair,"Thank you for the kind words and advice! I just started drawing this month and have learned sooo much thus far, thanks to Reddit. I have a really hard time with hair on my portraits so I didn’t even attempt his crazy doo.  I love to mostly draw more cartoon type stuff, but I also love the realism portraits and then adding a bit of color.  Check out my Biggie drawing for another example (though Biggie came out looking more like Fat Albert), and my Steve Buscemi drawing (very first one) to see how far I’ve come in just 1 month.  Thanks again!",drawing
dwkvafv,"Tried my hands at drawing, followed step by steps on youtube from Sean Clark, think I might found a new talent.",Check out my Venom I posted somewhere!,drawing
dwlv3ou,Dissed,Literally means go fuck yourself,MonaLeslie
dwn91tg,Holy oh mg I did not know that this was physically possible...,It ruined me. I will forever be chasing that,Stims
dwoeaxw,Late night 72 hour binge art is the weirdest art.,"Haha I don’t think it affected the colors, I was just pressing really hard. Lol all my pencils are nubs now (oops).  I think that app is one I just use to make collages.",Stims
dwof31r,Late night 72 hour binge art is the weirdest art.,"Oh well the name Color Pop I just thought I should explain it’s actually a collage app. Might be some filters idk. I usually draw just black and white, but when I am on one those color pencils come out and they are getting rubbed raw lol. GOTTA COLOR EVERYTHING!  And sometimes it looks cool, sometimes weird like this. 

What do you mean by intimidated? Care to elaborate your thoughts on that a bit?",Stims
dwpbnkg,Late night 72 hour binge art is the weirdest art.,"You would think it would dull the ability, where hallucinogens let you understand your perception more.  Maybe since art is hyper focus while brain in sort of autopilot drone it it lets you sort of just go.  I fall asleep doing it sometimes. And wake up with cool things.",Stims
dwqxuxu,"Been doing a drawing a day for just short of 30 days, my goal is to hit 100. Any tips/ critism always welcome :)",Where’d you get the 30 day idea?,drawing
dwrgrqs,Up 72 hours this is what happened,No sleep deprivation was just the only thing around that isn’t cut with fent,DrugArt
dwu22sx,"What is this thing parked in Mall and shopping center parking lots, usually during holiday season. Sniper tower is my first thought.",So is there someone in there at all times I guess is my question,whatisthisthing
dwwechk,Just when I thought I was gonna have to go thru WD hell found these OTC.,DNM?,opiates
dwwef1f,Another day hoping to feel something from 250mg of tramadol and 12 grams of Kratom because dry as Shit. Anyways my latest Amazon order of books .. any other readers here ? I got some ps1 games too,What’s Kratom like? Comparable to any op?,opiates
dwwpl01,Another day hoping to feel something from 250mg of tramadol and 12 grams of Kratom because dry as Shit. Anyways my latest Amazon order of books .. any other readers here ? I got some ps1 games too,"I’m clean and on sub maintenance I was just curious about its recreational value.  I was never able to get anything off tramadols, is it like that or is it stronger and more like oxy feeling?",opiates
dwwv6fw,today would’ve been your 23rd birthday. i miss you everyday darlin’ 💔,"I know what you mean.  Especially if you’ve been through rehabs/chem free houses. I’ve been in some form of one for over a year and made many “rehab” friends, people I see show up at my new rehab or know from the last one, even see them out in the real world. Then all of a sudden you hear they’re dead. I’ve had 3 people die in the last 3 months all from fentanyl.  You can’t get anything but fent where I live nowadays. That shit took over so quick and the people I know are dropping like flies. It’s really helped me stay clean recently.  But is is such a sad sad thing that’s really fucking happening right now and nobody’s doing shit about it.  Only just recently has nasal narcan been made available at pharmacies. But it’s still expensive and I don’t know too many junkies that would spend cash like that on it.",opiates
dwx19fz,My dick after 3 days off opiates,Sometimes mine fakes it in under a minute.,opiates
dwx25hs,I have never done any opiates. I've been browsing this sub for ~2 hours now.,"I like your comment. This is the only sub where I can click one post of someone’s score and see people saying “nice one bro” and the next post is someone’s story of a loved one that OD’d and everyone is so empathetic and loving and the next post is someone’s clean time and everyone congratulates and supports them....idk it just is very true to the actual lifestyle of being an opiate addict and the phases we go through. If you need support, it’s here.  If you need advice, it’s here. If you need to cry, people are here for you. If you’re nodding, you can do that here too.  If you just want to bitch about a dboy’s “pullin up” text, do it here.  It’s just such an honest and actual representation of our common life experiences with addiction.",opiates
