Submission_ID,Submission_Title,Submission_Text,Subreddit
86dwew,Kid Cyclops complaining about the snow.,Look at my history and compare it to my first Steve Buscemi portrait. And that’s all in 1 month!,drawing
86e7fb,I feel like I was doing so well then I got to his mouth. I think I needed to leave it for a while.,Look at my history and compare it to my first Steve Buscemi portrait. And that’s all in 1 month!,drawing
86fjnd,I too drew Ron!,Look at my history and compare it to my first Steve Buscemi portrait. And that’s all in 1 month!,PandR
86flca,Spidey love,Look at my history and compare it to my first Steve Buscemi portrait. And that’s all in 1 month!,drawing
8710y1,“The world is my gym”,Look at my history and compare it to my first Steve Buscemi portrait. And that’s all in 1 month!,iamverybadass
883uoa,Dark castle and sky over tiny little subjects I mean townsfolk...,Look at my history and compare it to my first Steve Buscemi portrait. And that’s all in 1 month!,evilbuildings
883vcb,Woke up and felt inspired to draw my best friend. Nailed the beard.,Look at my history and compare it to my first Steve Buscemi portrait. And that’s all in 1 month!,drawing
883xv4,I’ve been learning to draw this month! Here’s Leslie Knope!,Look at my history and compare it to my first Steve Buscemi portrait. And that’s all in 1 month!,PandR
88454p,Venom,Look at my history and compare it to my first Steve Buscemi portrait. And that’s all in 1 month!,drawing
8845ep,Baby Groot!,Look at my history and compare it to my first Steve Buscemi portrait. And that’s all in 1 month!,drawing
885k17,“The gym doesn’t have enough weights for me and my neon safety beanie.” (Seen walking away from a nearby gym),Look at my history and compare it to my first Steve Buscemi portrait. And that’s all in 1 month!,WTF
886xh5,The Process. I’ve learned a whole lot in 1 month thank you all so much!,Look at my history and compare it to my first Steve Buscemi portrait. And that’s all in 1 month!,drawing
886xm4,The Process. I’ve learned a whole lot in 1 month thank you all so much!,Look at my history and compare it to my first Steve Buscemi portrait. And that’s all in 1 month!,learnart
88fkly,Starman sans hair,Look at my history and compare it to my first Steve Buscemi portrait. And that’s all in 1 month!,drawing
88ji10,Starman sans hair,Look at my history and compare it to my first Steve Buscemi portrait. And that’s all in 1 month!,learnart
88lsyc,3P0 alternate,Look at my history and compare it to my first Steve Buscemi portrait. And that’s all in 1 month!,drawing
88megt,Trippy R2,Look at my history and compare it to my first Steve Buscemi portrait. And that’s all in 1 month!,learnart
88mf8t,Trippy R2,Look at my history and compare it to my first Steve Buscemi portrait. And that’s all in 1 month!,learnart
88s7n2,It’s Singing in the Raaaiinn,Look at my history and compare it to my first Steve Buscemi portrait. And that’s all in 1 month!,drawing
88uvz5,R2LSD2,Look at my history and compare it to my first Steve Buscemi portrait. And that’s all in 1 month!,drawing
88zp3u,T’Challa and the Amazing Technicolor panther suit,Look at my history and compare it to my first Steve Buscemi portrait. And that’s all in 1 month!,drawing
8901mo,Late night 72 hour binge art is the weirdest art.,Look at my history and compare it to my first Steve Buscemi portrait. And that’s all in 1 month!,Stims
8903uh,IT looks like rain,Look at my history and compare it to my first Steve Buscemi portrait. And that’s all in 1 month!,learnart
89spv4,"I’m having trouble finding a job and I know there is a need for hundreds of doc review type jobs, I just have no clue how to seek one out. I’m looking for advice or tips on where to look.",Look at my history and compare it to my first Steve Buscemi portrait. And that’s all in 1 month!,law
89tie9,"What is this thing parked in Mall and shopping center parking lots, usually during holiday season. Sniper tower is my first thought.",Look at my history and compare it to my first Steve Buscemi portrait. And that’s all in 1 month!,whatisthisthing
