Comment_ID,Comment_Submission,Comment_Text,Subreddit
dvj5mud,SOS! I'm struggling BAD. Can't use.,"as a guy that wants to feel the opiate high without taking an opiate...., do you believe is safe to take Kratom?",opiates
dvjbpxl,Long time lurker first time poster. D-boy pulled through on Thursday! Happy nods...,"I am a no user as well but drugs got my interest since I was a kid, have done a lot from psycheledics, ketamine, cocaine..., never get adicted to anyone and just love cocaine when used once each 2 months. 

But as we know... opioids is another different story, a dragon I will ever wake up. I even was planing to use (had 0.3 H at home), asked reddit for advice 10 days ago (dosage, which effects expect.., etc..) and the /r/opiates users saved a random guy from a posible way down to an endless hole (have an adictive personality, if I would like it I would love it, and I will ""try it again"" for sure).

Now some days later I really want to feel the opioid high... but it wont be with opioids. I ll probbably just get some kratom...",opiates
dvjiml1,My first time injecting cocaine,"I hope you know where you are geting yourself into...
 
I am not talking from experience but from a very near example..., as long as many time reading people lives. Dude..., once you try the needle the worst and most probable scenario is that you will love it and other ways of administration won´t feel the same..., i suppose you already crossed the line yesterday but if I know something is that cocaine fucks you up very fast if you IV..., and even the rush must be awesome soon or later you will understand what paranoia and real comedowns are...

TL; DR Stay far away from the neddle. But your life, your choice. Not trying to give anyone advice..., but I feel I have to say something at least.",cocaine
dvjj7s8,WHAT THE FUCK?,go to the DNM you can see millions of offers like this one,cocaine
dvmejbj,Bard turns 3 today!,"people says that a lot... 

Stop counting the time as months/years and start counting it as experiences you have. If you believe ""time flies"" is because you hadn´t much experience those last years. 

At least thats my point of view.",leagueoflegends
dvsjvt3,Candy,"I will just tell you this...

Many years ago, I was 13-15 so about 14 years back, listened to my older sister talking about this book with a friend, so full of curiosity I read it and holy shit! I felt in love with the history... I read it many times in my life and I just can´t recomend this book enough... the history is just too real. As a 15 years old guy i found myself thinking about how the Heroin would feel... ""it must be an awesome feeling holy shit"". Now a bit older I didnt ever tried it and not going to try (Had 0.3g H some weeks ago, wrote a post on /r/opiates looking for advice as a first timer, but reddit users scared me and threw it away).

A year back found this film and is pretty good one...  but the book..., holy shit THAT BOOK....",opiates
dvsktwo,First bag ever,"I would say your choice seems fair enough to me and I would do the same. I saw something arround the lines: ""Opiates can only be an option when you have to choose between adiction or pain"" so thats it. 

I would do the same for sure.",opiates
dvt460r,"My 2 favorite hobbies, shitting and smoking blues","hate to be ""that guy"" but I hope you realize you are addicted again. From the ""just once"" to ""now last once I swear"" to ""ey guys look I am having fun""

I dont know you and I am no one to say anyone anything specially you who knows exactly where you are getting into. I m just saying think twice and ask yourself if you want to sacrifice the last year... 

That said... have fun dude and do what you like ;). You know better than me what comes after that so if you believe is worth just go for it! ;)",opiates
dvwrd39,Can someone please tell me if this is fake?,dude you can´t be real... I dont even do pills but I can say this one is 100% fake! holy shit everything is wrong there!,opiates
dvysg1t,1 year off heroin,"I m very very happy to read that dude, I remember you perfectly btw, you helped me to make a smart choice days ago.

Cocaine is a hell of a drug but lets say is not that life-destroyer, I myself do cocaine one at month (dont let me do more even I have the fish scales downstairs, lol...).

Keep fighting and hope you the best ;)",opiates
dw4bo6e,Real or fake?? I love my life!!!,"Hi :) 
You are waaay down on the hole again. Nothing wrong with that my friend, each one is his own boss.

Have fun now that you are on it, just have fun and of course be safe ;)",opiates
dw4buve,Real or fake?? I love my life!!!,"Jusst curious. What you are saying is if someone without tolerance takes like 1mg fent, he can OD?",opiates
dw4ccsr,⛷⛷⛷,"no we are not, we are saying that what you have there is no more than 30%. You can clearly see it has been repressed.

Find another guy or try different vendors on the DeepWeb till you find ""the one"" that gives you the scales. Once you try the real deal you will just run from cut shit with active cuts that makes your high a different kind of high....

Just so you know, I meet A LOT of people who didnt know how cocaine´s high actually is till they try the real deal... is like day and night...",cocaine
dw7gj0f,Just bought ezreal? How to adc as him?,"I bet you are no more than DV. 

Ez is pretty hard to play.",leagueoflegends
dw9755h,Real or fake?? I love my life!!!,"I am glad to read that dude, slowly but surely ;). 
Everyone have their own thing, not comparable but admit I spend 1/4 from my monat earns on good quality weed/hash, and cocaine maybe once each month-3 month...  

Have a nice day ;)",opiates
dwbx4gb,"Sorry shitpost but..., how it would be if /r/opiates do a meeting in a big city?",hahah,opiates
dwbx6go,"Sorry shitpost but..., how it would be if /r/opiates do a meeting in a big city?","haha, it would be a great social experiment to be honest ;)",opiates
dwbx7ix,"Sorry shitpost but..., how it would be if /r/opiates do a meeting in a big city?",true.,opiates
dwo3q3e,Best shit for the newbie?,"If you come to /r/opiates to find advice as a new user..., you are in the wrong place. Yes of course people will advice you in name of harm reduction but..., opiates is not a joke, okay?. The people here are suffering everyday because of this adiction..., its a prison in life. Use or feel sick, choose one of them..., every day...

My case..., I´m very interested on drugs and I am often arround this sub, arround a month ago I had 0.3g of H, I was planing on taking it and this subredit changed my mind..., you just dont want to wake up the dragon. I threw it away.

Think twice before you keep playing with this substance, is waaay too powerful and it changes your brain chemestry..., just stay away until you have to choose between horrible pain and opiates.

I still want so bad to feel the Heroin high..., but I wont. If I like it, it will trap me. I know myself enough to know that I would end up using it very often...

People talk here about Kratom btw..., but idk if the ""high"" is enough or just help with the DW",opiates
dwo577h,"Other Hot Sexy Girl. If this gets enough upvotes, it will be the first result when people search for ""Other Hot Sexy Girl""","Guys, if we all repost the same comments every time, we'll all get double the karma",leagueoflegends
dwor3na,Best shit for the newbie?,"For some reason is not a common drug. I was thinking on using it because as I wrote before I want to feel the ""opiate high"" but dont know which substance is ""safe"". Anyways, I found out most of the Opium you see in the DNM is TBH or just inciense or some shit..., having no contact who actually knows how Opium smells/tastes, I decided to dont give it a try...",opiates
dwouvvl,"I am really interested in ""ex pros"" and what they are doing now.",Love this one from yesterday! Nice use of it ;),leagueoflegends
dwstfvw,Anyone up?,"Hello ;) You have 2 options...

1) What I used to do... Go to someone that looks like he might be into this..., some young people arround 25-35... (avoid junkies, they will try to trick you and/or won´t help just for free). 
Then ask them respectfull something arround the lines: ""sorry, maybe this is the wrong andress and I am asking the wrong person..., if this is the case I am so sorry but..., you know where I can get some Cocaine?"".
If they say ""no"", in my case I can´t care less about what other people thinks about me soo I just walk away..., but if You care just excuse yourself by saying that you do It in special occasions and some friends are coming to visit, blablabla.... You shouldn´t care much but there are people that does care about what strangers think about them...  
Then if they say yes..., now you have to play your cards, don´t tell them you are alone/you don´t know anyone else arround the place,  and NEVER EVER trust the guy 100% (repeat, NEVER!). As said before..., play your cards, you want to look like a guy that knows what he wants..., you dont want cut shit, right? so explain him that you wash your gear for example..., you can even say that you are looking for some other contact because your boy sold you the last times some stuff and you lost more than half of it after the acetone wash. No less important..., you wont EVER pay without an small test..., just NEVER. 
It might sounds stupid some of those tips... and the story about you wash your stuff, but trust me..., if someone can trick you, they will. So you have to act serious, not like a guy easy to trick... I am not writing all this stuff because I feel to..., I  just know, like pretty much everyone else, how the ""street bussines"" works..., and cocaine is expensive as fuck so a lot of people will try to trick you...

2) Darknet Market..., you just need an USB with the Operative System called Tails..., It s VERY VERY easy if you follow the [Darknet Bible](https://www.reddit.com/r/DarkNetMarketsNoobs/wiki/bible/buyer)

TL; DR I wont ever recomend to buy on the street, is like a 90% chance you will get less than 10% pure... Just go on the DarkNet, is safer than people belive and pretty easy. 

Just go on the Darknet.",cocaine
dwuz68b,Apdo/Dopa Youtube Q&A (translation),"> all I want is for time to fastforward a few hours so I can go to sleep lol. Tired as hell.

dude..., that is not life... I mean no offense but once you get out of work is when ""your life"" starts..., while you are working you trade your ""life time"" for money..., it s not actually ""your time""... It might sound sad and even I do love my job but for me once I wake up in the morning in a week day I feel I m losing the next 9 hours of my life..., trading it for some print paper.

I am no one to say anything and if you are happy then it s allright ;)",leagueoflegends
dwv9bvt,Apdo/Dopa Youtube Q&A (translation),"Get some help. 

If you are not happy go to a doctor, maybe there is some lack of setotonine/any hormone, and your brain chemestry dosnt works the way it should... I mean there is a lot of threatments, and las resource happy-pills, that can make you love your life wonderful..., because it is wonderful...

Anyway... if you are not happy because life problems... well let me tell you you are working, you might have money, you can travel. Depresion is a bad use of your free time ;)",leagueoflegends
