Submission_ID,Submission_Title,Submission_Text,Subreddit
5hbsnp,BUG with the profiles,"as a guy that wants to feel the opiate high without taking an opiate...., do you believe is safe to take Kratom?",leagueoflegends
5hhufg,Shot outs to Ibai. The real All-Stars star!,"as a guy that wants to feel the opiate high without taking an opiate...., do you believe is safe to take Kratom?",leagueoflegends
6khwxk,FeelsBadMan not getting any Honor Point when you believe you did a really good job.,"as a guy that wants to feel the opiate high without taking an opiate...., do you believe is safe to take Kratom?",leagueoflegends
6qj7no,How I got Honor level 3,"as a guy that wants to feel the opiate high without taking an opiate...., do you believe is safe to take Kratom?",leagueoflegends
6zeyem,100% win rate Vayne destroying EUW Solo Q. ¿Who is this guy?,"as a guy that wants to feel the opiate high without taking an opiate...., do you believe is safe to take Kratom?",leagueoflegends
6zf0fu,100% win rate Vayne OTP destroying EUW Solo Q. ¿Who is this guy?,"as a guy that wants to feel the opiate high without taking an opiate...., do you believe is safe to take Kratom?",leagueoflegends
74kgw5,I hit Diamond for the first time since Season 1 and +4.000 ranked games.,"as a guy that wants to feel the opiate high without taking an opiate...., do you believe is safe to take Kratom?",leagueoflegends
7vnosy,Skiing on Thursday because have free. Tell me anything so I don´t feel like shit,"as a guy that wants to feel the opiate high without taking an opiate...., do you believe is safe to take Kratom?",cocaine
7wehxr,Read this if you believe you are strong to avoid adiction. Cocaine is a hell of a drug...,"as a guy that wants to feel the opiate high without taking an opiate...., do you believe is safe to take Kratom?",cocaine
80xke6,"Serious, need advice.","as a guy that wants to feel the opiate high without taking an opiate...., do you believe is safe to take Kratom?",opiates
83jfqv,I forgot how good it actually feels!!,"as a guy that wants to feel the opiate high without taking an opiate...., do you believe is safe to take Kratom?",cocaine
83jt78,A short story of how a very casual cocaine user got the Holy Grail in form of fish scale. Now I understand why people love his money and life because of this drug.,"as a guy that wants to feel the opiate high without taking an opiate...., do you believe is safe to take Kratom?",Drugs
85378p,I went somewhere else yesterday... Holy shit!,"as a guy that wants to feel the opiate high without taking an opiate...., do you believe is safe to take Kratom?",ketamine
87bg0r,"Sorry shitpost but..., how it would be if /r/opiates do a meeting in a big city?","as a guy that wants to feel the opiate high without taking an opiate...., do you believe is safe to take Kratom?",opiates
