Comment_ID,Comment_Submission,Comment_Text,Subreddit
dpruxcc,Sixth Woman Says George H.W. Bush Groped Her When She Was 16,When I was in my late teens I was homeless in San Francisco for a while. I have a look that is very attractive to gay men. I lost count of the amount of times I was sexually assaulted. I was outright raped in a park one night. It's not something I talk about because it would elicit either silence or ridicule from most people I know. I'm not too troubled by it anyways and I've put it behind me. However I deeply sympathize with victims of sexual abuse and completely understand why someone wouldn't talk about it for a long period of time. In 11years I think I've told two people and I think even that was a mistake. I feel as though most people simply don't care.,news
dprv6xi,Sixth Woman Says George H.W. Bush Groped Her When She Was 16,I'm a man and I've been sexually assaulted numerous times. While it definitely happens more to women it is quite prevalent with men as well. We just don't talk about it as much.,news
dpuiiwf,Has kratom ruined boner function for anyone else?,"No problems there. I even have a little rhyme I annoy my girlfriend with to no end. 

""Red borneo make me horny-o."" : )

Smoke a little weed. It helps stimulate the libido.",kratom
dpvr28i,I was 16 years old in 1987.,And what exactly is the purpose of this bot?,blunderyears
dpvs1cj,"In Terminator 2, before confronting the SWAT Team, the Terminator puts his grenade bandolier behind his back. Because if bullets hit the grenades they'd explode and destroy him.","Tossing a cig into most gas will just put out the cigarette. Diesel is pretty hard to light in normal circumstances, unleaded will go off with an open flame, and avgas (aviation fuel) is highly flammable. If you toss a cigarette into a quantity of fuel the liquid from the fuel usually extinguishes the cigarette. (Keyword here is usually.) If you toss a burning cigarette into a pile of, say, rags soaked in unleaded there is a much higher probability of combustion.

Source: I'm a maintenance mechanic in Alaska and its part of my job to set excess/ruined gas on fire in 55 gallon drums. Probably the best part of the job, aside from the occasional free ride in various types of aircraft.",MovieDetails
dpwh7ny,$1.67 per lunch (from costco). This is how I roll.,"Actually not that much heroin. Maybe two grams tops, more like one and a half grams of heroin. That will last an addict with willpower about two days. There's a reason heroin addicts wind up on the streets. You cannot be a heroin addict and afford to rent an apartment, etc. The only people I've seen do it are people who deal the stuff and also have a job that provides a lot of disposable income, like waiter at a nice restaurant. Trust fund kids stay semi-stable sometimes, but that shit really catches up with you.",MealPrepSunday
dr4klxh,WHO IS THIS BEAUTY?!?!?!?,"Playing through the campaign right now since I live somewhere with no real wifi. All the portraits are laughably bad except for this one. Looks like she might have some decent mammaries under that uniform. The British portraits are the worst. Dear god some of them are terrible. 

That being said the Chinese campaign was a bitch! The rest are coming along fairly easily. I don't know why the Chinese campaign was labled medium.",wargame
drd9ffe,GAIA Elephant and Gold MD?,Just tried their Gold Bali which I highly reccomend. I remember the Elephant being good as well but not their best. I'm sure the mix will be fine as the Elephant is sedating.,kratom
drd9jeg,Red and Gold Bail from Gaia,Bought a bag of both just a week ago and they work great. Kratom is weird with its variety of effects. Very non linear. Its probably sonething about your personal metabolism.,kratom
du3435p,Good morning!! What’s everybody doing this weekend while enjoying your kratom?,Chugging coffee with gold bali and getting ready for work. I work in the interior of Alaska and it is not too bad today. -20 F or so. It's only when it gets to about -40 that life really starts to suck. My job is 90% outside so just gotta keep moving!,kratom
dutvy3k,He accidentally scrolled down to a thread from 6 years ago. It happens.,U,OopsDidntMeanTo
dw514do,/pol/ anon takes the ultimate redpill,"After the Great Dakota War of 1856 between the natives and Union on the one side, and the confederacy on the other, North and South Dakota were split in two as part of the peace treaty that ended the hostilities.",4chan
dw51ce3,Anon imagines Mozart playing metal,Blut Aus Nord,4chan
dwlcrct,Any reason I'm not experiencing withdrawals?,"The tramadol thing is likely a hoax or a very isolated incident. How do I know this? I am very experienced with tramadol and would recognize if kratom was laced with it. I've had kratom from 20 differwnt vendors at least, no tramadol. Also tramadol causes siezures in high doses. With the epic amounts of kratom some people take it would be pretty obvious when people were siezing up amd dying all over the place.

It's just a myth. Some kratom is a lot stronger and more potent than other strains, that is all.",quittingkratom
dwollrh,firefight in a pot field!!,A lot of these third world countries don't seem to even know about the difference between male/female cannabis. I've traveled a bit in Central America and they just toss seeds in the ground and hope for the best. I try to tell them a little effort can increase their yield exponentially but I just get funny looks. Kind of like trying to explain a car to people who just have horse-drawn carts.,CombatFootage
dwqee7l,Flying with birds onboard a microlight,"""Fly Away Home"" is a good documentary on training geese to fly with an ultralight. It's definitely adult-oriented, however.",BeAmazed
dwqfkow,Woman texting on her phone knocks over a gas canister,I met Johnny Depp on Haight street in San Francisco once. We were walking in the same direction and got into a passing conversation about guitars. He seems very preoccupied about something on his phone and forgot to look up and ran into a telephone pole. He looked confused when it happened. I bid him a good day and went on my merry way.,nononono
dwqge1k,Flying with birds onboard a microlight,The part with the dude yelling in the red speedo scarred me as a child. Definitely not for kids. And it was one of the first documentaries to be specifically about geese.,BeAmazed
dwtjtgs,Spiders test wind speed with their forelegs before balooning,"So this is the origin of the phrase ""poop chute.""",educationalgifs
dwvjucf,Another day hoping to feel something from 250mg of tramadol and 12 grams of Kratom because dry as Shit. Anyways my latest Amazon order of books .. any other readers here ? I got some ps1 games too,"Hell's Angels, good read! Check put HST's collected letters. There are two different volumes and they are every bit as good as his books.

Also be careful with trams. That shit almost gave me a seizure once in doses below 600mgs.",opiates
dwvjwva,Another day hoping to feel something from 250mg of tramadol and 12 grams of Kratom because dry as Shit. Anyways my latest Amazon order of books .. any other readers here ? I got some ps1 games too,Battlefield 1 + opiates = a good day.,opiates
dwvk6sh,I'll be well soon..,"He's never early, he's always late,
First thing you learn is you always gotta wait...",opiates
dwvoe3u,Another day hoping to feel something from 250mg of tramadol and 12 grams of Kratom because dry as Shit. Anyways my latest Amazon order of books .. any other readers here ? I got some ps1 games too,"Have you read Junky yet? Def one of the best books I've ever read. His prose and style is perfect. Can be read in one sitting for sure. I've probably read it five times. 

Check out ""Permanent Midnight."" Second best book I've read about opiate addiction, the first being Junky.",opiates
dwxsqzs,"TIL the top flying ace for the United States during World War II was Dick Bong, who shot down 40 Japanese aircraft.",Can you imagine getting really high in a plane and then having to land? I get anxiety just thinking about it.,todayilearned
dwxtqj9,Every damn morning these freeloaders expect me to feed them breakfast .,"HdeerR

ftfy",aww
