Submission_ID,Submission_Title,Submission_Text,Subreddit
45zi7g,"Hostage Rescue, Iraq War",When I was in my late teens I was homeless in San Francisco for a while. I have a look that is very attractive to gay men. I lost count of the amount of times I was sexually assaulted. I was outright raped in a park one night. It's not something I talk about because it would elicit either silence or ridicule from most people I know. I'm not too troubled by it anyways and I've put it behind me. However I deeply sympathize with victims of sexual abuse and completely understand why someone wouldn't talk about it for a long period of time. In 11years I think I've told two people and I think even that was a mistake. I feel as though most people simply don't care.,CombatFootage
478844,David Crosby-If Only I Could Remember My Name [Folk/Psychedelic] (1971),When I was in my late teens I was homeless in San Francisco for a while. I have a look that is very attractive to gay men. I lost count of the amount of times I was sexually assaulted. I was outright raped in a park one night. It's not something I talk about because it would elicit either silence or ridicule from most people I know. I'm not too troubled by it anyways and I've put it behind me. However I deeply sympathize with victims of sexual abuse and completely understand why someone wouldn't talk about it for a long period of time. In 11years I think I've told two people and I think even that was a mistake. I feel as though most people simply don't care.,listentothis
48idjo,Interesting Woodcut from the British Museum,When I was in my late teens I was homeless in San Francisco for a while. I have a look that is very attractive to gay men. I lost count of the amount of times I was sexually assaulted. I was outright raped in a park one night. It's not something I talk about because it would elicit either silence or ridicule from most people I know. I'm not too troubled by it anyways and I've put it behind me. However I deeply sympathize with victims of sexual abuse and completely understand why someone wouldn't talk about it for a long period of time. In 11years I think I've told two people and I think even that was a mistake. I feel as though most people simply don't care.,Woodcuts
5cxc9o,My story. (Day 8),When I was in my late teens I was homeless in San Francisco for a while. I have a look that is very attractive to gay men. I lost count of the amount of times I was sexually assaulted. I was outright raped in a park one night. It's not something I talk about because it would elicit either silence or ridicule from most people I know. I'm not too troubled by it anyways and I've put it behind me. However I deeply sympathize with victims of sexual abuse and completely understand why someone wouldn't talk about it for a long period of time. In 11years I think I've told two people and I think even that was a mistake. I feel as though most people simply don't care.,quittingkratom
5em735,Why no camels?,When I was in my late teens I was homeless in San Francisco for a while. I have a look that is very attractive to gay men. I lost count of the amount of times I was sexually assaulted. I was outright raped in a park one night. It's not something I talk about because it would elicit either silence or ridicule from most people I know. I'm not too troubled by it anyways and I've put it behind me. However I deeply sympathize with victims of sexual abuse and completely understand why someone wouldn't talk about it for a long period of time. In 11years I think I've told two people and I think even that was a mistake. I feel as though most people simply don't care.,battlefield_one
5qw88e,TIFU by yelling at a bear.,When I was in my late teens I was homeless in San Francisco for a while. I have a look that is very attractive to gay men. I lost count of the amount of times I was sexually assaulted. I was outright raped in a park one night. It's not something I talk about because it would elicit either silence or ridicule from most people I know. I'm not too troubled by it anyways and I've put it behind me. However I deeply sympathize with victims of sexual abuse and completely understand why someone wouldn't talk about it for a long period of time. In 11years I think I've told two people and I think even that was a mistake. I feel as though most people simply don't care.,tifu
5qworu,ELI5: What is an executive order and how much power does it give the President.,When I was in my late teens I was homeless in San Francisco for a while. I have a look that is very attractive to gay men. I lost count of the amount of times I was sexually assaulted. I was outright raped in a park one night. It's not something I talk about because it would elicit either silence or ridicule from most people I know. I'm not too troubled by it anyways and I've put it behind me. However I deeply sympathize with victims of sexual abuse and completely understand why someone wouldn't talk about it for a long period of time. In 11years I think I've told two people and I think even that was a mistake. I feel as though most people simply don't care.,explainlikeimfive
5ty54a,I never thought I would actually miss George W. Bush.,When I was in my late teens I was homeless in San Francisco for a while. I have a look that is very attractive to gay men. I lost count of the amount of times I was sexually assaulted. I was outright raped in a park one night. It's not something I talk about because it would elicit either silence or ridicule from most people I know. I'm not too troubled by it anyways and I've put it behind me. However I deeply sympathize with victims of sexual abuse and completely understand why someone wouldn't talk about it for a long period of time. In 11years I think I've told two people and I think even that was a mistake. I feel as though most people simply don't care.,Showerthoughts
6ed9z4,Anyone who sits down to use the toilet is a liar...,When I was in my late teens I was homeless in San Francisco for a while. I have a look that is very attractive to gay men. I lost count of the amount of times I was sexually assaulted. I was outright raped in a park one night. It's not something I talk about because it would elicit either silence or ridicule from most people I know. I'm not too troubled by it anyways and I've put it behind me. However I deeply sympathize with victims of sexual abuse and completely understand why someone wouldn't talk about it for a long period of time. In 11years I think I've told two people and I think even that was a mistake. I feel as though most people simply don't care.,Jokes
7d8bpj,"There should be a ""sea level club"" where people bang at the airport.",When I was in my late teens I was homeless in San Francisco for a while. I have a look that is very attractive to gay men. I lost count of the amount of times I was sexually assaulted. I was outright raped in a park one night. It's not something I talk about because it would elicit either silence or ridicule from most people I know. I'm not too troubled by it anyways and I've put it behind me. However I deeply sympathize with victims of sexual abuse and completely understand why someone wouldn't talk about it for a long period of time. In 11years I think I've told two people and I think even that was a mistake. I feel as though most people simply don't care.,Showerthoughts
