Comment_ID,Comment_Submission,Comment_Text,Subreddit
dpi5imc,Planning a 700ug LSD Trip (Questions),That's a fat dose for sure.,LSD
dpi6x84,Planning a 700ug LSD Trip (Questions),"I haven't done any for like ten years. I keep an eye out though. I miss tripping but usually my goto was four hits. I haven't EVER braved a ten strip. If I was sure of being in a great setting and having a quality product, I would. It certainly would be two days.",LSD
dpi9pul,New researcher looking for advice.,Thanks for the advice!  I don't think I will have any problems with bitcoin. I've been interested in it for quite some time as well. I've read up on some of the benzo RC's as well I might try. Lately it's been mostly Kratom i've been researching. It's cool to find a group of open minded people. It's refreshing!,researchchemicals
dpipiik,New researcher looking for advice.,"It's been helpful so far, thanks!",researchchemicals
dv4arqj,Another pair of new Ray Bans and even more Dilaudid!,"Your almost there, buddy! Lol.",opiates
dv4gp49,Another pair of new Ray Bans and even more Dilaudid!,Some days are just good for that!,opiates
dv4gq1i,Bout to be a fun rest of the weekend- nice lil Saturday score,No DOUBT!,opiates
dv53xjm,My appetizer for breakfast on this lovely rainy Saturday. Gonna start with the Morphine before I start digging into my Dilaudid or Methadone. If anyone is interested in the harm reduction steps of how to get an absolutely clean solution into a multi-use vial I could post some pics of how.,This only works for IR's not ER's correct?,opiates
dv54vhw,My appetizer for breakfast on this lovely rainy Saturday. Gonna start with the Morphine before I start digging into my Dilaudid or Methadone. If anyone is interested in the harm reduction steps of how to get an absolutely clean solution into a multi-use vial I could post some pics of how.,Very interesting. I knew there was a process to the ER's but without the proper equipment (basically your methods in general seem extremely sound) it would be dangerous. I don't possess any of it. Lol. Thanks for the heads up!,opiates
dvxorko,with all of this boofing talk I see on here....,I like Butt Drugs. Lol,opiates
dvxov2j,"Holy shit, Plugging/Boofing is great!",Lol,opiates
dvxowzs,A Pt taught me something new yesterday at work. Her secret method to combat opiate induced constipation.... females only. (This is kinda gross),Holy Shit! If I only had a Vagina...:P,opiates
dvxpbu2,Serious questions: What was jail/prison like for you? What is your best story from jail/prison that you're willing to share with /r/opiates?,"Well written account, my friend!",opiates
dwgrv1y,Tonight’s pickup,My luck sucks. Wandering L.A. and no one out but a Guatemalan guy who gave me a beer and a shot of vodka. Maybe I wander to the needle exchange and make friends in the morning. Life sucks. Enjoy!,opiates
dwgsc09,Tonight’s pickup,That sounds legit. I just got into the city so it's all cold. Cold copped some meth from craigslist though...lol. I don't ever want to do that shit again. I mean the meth. It gave me an abscess in my mouth. That's why I was looking to score! I'm going to just crash and see how things develop wandering around to the DHHR tomorrow and homeless resource areas. Cali folk seem fairly stand offish though. This place is no baltimore. Lol.,opiates
dwgslhn,Tonight’s pickup,"Karma caught up with the guy. I want to say it was deserved but he was feeding his own monkey so what can you do? Have a maximum pleasant day, sir. I'll probably end up just drinking. Who knows?",opiates
dwi5oj0,Tonight’s pickup,I think your totally right! Ehh...I need to stay on track anyway. We wouldn't be having this problem in Portugal!,opiates
