Comment_ID,Comment_Submission,Comment_Text,Subreddit
dwpxlzi,Puppy eyes,What a cutie!!,aww
dwpy6bb,"Redditors distinctly named after a pop-culture character, how do you feel about your name?",My child has the same name as a popular radio personality and someone from the Bible but was actually named after one of my great-grandparents. I’m not sure why but it slightly annoys me when people think I got the name from the radio personality.,AskReddit
dwpyt16,How much do you regret your tattoo(s)?,My ex’s ex recently got “saint” tattooed on the back of her neck. It’s supposed to read “sinner” when you look at it upside down. Someone she knows came to her house (red flag right there) and did it. Looks like a jailhouse tat. Couldn’t have happened to a better person.,AskReddit
dwpyuar,"Reddit, meet Violet and Coco - sisters just turned two years old!",Beautiful!!,aww
dwpyyqe,What late night snack food are you craving?,Chips and salsa,AskReddit
dwpz908,"Have you ever been so tired that no matter what you did, you couldn't sleep?","I have terrible insomnia. When I have nights that I don’t sleep at all, I try to catch a nap in the afternoon. If I don’t, I get too tired and can’t go to sleep that night. It becomes a never ending cycle.",AskReddit
dwpzb3u,"What's the point of not smoking?, You're gonna die anyway?","Besides the health risks, smoking gives you terrible breath and yellow teeth.",AskReddit
dwpzfm5,"Parents of Reddit, what are some remedies to help with a teething toddler?","Teething necklace. I have two children. I know each child is different, but the one who wore the teething necklace didn’t have nearly as much trouble as the one who didn’t.",AskReddit
dwpzm3d,Does this sound normal?,I understand. Been up since midnight and have to get up in about an hour. I’ve had insomnia my whole life though so it’s not unusual. My anxiety level is high right now so that’s not helping.,insomnia
dwpzogc,"Reddit, meet Violet and Coco - sisters just turned two years old!",That’s great! Sounds like you all lucked out! Rescues are the best!!,aww
dwq0i10,Why do serial killers and child killers on life sentences get love letters from women?,"""Then there's the notion of the 'perfect boyfriend'. She knows where he is at all times and she knows he's thinking about her. While she can claim that someone loves her, she does not have to endure the day-to-day issues involved in most relationships. There’s no laundry to do, no cooking for him, and no accountability to him. She can keep the fantasy charged up for a long time.""",AskReddit
dwq0k10,"What's the name of the style of pubes when you trim everything neatly, but leave all the hair on the triangle area and labia?",The nurses at my old ob/gyn’s office called it a landing strip.,TwoXChromosomes
dwq0md5,Where can I watch the rest?,All 12 seasons are on Hulu.,nypdblue
dwq0sro,"What's the name of the style of pubes when you trim everything neatly, but leave all the hair on the triangle area and labia?",Hmm. Not sure 🤔,TwoXChromosomes
dwqstqq,This touch-free handle on the door in a public restroom,Be still my heart!!,mildlyinteresting
dwqt5ga,What’s the one thing kids want more than anything else?,To feel safe and loved. That’s actually two...,AskReddit
dwucsk0,"What’s not a big deal in real life, but is a red flag in movies?",When a group splits up (as in a horror movie).,AskReddit
dwucw3l,"As a diner, what type of things are you looking for from your waiter/server when evaluating their service?",If they keep your drink refilled.,AskReddit
dwucxl1,Need Legal Advice Asap,Get a lawyer ASAP!,opiates
dwucz7n,"I bought a scratchcard, was pleasantly surprised...",Congratulations!,pics
dwvu5gs,"Redditors with no desire to travel beyond your hometown/ state/ country, why not?",I’ve always been nervous about not knowing the laws in different countries.,AskReddit
dwvvq7z,What's the most underappreciated thing we've gained from technology?,Cell phones,AskReddit
dwvx35s,"Redditors with no desire to travel beyond your hometown/ state/ country, why not?","I also have a somewhat irrational fear of not being able to get back into the country due to some type of catastrophic event, international crisis, etc.",AskReddit
dwvxosx,What's your advice to people who are going to your favorite fast food place for the first time?,Scattered smothered chunked peppered,AskReddit
dwvypi7,How is your day going?,That’s awful! I’m so sorry!,AskReddit
