Submission_ID,Submission_Title,Submission_Text,Subreddit
7kgskd,"In the 2003 comedy Stuck On You, there’s a face under the bed in the opening scene","Many of the ways the tech in black mirror behaves or affects the characters have been philosophical notions for quite some time. Many of the themes and positions at play are on problems that explore much of what has been discussed by contemporary philosophers before, specifically with the tech/mechanical/AI/ whatever else.

These include notions such as the Mind as a Program, turning hardware into software, Created Selves versus Free Will, etc/etc. Looking at it this way it’s not as unoriginal, or “recycled” or what have you as it may seem. Most of the plots explore the ramifications of these in a way that’s probably more relevant than most shows, today, but that’s just an opinion.",MovieDetails
7m6qxj,"In an even termed “revolutionary suicide,” over 900 people died in the Jonestown Massacre on November 18, 1978. Those who refused to “drink the Kool Aid” were either forcibly injected with poison or shot by guards. True to it’s terminology: they even poisoned the dog. [1080X1080]","Many of the ways the tech in black mirror behaves or affects the characters have been philosophical notions for quite some time. Many of the themes and positions at play are on problems that explore much of what has been discussed by contemporary philosophers before, specifically with the tech/mechanical/AI/ whatever else.

These include notions such as the Mind as a Program, turning hardware into software, Created Selves versus Free Will, etc/etc. Looking at it this way it’s not as unoriginal, or “recycled” or what have you as it may seem. Most of the plots explore the ramifications of these in a way that’s probably more relevant than most shows, today, but that’s just an opinion.",HistoryPorn
7oetts,What does the out-of-5 blue star rating mean in r/blackmirror?,"Many of the ways the tech in black mirror behaves or affects the characters have been philosophical notions for quite some time. Many of the themes and positions at play are on problems that explore much of what has been discussed by contemporary philosophers before, specifically with the tech/mechanical/AI/ whatever else.

These include notions such as the Mind as a Program, turning hardware into software, Created Selves versus Free Will, etc/etc. Looking at it this way it’s not as unoriginal, or “recycled” or what have you as it may seem. Most of the plots explore the ramifications of these in a way that’s probably more relevant than most shows, today, but that’s just an opinion.",AskReddit
896zpg,I’m worried about my sister. What’s the general addiction timeline look like from beginning to end?,"Many of the ways the tech in black mirror behaves or affects the characters have been philosophical notions for quite some time. Many of the themes and positions at play are on problems that explore much of what has been discussed by contemporary philosophers before, specifically with the tech/mechanical/AI/ whatever else.

These include notions such as the Mind as a Program, turning hardware into software, Created Selves versus Free Will, etc/etc. Looking at it this way it’s not as unoriginal, or “recycled” or what have you as it may seem. Most of the plots explore the ramifications of these in a way that’s probably more relevant than most shows, today, but that’s just an opinion.",opiates
