Comment_ID,Comment_Submission,Comment_Text,Subreddit
drh9dzl,Budget friendly eatery near the Fox for some special kids,"I used to work at the Broadway diner, would be a good choice, but it closed quite some time ago. The Varsity would be perfect. Or maybe split a pizza at Goodfellas?",Atlanta
drxne8z,This cat looks like it’s ready to lead the First Order in smashing the rebellion.,Slendercat!,funny
drymwds,Any of y'all need a buddy?,"Hey! I'm 27 and my husband is 28. We just moved up here and don't know many people in the area but love meeting people, drinking, DND, video games, and staring off into space!! No NYE plans either. Would love to make some new friends :)",Atlanta
dsgb7kl,What little thing can I help with?,"27 year old with long-term clinical depression. I've learned the only thing that actually helps me, is helping others. Find anything you're passionate about and figure out how it can benefit others. I've always been fascinated by neurology and I'm a sleep therapist now. It's literally my saving grace. It's hard to live for myself, but I can live to help others.

These are my favorite 

https://suicidepreventionlifeline.org/our-network/

https://www.linkedin.com/jobs/view/volunteer%3A-neurologist-at-careervillage.org-418808665

https://www.volunteermatch.org/search/org37010.jsp",Atlanta
dsgbph7,Looking for friends to attend metal concerts with!,"Seeing Whitechapel and Gwar on Halloween together 5 or 6 years ago was the best concert I've ever been to! 27, F, loves metal more than anything. Hit me up! Let's go to a show!",Atlanta
dsk5rj9,Sleep Therapist?,Ooooh!! I'm a sleep therapist! I work all the way in Gainesville but I'd be happy to answer any questions if you wanted to PM me :),Atlanta
dtk9c0n,Women be aware,Their physical description doesn't matter. They're NOT sex traffickers. Read the above comments or take two seconds to check on Google,Atlanta
du0lxtq,"I’m moving to the West Coast soon, so I painted the most Atlanta scene I could think of to remind myself of this special city. Oil on canvas, 18x24”",Also interested!! This is amazing!,Atlanta
du43opf,Just overdosed,Idk why but I always felt like you were so much safer snorting it. This really hit home for me. So glad you're safe.... that's such a small amount.... I'm really shocked.,opiates
du43vt1,Carpet Tar...,Dreamt about my ex last night and woke up NEEDING to get high just to forget about it. Fuck my subconscious :(,opiates
du44936,"Bud and The Magic Cello - An unfortanute update, a helping hand, and a missing ear?",You and your friends are cunts,opiates
dugo4h8,"/r/Atlanta Random Daily Discussion - February 18, 2018",This is amazing and I need all of them now,Atlanta
duj2u2i,Cobb woman who faked being cop for Chick-Fil-A discount indicted,This woman knows no shame,Atlanta
dujkk8z,"/r/Atlanta Random Daily Discussion - February 19, 2018",My husband did set design for that movie! I enjoyed it even more than I thought I would. Both cast and crew did an amazing job (but maybe I'm a little biased) ;),Atlanta
dv00dtp,Police make third arrest in deadly robbery at Barcelona Wine Bar,You're fucking disgusting,Atlanta
dw58bmw,I give you my ultimate Atlanta bucket-list (over 300 items including bars/food/events/outdoor activities etc),Second VideoDrome!!,Atlanta
dwnxi8y,"Girlfriend of 3 1/2 gets hooked on opiates, robs me blind.","Nobody can analyze you 3 1/2 year relationship over one Reddit post, and I don't know if she was a good person or not, but I can say that heroin fucked my life up and sent me on a path that quickly snowballed out of control doing all the things I swore I never would. I never stole money from anyone, but I truly believe if I hadn't gotten help when I did, it's something that I definitely think could have happened. I've watched heroin change my closest friends who I've known all my life 
and change them into people I barely recognize. It is an extremly powerful drug that robs its users of their morals, will to live, and sense of self. I genuinely hope things work out for the both of you, whatever you choose.",opiates
dwoarsu,A story about an overdose.,That was amazing and I need you to write more so I can read it :),opiates
