Comment_ID,Comment_Submission,Comment_Text,Subreddit
dwd7bhk,Vandalizing Corona Arch for a photo.,They are entitled. Can’t you tell?  Fucking assholes like this is what’s wrong with the world,trashy
dwdbbkk,5 days of hell - opiate withdrawal,"WhoooooooOOOOO!!!! Bully for you!!! Cold turkey is the MOST PAINFUL method, but it is also the FASTEST!! Happy birthday 🎂",Drugs
dwdp3nu,being romantic with my girlfriend.,Romance isn’t dead after all!,opiates
dwdpluw,No sympathy for the devil,Funny joke but there really isn’t a “justifiable reason to snitch” a proportionate response would be to never buy from him again and wait for the day when he hits you up because he needs to move product and make him wait for you and never show.,Stims
dwdq8ii,Plug ran out of gas on the highway,"Keep grinding!! Improvise, adapt and overcome sobriety by any means necessary",opiates
dwdsodk,No sympathy for the devil,I don’t know why some dboys instantly turn into divkwads when they have the upper-hand. If you shit on your customers they will split the second another connect is available.,Stims
dwev1hg,Crazy shit my roommate says volume 3 : hardcore edition,Picture PLEASE!,opiates
dwki83h,fucking tongue ulcers or bites or somethign,Exit wounds,Stims
dwms9jx,I’m back from detox!,Welcome back,opiates
dwsmyv1,dope porn sunrise [nsfw],Yum,opiates
dwsn961,Uh.. guys?,Wow,Stims
dwso6f9,"Finally got my fix after 3 days of nasty withdrawals. A gram of the best tar I've ever had, courtesy of the darknet. Happy nods y'all. ❤️","Nothing like the feeling of a fix when you’ve been hurting, so focused and breathing hard as you draw it up.........",opiates
dwstiro,Must be quiet,Fake sleeping is the worst,Stims
dwt610x,"Did Anyone Get Their Tax Refund Money yet? I did at 4 Am. At 4:05 i called the dboy. Didnt spend a lot, trying to cut down and save $",Party over there!,opiates
dwt68hv,A SFW Boof Time!,Yes yes,opiates
dwt6p6i,We are better than this!,"Im not defending these people but i think its funny that one girl turning tricks is ""running a brothel""",opiates
dwt769y,Last night I tried cocaine... not your typical story.,"I saw someone use a port back in the day, saves your arm from a coke beating",cocaine
dwt81qq,We are better than this!,"Oh i missed that, two hoes and a scuzzy ""boyfriend"" does qualify technically. Not exactly a Heidi Fliese type scenario",opiates
dwt8laj,We are better than this!,Awwwwwwww sad little trolls 😢😢😢 hopefully downvoting gives them the little boost they need to get through the day:),opiates
dwtb3n3,Nothing like waking up sick with a hit just waiting,Good one! The other side is that awful feeling of waking up realizing your self control failed and you junked your wake up an hour before bed. Nooooooooo,opiates
dwtcxd8,Oh boy... I've seriously done it now...,Damn son,opiates
dwtnv6x,Toot toot!! Tester for my pets nans uncle before Friday!,"Awesome looking rock, I’d hit it",Stims
dwtpssu,"GOD DAMN! Not my photo, just great H porn",Bet that smells goooood,opiates
dwtuqa3,Kinda Planning a Relapse.. But Im on Subs. Practical Advice Please,"I’ve personally wasted a lot of money/dope trying to get high when I was on subs for years..I always thought after 72 hours I’d be able to feel it and try. Never worked always disappointed. If your long term sub taker the only thing that will breakthrough before a full week is IV H/Fent . Lots of times I had percs or whatever fall in my lap and wasted then trying to lay off for 48-72hours and then take a handful and get nothing. This especially sucks because you will be hurting after 48-72 hours no sub but still not able to get high. When I detoxed this last time off subs it was miserable and 14 days off I got some tabs 10mg and took 2 and felt it. It had been so long I almost cried and was very strict with usage so I didn’t get a habit but of course I’ve gradually slid back down the slippery slope towards going back to the doctor. I REALLY don’t want to be saddled with that sub detox limbo bullshit again. This is just my experience, people are different. My answer turned into a rambling shitpost:(",opiates
dwtwxo5,I can't believe she registers with THAT (found on tumblr),The TURKEY BASTER! holy shit,opiates
