Submission_ID,Submission_Title,Submission_Text,Subreddit
7v918y,tech poor old school junkie,They are entitled. Can’t you tell?  Fucking assholes like this is what’s wrong with the world,opiates
7y7y0s,Love being a lightweight!!!!,They are entitled. Can’t you tell?  Fucking assholes like this is what’s wrong with the world,FuckingTweakers
7y834q,This comic was nothing like I hoped:(,They are entitled. Can’t you tell?  Fucking assholes like this is what’s wrong with the world,FuckingTweakers
7zrm7a,Oh the humanity!,They are entitled. Can’t you tell?  Fucking assholes like this is what’s wrong with the world,opiates
80qjv7,405,They are entitled. Can’t you tell?  Fucking assholes like this is what’s wrong with the world,dopehangouts
89swgx,DNM seclusion,They are entitled. Can’t you tell?  Fucking assholes like this is what’s wrong with the world,opiates
