Comment_ID,Comment_Submission,Comment_Text,Subreddit
dvhj6gs,"In the Mr. PoopyButthole episode they do have a bad memory with him, proving he’s real.",duh.,rickandmorty
dvnlq8y,Did anyone even order the VHS? I did lets talk. Are you impressed as I am?,do you have it now? Are u sure you ordered one?,FrankOcean
dvnlrez,"If Endless never shipped and frank put out a song where he laughs about stealing money, would you still be a fan?","yup. just chill man. Its a RECORD, you have heard AND watched. Its going to come.",FrankOcean
dvnluy5,Did anyone even order the VHS? I did lets talk. Are you impressed as I am?,hahah they said 4-6 weeks. Its late for everyone. I cant believe ppl are bitching.,FrankOcean
dvnlvja,Did anyone even order the VHS? I did lets talk. Are you impressed as I am?,chea,FrankOcean
dvnlwmp,Did anyone even order the VHS? I did lets talk. Are you impressed as I am?,how do you mean bad? It a fucking outdated technology played on OLD television. get a clue... lol,FrankOcean
dvnlzmj,Did anyone even order the VHS? I did lets talk. Are you impressed as I am?,"negative and not really open minded. Trust me. If tapes can, vhs can too. Look at record sales ya chump.",FrankOcean
dvnm0wm,Did anyone even order the VHS? I did lets talk. Are you impressed as I am?,look on ebay. 100$,FrankOcean
dvnm56u,Did anyone even order the VHS? I did lets talk. Are you impressed as I am?,"everyone in here is negative and just, pissed they dont have something that great. You guys need to learn its just musi. You are literally consumed by this, and I know it. You need to rethink what art is, and how it affects you. Money or not. I think a lot of resentment and MISSED OPPORTUNITIES have made people cunts. I dont like posting here unless im trolling.",FrankOcean
dvrj7m2,coffee and benzos help me stay alive,Addiction sucks.,benzodiazepines
dvrji0s,The Absolute BEST combo imo is..,Dulladud injectable solution. 100 16ths. Drugstore-Cowboy style. Blues baby. Maybe some clean blow. I wont EVER do blow unless it passes the gum test.,benzodiazepines
dvrjjpc,The Absolute BEST combo imo is..,"thats a good one. Get a fent patch, hit it with the blow dryer. PROPER fent.",benzodiazepines
dvrjkzy,Does kolonip make anyone tired than xanax?,dude sounds like a doctor,benzodiazepines
dvrjn2w,colors,lucky. You got at least on Cadillac there. Anything Rorche. ahhaha,benzodiazepines
dw0nvla,Well the merch is ready to ship,why do we troll ourselves.STOOPID>,FrankOcean
dw0pzys,This is the hero who stopped the shooter today at Great Mills High School,cool man!,The_Donald
dw43gb5,WTF my vet just gave my dog a infinite script for xans after two visits.,lies.,benzodiazepines
dw43iwt,WTF my vet just gave my dog a infinite script for xans after two visits.,"do some research
Dosage

Dogs - 0.01 - 0.1 mg/kg orally, taken as needed (NEVER more than 4 mg a day)
Cats - 0.125 - 0.25 mg/kg orally, taken every 12 hours

It is important to note that this is an ‘extra-label’ drug in pets, in that it has not been approved by the FDA for use in pets. However it can be prescribed legally by a vet as there is no veterinary alternative to this medication. For the best effects, behavior modification therapy should be done in conjunction with the treatment.",benzodiazepines
dw5xqru,"Google searches for Rebecca Black peak on Fridays, but this trend has been diminishing since 2014. [OC]",I just helped the algorithm,dataisbeautiful
dw7u2th,Boy being adopted asks family to dress like superheroes for adoption day. They do.,so cool,pics
dwk4qb8,BROCKHAMPTON is now under RCA Records,"sad. indie rap loses a GREAT artist. I guess you gotta get on a label to get the Grammy, like ho Kayne said to Chance the Rapper ""heard you gotta sign with a label to get that Grammy"" or whatever. But they are complex. I only knew them after them were blueface. Its like a wu tang thig, OR (ill say it) a OFWGKTA situation, group for unity, then launch each career independently of each other for MAX profit, the idea is pretty simple. If you, look at OF, they released things PERFECTLY, until BLONDE, when frank dropped it indie, instead of his last album for Island def Jam (??) but he did it without or on contract independently, HENCE no Grammy nominations for BLONDE. Music business is ugly unless you can just get past the TOP 40 hang-arounds. (JEAN GRAE IS KILLING IT SHE HAS BEEN INDIE FOR...EVER) I just look at what is popping and let my brain decide. So much past electronic to go thhru tho. Essentially all of Warp catalog and Hyper Dub, and Ninja Tune, and Def Jux, ETC forever.",hiphopheads
dwux1yg,NOOO!!! What did you dooooo!?!?!,gamecube are like worth  10$,Gamecube
dwwp94q,Appearing in court tomorrow for sentencing on first and only possession charge...,stand up for yourself if you feel it.,opiates
dwxen2n,I have never done any opiates. I've been browsing this sub for ~2 hours now.,smart  man here,opiates
dwxeq2s,It's great to see the community being supportive,its say FAG at the end. practigFAG,Bombing
