Comment_ID,Comment_Submission,Comment_Text,Subreddit
dwdcu38,44 Hours Since Last Use: STILL Not Dopesick!,The Only time I lasted that long was when I drank 270ml (1mg per 1ml) methadone.,opiates
dwdt3sq,"Four plus years of drug abuse has given me the body I've always wanted and a new found self confidence. I want to hate drugs, I want to loathe them but how can I when I'm forever thankful? Catch 22.","Well done. Just don't turn into the junkie I did who just didnt bother leaving my shitty bed. I put on 20ibs.

I'm back to normal thanks to speed.",opiates
dwdzsus,Pet scams,Yeah I was being selfish. My cat as a kid was a rescue and I loved him more than anything,Scams
dwe7mec,It's time to stop,"I hear you I know people are just Making sure we are safe but let's face it not many people give a shit about us or people doing it for the first time.

Most people I read on comment boards want the West to be the Philippines with death squads busting down our door when we are doing nothing to no one, enjoying our buzz,  cuddling with our bfor gf  and dog or cat.

They want us dead so let's look after each other even though it annoys us all too.  I say the same things but I'm drinking and doing way too many bdnzoß",opiates
dwe87b1,It's time to stop,Yeah it should obvious but I guess it's kids and it's nice that we care here not like the street or with the guy on the street on local news.,opiates
dwecnh9,Pet scams,"Yeah they also say oh I just moved. One was wiley enough to create a gmail account with a traditional name from the country I live and ádvertise it.

It's sad because an older couple may have fell for it añd post a photo where she looks like she could èI he same  nationality.  I knew 100 per cent when she kept emailing me.",Scams
dwej06q,It's time to stop,Yeah they have not tasted the Apple of druggie knowledge .,opiates
dwej9x2,It's time to stop,"Sorry i read your post in The South Park voice of the sk instructure - 'when you pizza when your supposed to French fries you're gonna have a bad time'

I don't like giving out anything mixing. I have done before and rightly got told off. But I'd be lying if I  didn't myself everyday.",opiates
dwelw65,What exactly are these white bars with XANAX on one side and a 2 on the other?!!!,Deoends where you are in NI they were bunk. Not even sweet.,benzodiazepines
dweojci,Detox time,Good luck. It's the hardest. But you got this.,opiates
dwerqpk,Don't know if I have liver failure,"Yes what the other poster said you'll be fine.  It's easy to get freaked out though. I woke my mum up bc I thought it was paracetamol poisoning but earlier I had eaten a whole bag of walnuts and their tough to digest. My liver and kidneys were fine after a bit of abuse with cwes all week. 

I've also eaten 5 500mg ones and had nothing happen but don't do that. Not a good idea. Please don't take this post and think it's ok to do that. It's not.",opiates
dwf370v,My back is killing,Wòoooow. Sorry you got them through pain management.,opiates
dwg78er,Which benzos have A better high than Xanax?,"Xanax just acts quick but usually makes me feel tired more than high.

Valium has a nice euphoria
Etizolam too.
Nitrazepam has a good buzz.
Lortemezapam beats xanax too
Clonazepam beats it too for me.

I like xanax though. Quick acting and helps if I'm tired or wired.",benzodiazepines
dwgaeeb,The Saints - Lipstick on your Collar [punk],Yeah don't hear much about them in the books written about punk. Dunno if it was bc they were Aussies and it was seen as a London/NYC scene to begin with.,Music
dwgaktw,I am A 41 Year Old Psychiatrist Who Tried (IV) Heroin,The buzz soon turns into not being sick and feeling like a normal person.,opiates
dwgaw6n,Has anyone lost the high with benzos?,So I'm fucked with them two.  I even had a break of 4 months from benzos. No real high just knocked me out now I'm up all night a week later.,benzodiazepines
dwgca09,TIL Tigers will take revenge on those who have done wrong to them. Tigers are amongst the most vengeful animals on this planet.,Holy shit!!! I'm worried now I took lots of petty revenge steps against someone truly sociopathic after they snitched on me to the cops. I knew because I fed him the false info.  I might have to snitch on him to protect my self.,todayilearned
dwgdt6f,I am A 41 Year Old Psychiatrist Who Tried (IV) Heroin,Aw man. Right? It's so shit. People even say breaks do it but I've done that. 1st time it works but after that it's the same. I would get so mad when I didn't mix. It was like I was burning cash in front of me.,opiates
dwggmhe,Cigs and benzodiazepines,Strange you have a different effect from it.,benzodiazepines
dwgh8ji,Has anyone lost the high with benzos?,Maybe I'll try them again. They're not exactly benzos too and it's been 5 years since I used it.,benzodiazepines
dwginoz,"""'it's so insane how this drug has taken hold over me.""",So sorry for the loss. It has you by the throat once your using to be a normal person but your not because srangers ask if you know if anyone is holding.,opiates
dwgl0xm,Cigs and benzodiazepines,Interesting stuff. I always like cigs with benzos and drink. Get the same 'hits you harder' feeling.,benzodiazepines
dwgle21,Cigs and benzodiazepines,Ha stating the obvious,benzodiazepines
dwglj85,Cigs and benzodiazepines,Yeah amazing on speed! Like taking another hit.,benzodiazepines
dwgm6l9,Cigs and benzodiazepines,"It's awesome with opiates. When I as addicted my pants always had cig burns in them and so did my covers.

Never tried it psychedelics. I'll admit psychedelics scare me. I'm an anxious train wreck and weed was a hell ride I won't take again. Lol.",benzodiazepines
