Submission_ID,Submission_Title,Submission_Text,Subreddit
85izu6,My revenge,The Only time I lasted that long was when I drank 270ml (1mg per 1ml) methadone.,pettyrevenge
85ll2f,Radio Birdman - Aloha Steve and Danni [punk],The Only time I lasted that long was when I drank 270ml (1mg per 1ml) methadone.,Music
85rwqy,The Lords of the New Church - Johnny Too Bad [punk],The Only time I lasted that long was when I drank 270ml (1mg per 1ml) methadone.,Music
85rylh,Barracudas - Codeine,The Only time I lasted that long was when I drank 270ml (1mg per 1ml) methadone.,opiates
85s1p5,Clean for a week,The Only time I lasted that long was when I drank 270ml (1mg per 1ml) methadone.,OpiatesRecovery
85tduu,The Dead Boys - All this and More [punk],The Only time I lasted that long was when I drank 270ml (1mg per 1ml) methadone.,Music
85wmyr,The Smiths - Some Girls are Bigger Than Others [New wave],The Only time I lasted that long was when I drank 270ml (1mg per 1ml) methadone.,Music
862h88,The Rolling Stones - Street Fightin' Man [Rock],The Only time I lasted that long was when I drank 270ml (1mg per 1ml) methadone.,Music
8638xf,The Only Ones - Out There in the Night,The Only time I lasted that long was when I drank 270ml (1mg per 1ml) methadone.,Music
867420,The Raveonettes - That Great Love Sound [indie rock,The Only time I lasted that long was when I drank 270ml (1mg per 1ml) methadone.,Music
86913t,Bo Diddly - Pills [rock],The Only time I lasted that long was when I drank 270ml (1mg per 1ml) methadone.,Music
86ll8j,clobazam - Anyone used it?,The Only time I lasted that long was when I drank 270ml (1mg per 1ml) methadone.,benzodiazepines
86lx80,Mexazolam,The Only time I lasted that long was when I drank 270ml (1mg per 1ml) methadone.,benzodiazepines
86usoj,Help retrieving contacts from my old phone,The Only time I lasted that long was when I drank 270ml (1mg per 1ml) methadone.,Android
86xl61,Are bars cool in the us?,The Only time I lasted that long was when I drank 270ml (1mg per 1ml) methadone.,benzodiazepines
86xnnb,"50mg Valium, 15mg Xanax, a gin and tonic and a fag",The Only time I lasted that long was when I drank 270ml (1mg per 1ml) methadone.,benzodiazepines
87mqya,Pet scams,The Only time I lasted that long was when I drank 270ml (1mg per 1ml) methadone.,Scams
87x68q,Has anyone lost the high with benzos?,The Only time I lasted that long was when I drank 270ml (1mg per 1ml) methadone.,benzodiazepines
87xbtg,Cigs and benzodiazepines,The Only time I lasted that long was when I drank 270ml (1mg per 1ml) methadone.,benzodiazepines
87xezs,The Saints - Lipstick on your Collar [punk],The Only time I lasted that long was when I drank 270ml (1mg per 1ml) methadone.,Music
