Comment_ID,Comment_Submission,Comment_Text,Subreddit
dwdbu1m,ITAP of a duck in front of Mary’s church on Lake Bled in Slovenia,Slovenia is so beautiful. I was there in 1993 and never forgot how lovely it was or how friendly and awesome the people are.,itookapicture
dwdf0s0,Found the PERFECT Easter gift for the kids!,Hahahahah!,funny
dwdn0bu,TIFU By offending my American teachers using Communism,"""I'm a guest in your country and I post all of the things that your country does wrong in my opinion. Even though I'm just a student, I obviously know more than the scholars paid to be my teachers at this specialized school, but hey, I've read articles! And now people don't like me at all and they treat me like I'm an entitled, know-it-all douchebag. It's so crazy!""

Yeah, weird reaction from those people.",tifu
dwdoi3l,TIFU By offending my American teachers using Communism,"Imagine you are a guest in someone's home-- they've invited you for dinner. Over dinner,  you start criticizing their food, their drapes, their furniture. They are not going to like you very much. 

Your reply above tells me you'll probably never understand.  You lack self-reflection skills. 

Maybe put down some political books and read some self-improvement and empathy-related ones instead.",tifu
dwdor92,TIFU By offending my American teachers using Communism,They've unfriended and unfollowed you IRL.,tifu
dwdrsyp,"Anyone know what ""Alice Childress"" is about?","Whoa! Thank you for this! 

Man, just when I think I've read and seen every interview, I learn something new.

Thanks again!",BenFoldsFive
dwdrvky,"Anyone know what ""Alice Childress"" is about?","Man, I'm an idiot. No idea why we didn't even think to look it up on Wikipedia. I feel like a doofus.  Thank you. 

/skulks away... :)",BenFoldsFive
dwjzmcv,ITAP of Big Ben,"Fun fact courtesy of my British grandmother: Big Ben is the name of the giant bell inside that clock tower, not the clock itself. It was customary to name very large church bells.

( With that, I still call the clock Big Ben, too. )",itookapicture
dwk0dom,ITAP of Big Ben,Wait! Is your brother my grandmother?!,itookapicture
dwk0hzx,"Learning songs in English as a non English speaker, students be like",I LOL'd.  No idea why this doesn't have more upvotes.,AdviceAnimals
dwk0nww,TIFU by leaving an uncapped pen,Seconded!,tifu
dwpcnxi,Inward singing.,And I can sing like this ALL FUCKIN' NIGHT.,funny
dwpeovt,Inward singing.,"IN! But not anymore, baby!!! 

(What's funny?)",funny
dwpf76j,Interesting article from Wired: Addiction Rehab is Broken; Can Technology Fix it?,"My doc said ""I know there are plenty of perfectly functional addicts, and we're basically making them switch to heroin when we are forced to discontinue their meds. I wish I could just prescribe people a steady (but responsible) dose of oxy, so at least they could function, go to work, not have to hustle, and not have to live in fear of getting pressed pills / fent / lord knows what."" 

MMT and bupe is essentially the same thing, but it just feels so judgy and shameful. It's nuts.",opiates
dwpfa3r,Merck Jergger,I lol'd,funny
dwpflus,Inward singing.,"There are days when my boyfriend I communicate solely in Tenacious D quotes.  My favorite is when one of us asks the other a question and the other will respond with a reeeeaaaaaalllly long pause and then say, ""Cock pushups?"" 

And every shopping list ends with ""And cherries jubilee, and that's it.""

🤘",funny
dwpk9nm,Inward singing.,I AM NOT ONE OF YOU! I COME FROM AN ANCIENT TIME!,funny
dwpklmb,"5 month Sunday, cant sleep the past 3 weeks.","The best OTC sleep aid is Unisom-- it doesn't cause insane restless legs like Benedryl (diphenhydramine) can.  

The store brand Unisom is fine, too...  just be sure to read the label and make sure the active ingredient is Doxylamine Succinate (and NOT diphenhydramine!!). Unisom comes in two formulas (as do the store brands) so you've gotta gotta gotta gotta read the label to make sure it's Doxylamine and not diphenhydramine. 

One pill works great... a 1/2 pill also works great for me, but I'm pretty teeny.  

It is an absolute lifesaver. 

Good luck!",OpiatesRecovery
dwpkmhe,"5 month Sunday, cant sleep the past 3 weeks.",Oh-- and CONGRATULATIONS on 5 months!!,OpiatesRecovery
dwt0cdc,Would you have switched to heroin if oxys were still everywhere?,"This is a really interesting question. (I don't do H so I can't answer it, but I'm interested in reading the replies.)",opiates
dwtjelu,Found in my stats textbook...,"Sing it!

PsychoAnal, qu'est-ce que c'est...",funny
dwtji6t,Uncle Stan was looking a little rough at Easter this year...,He has *seen some shit!*,funny
dwutgeh,✋🏼,Whoa! Very cool!,oddlysatisfying
dwutqmy,When you're asked to interpret Little Jon as a dance,OKAAAAAAY!!,funny
dwuu94t,TIFU: Entry Way Snacks,"I am fucking dying over ""entry way snacks."" 

Happy to hear you survived, OP. :)",tifu
