Submission_ID,Submission_Title,Submission_Text,Subreddit
2rbhds,Guinea Pig Roll Call: Any updates from you theracurmin/curcumin eaters out there?,Slovenia is so beautiful. I was there in 1993 and never forgot how lovely it was or how friendly and awesome the people are.,opiates
2zz4c3,Oxy eaters: Anyone have weird leg bruises?,Slovenia is so beautiful. I was there in 1993 and never forgot how lovely it was or how friendly and awesome the people are.,opiates
3673hl,For the ladies only... question about girl stuff,Slovenia is so beautiful. I was there in 1993 and never forgot how lovely it was or how friendly and awesome the people are.,opiates
37hsgj,Praise PST for withdrawals,Slovenia is so beautiful. I was there in 1993 and never forgot how lovely it was or how friendly and awesome the people are.,opiates
3ehu81,Dreaming you're late for work...,Slovenia is so beautiful. I was there in 1993 and never forgot how lovely it was or how friendly and awesome the people are.,Smalldelights
3fff8l,I demand more drawings from /u/PeteePickles. :),Slovenia is so beautiful. I was there in 1993 and never forgot how lovely it was or how friendly and awesome the people are.,opiates
3fn3ue,lulz,Slovenia is so beautiful. I was there in 1993 and never forgot how lovely it was or how friendly and awesome the people are.,opiates
3j8th2,Post your best/dumbest nod derps...,Slovenia is so beautiful. I was there in 1993 and never forgot how lovely it was or how friendly and awesome the people are.,opiates
3mwva7,"Not opiate related, but whatevz. You'll get it.",Slovenia is so beautiful. I was there in 1993 and never forgot how lovely it was or how friendly and awesome the people are.,opiates
3qdbx9,Has anyone with a ludicrously high recreational pill habit ever needed actual pain relief? What happened?,Slovenia is so beautiful. I was there in 1993 and never forgot how lovely it was or how friendly and awesome the people are.,opiates
4bmrx0,Legalize ALL THE THINGS (long but interesting article from Harper's),Slovenia is so beautiful. I was there in 1993 and never forgot how lovely it was or how friendly and awesome the people are.,opiates
4i654l,"If you missed it, scroll down to ""Great article on OxyContin"" and read it - - it's jaw-dropping. There's gonna be an AMA on 5/11 with the authors.",Slovenia is so beautiful. I was there in 1993 and never forgot how lovely it was or how friendly and awesome the people are.,opiates
4k0iro,TERRIFYING article about why legit pain patients are totally screwed. (Article is behind a pay wall so I give you the full text here.) (Warning: It's long but FUCKED UP and worth reading.),Slovenia is so beautiful. I was there in 1993 and never forgot how lovely it was or how friendly and awesome the people are.,opiates
4krd3q,Sweating in bed in WDs? Let's compare towel techniques and misery,Slovenia is so beautiful. I was there in 1993 and never forgot how lovely it was or how friendly and awesome the people are.,opiates
5xc54z,New favorite high snack: Clementine oranges,Slovenia is so beautiful. I was there in 1993 and never forgot how lovely it was or how friendly and awesome the people are.,opiates
65kcem,"Scary AF: 14 People In Massachusetts Suddenly Lost Their Memories. Could Heroin/Fent Be The Culprit? (Yes, I know it's Buzzfeed. Sorry.)",Slovenia is so beautiful. I was there in 1993 and never forgot how lovely it was or how friendly and awesome the people are.,opiates
68agup,We all know dope and oxy can cause the raspy/hoarse voice. What about lope? Anyone know?,Slovenia is so beautiful. I was there in 1993 and never forgot how lovely it was or how friendly and awesome the people are.,opiates
7ioewy,Watching the Watchmen,Slovenia is so beautiful. I was there in 1993 and never forgot how lovely it was or how friendly and awesome the people are.,AccidentalRenaissance
7kd6n1,M-box weight and design?,Slovenia is so beautiful. I was there in 1993 and never forgot how lovely it was or how friendly and awesome the people are.,opiates
7kpsfe,PLEASE be careful-- fake M-boxes everywhere; friend OD'ed,Slovenia is so beautiful. I was there in 1993 and never forgot how lovely it was or how friendly and awesome the people are.,opiates
7p9ppe,Promising research: Opioid withdrawal may be eased by anti-gout medication (from /r/drugnerds),Slovenia is so beautiful. I was there in 1993 and never forgot how lovely it was or how friendly and awesome the people are.,opiates
82i3tq,Really interesting (and non-judgy) article on the psychology of addiction on Vox. Enjoy!,Slovenia is so beautiful. I was there in 1993 and never forgot how lovely it was or how friendly and awesome the people are.,opiates
86e4p2,Johns Hopkins University seeks DMT psychonauts who have met machine elves (anonymous survey),Slovenia is so beautiful. I was there in 1993 and never forgot how lovely it was or how friendly and awesome the people are.,DMT
87lhlb,"Anyone know what ""Alice Childress"" is about?",Slovenia is so beautiful. I was there in 1993 and never forgot how lovely it was or how friendly and awesome the people are.,BenFoldsFive
896wuo,Interesting article from Wired: Addiction Rehab is Broken; Can Technology Fix it?,Slovenia is so beautiful. I was there in 1993 and never forgot how lovely it was or how friendly and awesome the people are.,opiates
