Comment_ID,Comment_Submission,Comment_Text,Subreddit
dr7868y,Redditors. Let's brag a bit. What did you achieve this 2017?,"I got sober off of opiates. Then I got kidney stones and a script. Then I got sober. AND THEN I GOT CANCER. Back on the opiates -.- but I'm doing well and I'm sure I won't have a problem getting sober again. 

Also, fuck cancer.",AskReddit
dr7g4rs,"Couples often joke about celebrities on their ""list"" (hall pass to sleep with). Has anyone ever had a night with someone on their list? How did the SO take it?",I just watched it for the first time with my girlfriend. Was worth,AskReddit
dr8kb39,LAST DOSE OF CHEMO DONE JUST IN TIME FOR CHRISTMAS! It’s been a looong six months,Congrats! I finish my radiation early January:),pics
dr8kc1z,LAST DOSE OF CHEMO DONE JUST IN TIME FOR CHRISTMAS! It’s been a looong six months,Mine was also every two weeks. Yay pancreatic cancer!,pics
dr8ldoc,LAST DOSE OF CHEMO DONE JUST IN TIME FOR CHRISTMAS! It’s been a looong six months,"Awee thanks! I really appreciate it. I did 4 months of chemo, now it's 5 weeks of radiation. I can't wait for January when I get a month off :D",pics
dr8ozjd,Help please with Lortab first timer,Pontiff's reply is pretty spot on,opiates
dr8xysy,Otc in colombia,$0 with good insurance,opiates
drdq4nv,I [22F] am fed up with my mother's [59F] tendency to go through my trash when she visits.,Exactly what missmegz said!!!,relationships
drdqjt5,I [26F] feel like I should stop giving rides to my [23F] coworker because of the accidental text message I received from her,"Fuck all the other people saying that you should just tell her your route has changed or some nonsense like that. If this bitch asks why you won't give her a ride anymore, stand your ground and tell her it's because she's a miserable person and nowhere near worth your kindness",relationships
drkke68,What’s a tradition that people know that is slowly fading away?,This right here,AskReddit
dua5m5h,I'm (20sM) the youngest person ever diagnosed with pancreatic cancer by the Mayo Clinic by almost 20 years! AMA,"Hey man, I don't have a question, but instead I just wanted to say fuck cancer and congratulations!!",IAmA
duw0mj3,Lost 4 friends in last 9 hours,They are,opiates
duw0w67,One of the few things that can turn a crappy Monday right around.,"Gotta love getting them prescribed :)

Jk I'd trade away all of them if my health issues went with them",opiates
duwic9c,"found a v promising lead on Whisper, so I created a Kik to keep in touch; this is my avi",You have such little self control you spend over half the day on an instant messaging app?,opiates
duwj9cb,Dealing with addiction crisis,You sound really smart,opiates
duwjg3m,"found a v promising lead on Whisper, so I created a Kik to keep in touch; this is my avi","Umm no? Maybe you should quit using it trying to sext random girls who want your money. Or trying to find drugs. Or, you know, the rest of your life is soul draining and you've been using the app for escapism. Either way, you're the one spending over half the day on an INSTANT MESSAGING APP",opiates
dwtk4k0,Over 2 grand right here,Good thing I have insurance xD,opiates
dwtmyhs,Over 2 grand right here,Literally cost me nothing but the trip to the pharmacy :),opiates
dwtn0l8,Over 2 grand right here,"I do have the 0 dollar copay, but I get OPs instead of opana unfortunately",opiates
dwtxqdj,Over 2 grand right here,There's over 240 in the bottle. At $1/mg that's 2400,opiates
dwtzzx9,Over 2 grand right here,So are you <3,opiates
dwupgln,Over 2 grand right here,I actually do have cancer,opiates
dwupkif,Over 2 grand right here,"So, where does oxy not go for $1/mg?",opiates
dwut63l,Over 2 grand right here,Damn!  Glad you have a good rl hookup,opiates
dwut7n3,Over 2 grand right here,Was that it? Or anything for short acting too?,opiates
