Submission_ID,Submission_Title,Submission_Text,Subreddit
5ipyva,Some mild porn,"I got sober off of opiates. Then I got kidney stones and a script. Then I got sober. AND THEN I GOT CANCER. Back on the opiates -.- but I'm doing well and I'm sure I won't have a problem getting sober again. 

Also, fuck cancer.",opiates
6jetnr,"""We're going to give you something for your pain and something for your itch.""","I got sober off of opiates. Then I got kidney stones and a script. Then I got sober. AND THEN I GOT CANCER. Back on the opiates -.- but I'm doing well and I'm sure I won't have a problem getting sober again. 

Also, fuck cancer.",opiates
6lqwl0,"So, on the one hand, relapse is ehhh. Idk it's kinda okay. On the other hand, fuck cancer. I'd rather be healthy","I got sober off of opiates. Then I got kidney stones and a script. Then I got sober. AND THEN I GOT CANCER. Back on the opiates -.- but I'm doing well and I'm sure I won't have a problem getting sober again. 

Also, fuck cancer.",opiates
6mqmmm,Need help finding micron filters,"I got sober off of opiates. Then I got kidney stones and a script. Then I got sober. AND THEN I GOT CANCER. Back on the opiates -.- but I'm doing well and I'm sure I won't have a problem getting sober again. 

Also, fuck cancer.",opiates
6mtjsc,Two fresh scripts :D,"I got sober off of opiates. Then I got kidney stones and a script. Then I got sober. AND THEN I GOT CANCER. Back on the opiates -.- but I'm doing well and I'm sure I won't have a problem getting sober again. 

Also, fuck cancer.",opiates
6mtr8l,Has anyone ever had a chest port? Or work in the medical field?,"I got sober off of opiates. Then I got kidney stones and a script. Then I got sober. AND THEN I GOT CANCER. Back on the opiates -.- but I'm doing well and I'm sure I won't have a problem getting sober again. 

Also, fuck cancer.",opiates
6pqka9,Missed a dilly shot,"I got sober off of opiates. Then I got kidney stones and a script. Then I got sober. AND THEN I GOT CANCER. Back on the opiates -.- but I'm doing well and I'm sure I won't have a problem getting sober again. 

Also, fuck cancer.",opiates
6pqtw6,Starting to really love my new Dr.,"I got sober off of opiates. Then I got kidney stones and a script. Then I got sober. AND THEN I GOT CANCER. Back on the opiates -.- but I'm doing well and I'm sure I won't have a problem getting sober again. 

Also, fuck cancer.",opiates
6pwr68,Anyone ever try a dilly/morphine shot?,"I got sober off of opiates. Then I got kidney stones and a script. Then I got sober. AND THEN I GOT CANCER. Back on the opiates -.- but I'm doing well and I'm sure I won't have a problem getting sober again. 

Also, fuck cancer.",opiates
6pz2xa,"Sorry, guys, I forgot to post my Morphine!","I got sober off of opiates. Then I got kidney stones and a script. Then I got sober. AND THEN I GOT CANCER. Back on the opiates -.- but I'm doing well and I'm sure I won't have a problem getting sober again. 

Also, fuck cancer.",opiates
6qvorm,Morphine 54 733 IV,"I got sober off of opiates. Then I got kidney stones and a script. Then I got sober. AND THEN I GOT CANCER. Back on the opiates -.- but I'm doing well and I'm sure I won't have a problem getting sober again. 

Also, fuck cancer.",opiates
6r7mea,"Another week, another couple scripts for this guy :D","I got sober off of opiates. Then I got kidney stones and a script. Then I got sober. AND THEN I GOT CANCER. Back on the opiates -.- but I'm doing well and I'm sure I won't have a problem getting sober again. 

Also, fuck cancer.",opiates
6tyk13,Gotta love refill day xD,"I got sober off of opiates. Then I got kidney stones and a script. Then I got sober. AND THEN I GOT CANCER. Back on the opiates -.- but I'm doing well and I'm sure I won't have a problem getting sober again. 

Also, fuck cancer.",opiates
6ulbsf,Maybe in two weeks I'll get the 80's :),"I got sober off of opiates. Then I got kidney stones and a script. Then I got sober. AND THEN I GOT CANCER. Back on the opiates -.- but I'm doing well and I'm sure I won't have a problem getting sober again. 

Also, fuck cancer.",opiates
6wdwaj,Off to the mall with my girlfriend :),"I got sober off of opiates. Then I got kidney stones and a script. Then I got sober. AND THEN I GOT CANCER. Back on the opiates -.- but I'm doing well and I'm sure I won't have a problem getting sober again. 

Also, fuck cancer.",opiates
6wtlsd,Would you get high during chemo?,"I got sober off of opiates. Then I got kidney stones and a script. Then I got sober. AND THEN I GOT CANCER. Back on the opiates -.- but I'm doing well and I'm sure I won't have a problem getting sober again. 

Also, fuck cancer.",opiates
6wvkle,Am I doing this right?,"I got sober off of opiates. Then I got kidney stones and a script. Then I got sober. AND THEN I GOT CANCER. Back on the opiates -.- but I'm doing well and I'm sure I won't have a problem getting sober again. 

Also, fuck cancer.",opiates
6xv86w,Just shot 16mg of dilly,"I got sober off of opiates. Then I got kidney stones and a script. Then I got sober. AND THEN I GOT CANCER. Back on the opiates -.- but I'm doing well and I'm sure I won't have a problem getting sober again. 

Also, fuck cancer.",opiates
6y5ixn,I fucking HATE opiates,"I got sober off of opiates. Then I got kidney stones and a script. Then I got sober. AND THEN I GOT CANCER. Back on the opiates -.- but I'm doing well and I'm sure I won't have a problem getting sober again. 

Also, fuck cancer.",opiates
6zdlp4,I did it! I fucking did it!!!,"I got sober off of opiates. Then I got kidney stones and a script. Then I got sober. AND THEN I GOT CANCER. Back on the opiates -.- but I'm doing well and I'm sure I won't have a problem getting sober again. 

Also, fuck cancer.",opiates
74skes,"Hey all, sorry it's been awhile, but I haven't been feeling too great lately :/ yay oxy, though!","I got sober off of opiates. Then I got kidney stones and a script. Then I got sober. AND THEN I GOT CANCER. Back on the opiates -.- but I'm doing well and I'm sure I won't have a problem getting sober again. 

Also, fuck cancer.",opiates
89tyhj,Over 2 grand right here,"I got sober off of opiates. Then I got kidney stones and a script. Then I got sober. AND THEN I GOT CANCER. Back on the opiates -.- but I'm doing well and I'm sure I won't have a problem getting sober again. 

Also, fuck cancer.",opiates
