Comment_ID,Comment_Submission,Comment_Text,Subreddit
dwfcrg2,Best Horchata?,I do like Guadalajara horchata.,madisonwi
dwfonyi,"With reported opiod-like effects and possible affinity, is there anyway to know if the novel chemical 3-HO-PCP would retrigger opiod withdrawals?",I guess the question I should be asking is if the reported opiate like affects are possibly from any -OR activity or if we just don't know enough to say for sure (which would also be enough to need to avoid it),AskDrugNerds
dwfs2jw,"With reported opiod-like effects and possible affinity, is there anyway to know if the novel chemical 3-HO-PCP would retrigger opiod withdrawals? (x-post from /askdrugnerds)",But how do we know that. I don't see any affinity numbers researched and most reports have a strong amount of opiod like effects.  It just seems within the realm of possibilities,researchchemicals
dwfs3kf,"With reported opiod-like effects and possible affinity, is there anyway to know if the novel chemical 3-HO-PCP would retrigger opiod withdrawals? (x-post from /askdrugnerds)",Were you ever addicted to opiods?,researchchemicals
dwfth4h,"With reported opiod-like effects and possible affinity, is there anyway to know if the novel chemical 3-HO-PCP would retrigger opiod withdrawals? (x-post from /askdrugnerds)",That's pretty reductive,researchchemicals
dwftjd2,"With reported opiod-like effects and possible affinity, is there anyway to know if the novel chemical 3-HO-PCP would retrigger opiod withdrawals? (x-post from /askdrugnerds)","But the question isn't an overdose concern, it's a 'will this trigger withdrawal' one.",researchchemicals
dwfutha,"With reported opiod-like effects and possible affinity, is there anyway to know if the novel chemical 3-HO-PCP would retrigger opiod withdrawals? (x-post from /askdrugnerds)",Im fairly senstive myself.  I'll feel several days of WD after only one dose of heroin.  Are you similar?,researchchemicals
dwfuxej,"With reported opiod-like effects and possible affinity, is there anyway to know if the novel chemical 3-HO-PCP would retrigger opiod withdrawals? (x-post from /askdrugnerds)",You're on kratom for maintenance. Hypothetical withdrawals from it would be masked by your kratom use most likely.,researchchemicals
dwfv1p9,"With reported opiod-like effects and possible affinity, is there anyway to know if the novel chemical 3-HO-PCP would retrigger opiod withdrawals? (x-post from /askdrugnerds)",Also a mg count isn't useful unfortunately.  Just because you'd be taking a small amount of it doesn't mean it couldn't have a much more potent affinity per milligram.,researchchemicals
dwg153y,"With reported opiod-like effects and possible affinity, is there anyway to know if the novel chemical 3-HO-PCP would retrigger opiod withdrawals? (x-post from /askdrugnerds)","Perhaps.  

Even if it's a very mild opiate agent it would still leave me in with withdrawal effects, where for you they're not strong enough to be noticed.",researchchemicals
dwg178h,"With reported opiod-like effects and possible affinity, is there anyway to know if the novel chemical 3-HO-PCP would retrigger opiod withdrawals? (x-post from /askdrugnerds)",Well constructed.,researchchemicals
dwgcbxt,"With reported opiod-like effects and possible affinity, is there anyway to know if the novel chemical 3-HO-PCP would retrigger opiod withdrawals? (x-post from /askdrugnerds)",Ive wrangled with that beast!  Hits you like a truck man,researchchemicals
dwhiluy,"With reported opiod-like effects and possible affinity, is there anyway to know if the novel chemical 3-HO-PCP would retrigger opiod withdrawals?",Are you asking how long the withdrawals would hypothetically last for?  Or how long before I wouldn't feel withdrawals after a single use,AskDrugNerds
dwhpo00,"With reported opiod-like effects and possible affinity, is there anyway to know if the novel chemical 3-HO-PCP would retrigger opiod withdrawals?",3hopcp probably wouldn't be acting similar to suboxone.  More so like a hypothetical low grade hyrdocodone or something,AskDrugNerds
dwhviu1,The Golden Era of DCK Has Long Been Dead and May Be Dead Until Further Notice,Supplier in china?  Seems like that could be unlikely now,DissonautUniverse
dwieghb,"I’m tapering off Xanax W/O the help of a doctor, need some advice.","No.  You can taper down to a smaller amount, but jumping off at the end no matter how small is usually the hardest part.  I think he's just trying to say that you can make it less awful.  You WILL stil feel withdrawals.

Everyone pays the piper.",Drugs
dwifr9t,Dope question,Heroin will be converted to morphine if left in a syringe in water.,opiates
dwifvnz,The Golden Era of DCK Has Long Been Dead and May Be Dead Until Further Notice,I'm not sure which chemical you're talking about,DissonautUniverse
dwihsvb,The Golden Era of DCK Has Long Been Dead and May Be Dead Until Further Notice,I responded to the wrong comment.  Someone else made a thread saying that Chinese vendors won't synth it anymore.  Just curious if the one you were talking was going to anyways,DissonautUniverse
dwisvuv,"I heard a car alarm go off, do you guys think I should post it to this sub?",I just think the car alarm could be why charter is acting a little funky for me right now,madisonwi
dwkk8yy,Update on sighting of missing Monona woman in Michigan's UP | WKOW,That's crazy.,madisonwi
dwnu32k,Specific question: do people dance at all on a week night at Wandos? Nothing else seems to have a music scene outside Thu/Fri/Sat.,Anywhere you've been that there is a crowd like that?,madisonwi
dwozwi7,Intro to Madison,Not till may,madisonwi
dws6tiw,"LPT: if you go clubbing or to concerts a lot buy yourself acoustic earplugs. They don’t muffle the sound, just get rid of the harmful frequencies. Tinnitus is something very easy to get and very hard/impossible to get rid of.","Any recommendations for someone working as a server in a noisy restaurant that are fairly low profile?

Can't have every single guest seeing orange foam coming out of my ears if I want tips.",LifeProTips
dwwe4h5,These are a LIFE SAVER when using. What’s your favorite anti-nausea medicine or remedy?,"Ondansetron works on the serotonin receptors in the gut, where as opiate related naseau is completely unrelated to that.  Basically, these won't actually help you from a real life stand point other than a placebo effect.

Just want to throw it out there if people are trying to get these.  I had a whole stash and they did nothing.  Use ginger capsules, now THAT stuff is nature's magic bullet.",opiates
