Submission_ID,Submission_Title,Submission_Text,Subreddit
47djjm,"Is there really no good way to get customer support for Coinbase? Their ""live chat"" is *seemingly* only available to accounts before their first purchase.",I do like Guadalajara horchata.,Bitcoin
49q9yt,How do you like to store your RCs?,I do like Guadalajara horchata.,researchchemicals
49tyby,Would you want 5 or 6-APB for a small group setting? Or is 5-MAPB worth trying to find?,I do like Guadalajara horchata.,researchchemicals
4kaczc,Is there a way to search 8tracks by most popular playlists with a certain song in them?,I do like Guadalajara horchata.,answers
4m9wls,Buying uncommonly colored peppers downtown?,I do like Guadalajara horchata.,madisonwi
4to3g3,Anyone else not able to get in for the past 20 minutes?,I do like Guadalajara horchata.,MadisonWIPokemonGo
5o9iv3,Does anyone else not really get cravings at all after acute WDs wear off?,I do like Guadalajara horchata.,opiates
600299,What's a good toy/material that's like clay but doesn't leave shit in your nails?,I do like Guadalajara horchata.,answers
6nfib2,"Sorry don't know where else to ask, did roll call go down for good recently?",I do like Guadalajara horchata.,opiates
6wv0az,Anyone know anything about Triple B badmitton club--or where to play badmitton?,I do like Guadalajara horchata.,madisonwi
6x4qlj,"Fellow restaurant workers, anyone think black non-slip shoes with arch support could be found around town?",I do like Guadalajara horchata.,madisonwi
6x4t4w,Anyone have any experience finding black non-slip shoes that offer arch support?,I do like Guadalajara horchata.,KitchenConfidential
6x4wpq,Anyone have experience finding good non-slip black shoes with quality arch support? (X-post from r/kitchenconfidentials),I do like Guadalajara horchata.,TalesFromYourServer
72r5js,"(Desperately looking) ""a man who does not reach what he knows to be his potential is a life not worth living at all""",I do like Guadalajara horchata.,quotes
7fqvlo,"Am I missing something? FAQ and searched, can't find anything about exchanges that accept prepaid cards.",I do like Guadalajara horchata.,BitcoinMarkets
7ftg8a,"Am I missing something? FAQ and searched, is there a market that sells bitcoin for prepaid cards?",I do like Guadalajara horchata.,btc
7slt2v,"What's the one flavor, like the lemon gummy bear, that's the worst of its crew?",I do like Guadalajara horchata.,AskReddit
7u4ad9,Any Mexican place in Madison that offers whole wheat tortillas?,I do like Guadalajara horchata.,madisonwi
80k1k8,Actual footage of my buddy trying to drive the go carts after a fat shot,I do like Guadalajara horchata.,opiates
81gmae,"Other than Liquid, are there any edm shows/concerts happening around Madison tonight?",I do like Guadalajara horchata.,madisonwi
87orh2,"With reported opiod-like effects and possible affinity, is there anyway to know if 3-HO-PCP would retrigger opiod withdrawals?",I do like Guadalajara horchata.,DrugNerds
87otic,"With reported opiod-like effects and possible affinity, is there anyway to know if the novel chemical 3-HO-PCP would retrigger opiod withdrawals?",I do like Guadalajara horchata.,AskDrugNerds
87ucws,"With reported opiod-like effects and possible affinity, is there anyway to know if the novel chemical 3-HO-PCP would retrigger opiod withdrawals? (x-post from /askdrugnerds)",I do like Guadalajara horchata.,researchchemicals
888uyz,"I heard a car alarm go off, do you guys think I should post it to this sub?",I do like Guadalajara horchata.,madisonwi
88w95s,Specific question: do people dance at all on a week night at Wandos? Nothing else seems to have a music scene outside Thu/Fri/Sat.,I do like Guadalajara horchata.,madisonwi
