Comment_ID,Comment_Submission,Comment_Text,Subreddit
dvvrriw,Today’s pickup,"I’m on the west coast, Northern California to be a little more specific. H is $40-$50 a gram here. My connect is a good friend of mine who I’ve known for some years now so I’ve always paid $40/g and if I cop in bulk he usually gives me a price break except for the rare occasion when he got taxed on the batch so can’t. So I’ll usually get 3 grams at a time which he’ll give me for $100 so I save $20 than if I was buying the grams individually. Not a huge deal but it definitely adds up over time.",opiates
dvvrug6,Today’s pickup,"Nah, a lot of the tar i get is cut with brown sugar though. That tends to be one of the most common cuts in my area but the dope has a very distinct flavor when cut with brown sugar. I’m a smoker so I can generally tell off the first hit I take, that was not the case with this batch.",opiates
dvvt1ra,My heart is broken,If you want to tell it.,opiates
dvvw1zl,Lost another of my good friends,.,opiates
dvwc9od,"I don't do opiates anymore, so this is the next best thing.","That’s because it’s only 10mg, which is very low thc content for an edible. I would recommend checking out some edibles that are around 100mg thc and seeing how your body responds to one of those, if you feel like it’s too much after trying it you can always split it into two doses",opiates
dvwik6q,"I don't do opiates anymore, so this is the next best thing.",Yes it is a real thing.,opiates
dvwin15,"I don't do opiates anymore, so this is the next best thing.",I’m aware but he said he’s having to eat more than one to feel the effects which led me to assume he’s experienced and has a reasonable tolerance and would be able to handle it.,opiates
dvz5lm6,happy birthday to myself,Happy Birthday Cap !! 🎂,opiates
dvz5qup,I’m going to rehab tomorrow!!,Good luck! Just remember you’re taking steps to better yourself.. that’s something you should be proud of.,opiates
dvza2wc,Triggers,"I’m not clean myself so I can’t give you much advice about how to deal with the triggers but I would like to say congratulations on the clean time, that’s a big deal & definitely not easy, you should be proud of yourself!",opiates
dwej198,The 4 Stages of WD,The accuracy here is too real lol  😂,opiates
dwejj9e,"Don’t use opiates often, but I can appreciate a good high. Got these beauties today after a dental procedure. Acetaminophen coated in codeine😎","Not lame at all. Simple things like relaxing watchin shows or movies on Netflix often are the best on opiates. And a little alcohol + opiates always leads to a good time. And using every now and then is a good routine try to stick to it if possible, take my word for it using everyday is not a trap you want to fall into.",opiates
dwejkiq,being romantic with my girlfriend.,Who said romance is dead?...,opiates
dwejvlh,I’m back from detox!,You got this. Remember to just take it one day at a time. Good luck!!,opiates
dwek0l9,Can't believe my luck!,Junkie Jesus 🙏🏽,opiates
dwek2a3,RIP OldRapGroup,.,opiates
dwek3ft,opiate insomnia,Yeah it’s the worst and extremely frustrating at times.,opiates
dwekzik,Can't believe my luck!,"I’ve never found an pill or opiate so I’ve yet to encounter JJ. I’ve found my own left over H that I  either forgot or lost later at times when I’m dry and hurting in the past and that definitely feels like a miracle but I don’t think that counts since it’s really just a result of my own doing, sometimes when I’m high I’ll misplace h or stash small amounts in places for later and then forget",opiates
dwicxkj,Is this tar or what? Never seen dope like this the more I breathe on it the more it melts down happy nodding!,No you’re good. Coffee is a common cut used for bth.,opiates
dwpcsc7,Prices in your state,CA $40/G,opiates
dwu6pbk,What’re your other vices?,A prison. Honey buns are a popular commissary item you can purchase in there,opiates
dwu7ntl,What’re your other vices?,I’m aware. I’ve been to jail,opiates
dwwclq7,Today’s pick up,Looks like a good time,opiates
dwwcmjq,wish my dboy would see this ad 🙄,I feel you 😂,opiates
dwwcnsu,Just copped for the first time in 7 months.,Same here at first lol,opiates
