Submission_ID,Submission_Title,Submission_Text,Subreddit
6kl6el,Since everyone's posting pics of their pets here's my baby Cookie,"I’m on the west coast, Northern California to be a little more specific. H is $40-$50 a gram here. My connect is a good friend of mine who I’ve known for some years now so I’ve always paid $40/g and if I cop in bulk he usually gives me a price break except for the rare occasion when he got taxed on the batch so can’t. So I’ll usually get 3 grams at a time which he’ll give me for $100 so I save $20 than if I was buying the grams individually. Not a huge deal but it definitely adds up over time.",opiates
7eobrm,BTH pick up,"I’m on the west coast, Northern California to be a little more specific. H is $40-$50 a gram here. My connect is a good friend of mine who I’ve known for some years now so I’ve always paid $40/g and if I cop in bulk he usually gives me a price break except for the rare occasion when he got taxed on the batch so can’t. So I’ll usually get 3 grams at a time which he’ll give me for $100 so I save $20 than if I was buying the grams individually. Not a huge deal but it definitely adds up over time.",opiates
7ewptc,"First time making ""cheese""","I’m on the west coast, Northern California to be a little more specific. H is $40-$50 a gram here. My connect is a good friend of mine who I’ve known for some years now so I’ve always paid $40/g and if I cop in bulk he usually gives me a price break except for the rare occasion when he got taxed on the batch so can’t. So I’ll usually get 3 grams at a time which he’ll give me for $100 so I save $20 than if I was buying the grams individually. Not a huge deal but it definitely adds up over time.",opiates
7gpici,BTH pickup,"I’m on the west coast, Northern California to be a little more specific. H is $40-$50 a gram here. My connect is a good friend of mine who I’ve known for some years now so I’ve always paid $40/g and if I cop in bulk he usually gives me a price break except for the rare occasion when he got taxed on the batch so can’t. So I’ll usually get 3 grams at a time which he’ll give me for $100 so I save $20 than if I was buying the grams individually. Not a huge deal but it definitely adds up over time.",opiates
7gqcl4,"Made some more ""cheese"" from tar","I’m on the west coast, Northern California to be a little more specific. H is $40-$50 a gram here. My connect is a good friend of mine who I’ve known for some years now so I’ve always paid $40/g and if I cop in bulk he usually gives me a price break except for the rare occasion when he got taxed on the batch so can’t. So I’ll usually get 3 grams at a time which he’ll give me for $100 so I save $20 than if I was buying the grams individually. Not a huge deal but it definitely adds up over time.",opiates
7l4r0y,Today’s pick up,"I’m on the west coast, Northern California to be a little more specific. H is $40-$50 a gram here. My connect is a good friend of mine who I’ve known for some years now so I’ve always paid $40/g and if I cop in bulk he usually gives me a price break except for the rare occasion when he got taxed on the batch so can’t. So I’ll usually get 3 grams at a time which he’ll give me for $100 so I save $20 than if I was buying the grams individually. Not a huge deal but it definitely adds up over time.",opiates
7np9b4,Picked up today,"I’m on the west coast, Northern California to be a little more specific. H is $40-$50 a gram here. My connect is a good friend of mine who I’ve known for some years now so I’ve always paid $40/g and if I cop in bulk he usually gives me a price break except for the rare occasion when he got taxed on the batch so can’t. So I’ll usually get 3 grams at a time which he’ll give me for $100 so I save $20 than if I was buying the grams individually. Not a huge deal but it definitely adds up over time.",opiates
7touzp,Half gram pickup of tar,"I’m on the west coast, Northern California to be a little more specific. H is $40-$50 a gram here. My connect is a good friend of mine who I’ve known for some years now so I’ve always paid $40/g and if I cop in bulk he usually gives me a price break except for the rare occasion when he got taxed on the batch so can’t. So I’ll usually get 3 grams at a time which he’ll give me for $100 so I save $20 than if I was buying the grams individually. Not a huge deal but it definitely adds up over time.",opiates
7wa82w,Bth pickup,"I’m on the west coast, Northern California to be a little more specific. H is $40-$50 a gram here. My connect is a good friend of mine who I’ve known for some years now so I’ve always paid $40/g and if I cop in bulk he usually gives me a price break except for the rare occasion when he got taxed on the batch so can’t. So I’ll usually get 3 grams at a time which he’ll give me for $100 so I save $20 than if I was buying the grams individually. Not a huge deal but it definitely adds up over time.",opiates
7wpzee,Small pickup of bth,"I’m on the west coast, Northern California to be a little more specific. H is $40-$50 a gram here. My connect is a good friend of mine who I’ve known for some years now so I’ve always paid $40/g and if I cop in bulk he usually gives me a price break except for the rare occasion when he got taxed on the batch so can’t. So I’ll usually get 3 grams at a time which he’ll give me for $100 so I save $20 than if I was buying the grams individually. Not a huge deal but it definitely adds up over time.",opiates
7wpzou,Small pickup of bth,"I’m on the west coast, Northern California to be a little more specific. H is $40-$50 a gram here. My connect is a good friend of mine who I’ve known for some years now so I’ve always paid $40/g and if I cop in bulk he usually gives me a price break except for the rare occasion when he got taxed on the batch so can’t. So I’ll usually get 3 grams at a time which he’ll give me for $100 so I save $20 than if I was buying the grams individually. Not a huge deal but it definitely adds up over time.",opiates
7zjenq,Bth pickup after a small hiatus,"I’m on the west coast, Northern California to be a little more specific. H is $40-$50 a gram here. My connect is a good friend of mine who I’ve known for some years now so I’ve always paid $40/g and if I cop in bulk he usually gives me a price break except for the rare occasion when he got taxed on the batch so can’t. So I’ll usually get 3 grams at a time which he’ll give me for $100 so I save $20 than if I was buying the grams individually. Not a huge deal but it definitely adds up over time.",opiates
80ab3w,Raw (bth),"I’m on the west coast, Northern California to be a little more specific. H is $40-$50 a gram here. My connect is a good friend of mine who I’ve known for some years now so I’ve always paid $40/g and if I cop in bulk he usually gives me a price break except for the rare occasion when he got taxed on the batch so can’t. So I’ll usually get 3 grams at a time which he’ll give me for $100 so I save $20 than if I was buying the grams individually. Not a huge deal but it definitely adds up over time.",opiates
84aszm,Bth pickup,"I’m on the west coast, Northern California to be a little more specific. H is $40-$50 a gram here. My connect is a good friend of mine who I’ve known for some years now so I’ve always paid $40/g and if I cop in bulk he usually gives me a price break except for the rare occasion when he got taxed on the batch so can’t. So I’ll usually get 3 grams at a time which he’ll give me for $100 so I save $20 than if I was buying the grams individually. Not a huge deal but it definitely adds up over time.",opiates
84sw6j,Today’s pickup,"I’m on the west coast, Northern California to be a little more specific. H is $40-$50 a gram here. My connect is a good friend of mine who I’ve known for some years now so I’ve always paid $40/g and if I cop in bulk he usually gives me a price break except for the rare occasion when he got taxed on the batch so can’t. So I’ll usually get 3 grams at a time which he’ll give me for $100 so I save $20 than if I was buying the grams individually. Not a huge deal but it definitely adds up over time.",opiates
858jcf,Question about gun powder,"I’m on the west coast, Northern California to be a little more specific. H is $40-$50 a gram here. My connect is a good friend of mine who I’ve known for some years now so I’ve always paid $40/g and if I cop in bulk he usually gives me a price break except for the rare occasion when he got taxed on the batch so can’t. So I’ll usually get 3 grams at a time which he’ll give me for $100 so I save $20 than if I was buying the grams individually. Not a huge deal but it definitely adds up over time.",opiates
