Comment_ID,Comment_Submission,Comment_Text,Subreddit
dwafhls,Getting off probation in 2 weeks. Very excited but also very worried.,Ya brotha that's exactly what I'm worried about. Wouldn't be the first time I've relapsed bc I was drunk.,opiates
dwagvl4,Getting off probation in 2 weeks. Very excited but also very worried.,I'm on suboxone right now otherwise I would,opiates
dwbvg4u,Another policy update: the community members have spoken!,"Somewhat unrelated but.. Can we make all dope porn be marked as NSFW? For one, it is not safe for work. And also there's lots of sober people here that might not want to see a big ass bag of tar.",opiates
dwc6cmg,How to make sure there’s suboxone in my pee?,"If u have no tolerance, 1mg will probably get you high. What dose is he prescribed? I'd imagine 1mg will def show up, and I wouldn't take any more than 1.5mg if you have no tolerance. Take it 24 hours before u have to pee to be safe.",opiates
dwd7j7l,Another policy update: the community members have spoken!,I don't Its just not always appropriate depending where I'm at. I suppose it was a dumb suggestion,opiates
dwda7f6,"Guy on my FB makes up story about two friends who died in terrorist attacks on two separate occasions, gets called out",How'd they find out she was faking it? Did she admit to it? It's unbelievable that someone could lie about something like that.,sadcringe
dwfwymp,Wings finds new job narrating for Google,Best meme 2018,PKA
dwhwtvb,Please: a moment of silence for our favorite producer,WHY YOU STREAM THAT SHIT?!,PKA
dwi4v1s,I am so sad about the Reddit rule changes. :(,"If there isn't aleady, someone could make a sub on voat. We could use it to freely discussed vendors and such that we can't talk about here.",kratom
dwkfrvd,The Taylor System,"Meme - 8/10
Photoshop skills - 3/10",PKA
dwkxe58,Epidemic...I feel like our government (US) couldn't of made the epidemic much worse if they tried,You would rather raise them in a country with a bunch of addicts who can't get the help they need and are treated as criminals for having health/mental health problems?,opiates
dwlo0lh,"New to reddit, Has anyone here gone long term in sobriety without being involved in continual 12 Step Programs like AA?","I feel you man, i definitely dont like a lot of NA/AA, but I do think some of the stuff they have to say can be helpful. Personally even though i don't go to meetings i try to read some of the literature and I volunteer at a homeless shelter (service work, which they highly encourage)",REDDITORSINRECOVERY
dwlp52e,Skipped a dose this morning.,"I also think it really can vary a lot from person to person, there's no doubt it can cause some uncomfortable withdrawals for some people.",kratom
dwmgu25,Suboxone for poppy seed tea hangover?,"I doubt it will be all that bad, just DO NOT take any more or it could get bad. Might feel a bit crappy, just hang in there if u do. These kinds of things can vary greatly depending on the person.",suboxone
dwmh1sn,Mmmmm 😈💦,My favorite kind of Easter eggs,opiates
dwmj025,Just owned my friend 👉😎👉,What the fricking heck??!,teenagers
dwphdjb,Does the shame of a relapse ever go away? Will I ever feel successful with my clean time again?,"When you relapse, you don't suddenly lose all of that time and knowledge you gained during that time. Sure, you're resetting it, but you should be DAMN PROUD of how long you've managed to stay sober over the years, even if you had a slip up or two. Don't let getting the chips bring you down. EVERY DAY SOBER IS A DAY WON. That's what I tell myself at the end of every day, and you should too. Today, you won my friend. That's all that matters. You be learned from your past, so now leave it where it belomgs, in the past. And go out and win the next day!!",REDDITORSINRECOVERY
dwpkqdp,Help sleeping at night,"Yes, melatonin works well for me. Also, try meditation and reading at night. Try to keep ur screen use to a minimum and get into a nightly routine before you go to bed. Also try to only use your bed for sleep (and sex). Good luck, it'll get easier to sleep as time goes on as well.",REDDITORSINRECOVERY
dwplaa8,"Need Help Please, Don't know what to do....","I would just find a different sub doctor, that's complete bullshit and super unprofessional. I know it's a pain in the ass to get a new doctor but id be worried about him cutting you off too. People are suggesting getting off it yourself but be really careful about that, you're better off doing that with doctors supervison. Good luck man.",REDDITORSINRECOVERY
dwpyova,Fixed,Bad bot,PKA
dwqjnly,My mom cracking herself up,"We did it, reddit.",oldpeoplefacebook
dwqpk1i,University Park has drug problems..,"As a recovering addict myself, I don't think anyone views it that way. Needle exchanges do wonders for increasing safety and health of IV drug users.",WTF
dwsweck,Does anyone else think college squirrels are super weird?,"Goose poop on my campus, goose poop everywhere..",college
dwswyva,Share how many days clean you are,I've been on subs a couple months and am already worried about when I have to taper off. How was it?,OpiatesRecovery
dwwxlg3,How do you deal with stress and exhaustion?,"Yes, and if anyone wants a good place to start, check out r/fitness and ready the sidebar",college
