Submission_ID,Submission_Title,Submission_Text,Subreddit
5pm0o1,"So I'm homeless, waiting in a church bathroom for everyone to leave so I can stay the night. M",Ya brotha that's exactly what I'm worried about. Wouldn't be the first time I've relapsed bc I was drunk.,opiates
634txs,Shards causing strange side effect!?,Ya brotha that's exactly what I'm worried about. Wouldn't be the first time I've relapsed bc I was drunk.,Stims
69tbkd,Can we keep clean posts in r/opiatesrecovery?,Ya brotha that's exactly what I'm worried about. Wouldn't be the first time I've relapsed bc I was drunk.,opiates
69un6c,Oxy for heroin w/d,Ya brotha that's exactly what I'm worried about. Wouldn't be the first time I've relapsed bc I was drunk.,opiates
6chxf6,How far do you go to cop?,Ya brotha that's exactly what I'm worried about. Wouldn't be the first time I've relapsed bc I was drunk.,opiates
6essbj,Has anyone else gone from IV use back to a different ROA?,Ya brotha that's exactly what I'm worried about. Wouldn't be the first time I've relapsed bc I was drunk.,opiates
6irz48,Fear of failure,Ya brotha that's exactly what I'm worried about. Wouldn't be the first time I've relapsed bc I was drunk.,opiates
6v7x9q,Roommates getting gacked. I want to give up.,Ya brotha that's exactly what I'm worried about. Wouldn't be the first time I've relapsed bc I was drunk.,opiates
76cf17,What are the best usernames you've seen on reddit?,Ya brotha that's exactly what I'm worried about. Wouldn't be the first time I've relapsed bc I was drunk.,AskReddit
76oewu,"Kratom novice here, need some advice as I'm trying to get off opiates",Ya brotha that's exactly what I'm worried about. Wouldn't be the first time I've relapsed bc I was drunk.,kratom
7mjrxu,My girlfriend [20F] broke up with me [19M] because things things were moving too fast but wants me to be in her life in a somewhat romantic way (I think?),Ya brotha that's exactly what I'm worried about. Wouldn't be the first time I've relapsed bc I was drunk.,relationships
7mnau5,"A month clean from heroin, and just got dumped. Wanting to relapse real bad..",Ya brotha that's exactly what I'm worried about. Wouldn't be the first time I've relapsed bc I was drunk.,opiates
7tf6ih,Deadlift vs Romanian deadlift?,Ya brotha that's exactly what I'm worried about. Wouldn't be the first time I've relapsed bc I was drunk.,Fitness
80yjk5,Trouble with Romanian deadlifts and some questions about metallicadpa's ppl.,Ya brotha that's exactly what I'm worried about. Wouldn't be the first time I've relapsed bc I was drunk.,Fitness
847zgp,"Been going strong for 2 months, starting to fall off",Ya brotha that's exactly what I'm worried about. Wouldn't be the first time I've relapsed bc I was drunk.,Fitness
873k28,Getting off probation in 2 weeks. Very excited but also very worried.,Ya brotha that's exactly what I'm worried about. Wouldn't be the first time I've relapsed bc I was drunk.,opiates
