Comment_ID,Comment_Submission,Comment_Text,Subreddit
duk3jb7,Just popped oxy 20 mg. What should I expect to feel?,Is this a shitpost? You've posted a few pictures about H so idk how you're curious about a 20mg,opiates
dus84n9,[GL][JP] Daily Question & Advice Megathread (2/24/2018),"Where can I see current hero rankings for GL? Also, can someone tell me a few of their favorite teams to use at the moment? Thank you :)",DissidiaFFOO
duu8pts,Pubg xbox one code,"If you haven't given it to anyone I would love to gift it to my son :)
He watches people play pubg on YouTube all the time lol",opiates
duxhbre,FML!,Socks work wonders as well 💦,opiates
duxhggp,Acetyl fentanyl - ROA,Definitely this,opiates
duxhhum,Have any of you taken out personal loans to buy dope with?,Where to you get the loans from?,opiates
duxxfs3,Pubg xbox one code,Thank you! My son was ecstatic when he saw it downloaded on our Xbox. Its going to be an awesome time playing pub with him. I appreciate you guys bunches.,opiates
duy7xd2,Pubg xbox one code,Of course :),opiates
duzzt2u,Chapter 6 was very well done imo!,Damn spoilers :0,DissidiaFFOO
dv56ygc,Bars heroin mix,It definitely makes it a bit better (for me at least). It's just a VERY dangerous combo. Good luck and happy nods :),opiates
dv5bfju,Anybody in AZ metropolitan area or east valley or Scottsdale on here?,No sourcing broman,opiates
dv68gom,fav tv show while high on dope,"The simpsons are my fav

Edit: Grammar",opiates
dvce0qr,Tell me about your 'lit' activities,"I like to play on my PC, mostly play WoW on the main monitor and watch the simpsons or south park on the other",opiates
dve2kiz,Well fack..,Happy late bday :),opiates
dve2r1q,Tell me about your 'lit' activities,"Depends on what you're doing in the game, most of the stuff you can grind while using another screen. If you haven't tried it I would recommend getting the trial version. Its free up until level 20 but still pretty fun!",opiates
dvgykfw,HELP! QUICK!,Little of both,opiates
dvm7r72,Desperately seeking Simpson clip,The Springfield connection is the episode. Marge is a cop in this one,TheSimpsons
dvm876z,Desperately seeking Simpson clip,Well they play poker at least.,TheSimpsons
dvv9upe,Lost another of my good friends,I'm so sorry for your loss,opiates
dw8j9y9,Account giveaway (repost),Recently got hacked so having this account would be amazing! Congrats to whoever wins it though :),summonerswar
dwl8tn0,What's the appeal of opiates?,Keep that mindset and never touch it again. It will be the best decision of your life.,opiates
dwqy0ky,First GB5-GB10 Team combination help,Focus on Vero before you focus on runes. You can use Reps/Mentors to help clear the story.,summonerswar
dwydlp6,Does anyone here sell their plasma? I just have a few (?s) to ask.,"I do it twice a week, I can answer any questions for ya",opiates
dwyf3a3,Does anyone here sell their plasma? I just have a few (?s) to ask.,"No, they only do if you're obviously high on something. You can't have any track marks on your arm as well.",opiates
dwyicyl,Does anyone here sell their plasma? I just have a few (?s) to ask.,"Yeah you'll be fine, make sure you drink plenty of water the day before and the day of. Also eat a nice healthy meal.
Your first time is a pretty long process (3 hours) so I would bring a good book or something.
Good luck!",opiates
