Comment_ID,Comment_Submission,Comment_Text,Subreddit
dvzarb8,[Homemade] Margherita pizza,Looking good! The only thing I'd change is adding the basil to it after cooking.,food
dvzf620,A picture tells a thousand words,Someone tell r/the_Donald to come claim their garbage.,justneckbeardthings
dvzf7yq,When you push down on the plunger.,"I'd say that it's more the other way around! For me, anyway.",opiates
dvzgt6r,Neil Young - Cortez The Killer [Hard Rock/Blues Rock],Such an underrated song. Thank you for reminding me how much I enjoy it.,Music
dw06efu,The ultimate m'lady,It's not even its final form.,justneckbeardthings
dw161xq,[I ate] Ube ice cream macaron sandwich,thicc.,food
dw3dz67,"People of Reddit, what is your profession?",I translate things de l'anglais vers le français.,AskReddit
dw3rdh9,"You now have an Australian accent, what’s the first thing you’d say?",Cunt,AskReddit
dw4wdxi,Looks like it was a fetty OD. I'm like super down abt this. For like 2 months now,A few French media articles I came across hinted that it was an intentional overdose. This one hit me harder than most. :-(,opiates
dwa1pwa,I was sitting on a train next to a hot Thai girl.,This totally deserves its stupid tag.,Jokes
dwakcop,The Huaxi Village is the richest village in China,Little boxes all the same.,pics
dwbkbol,Freshly-brewed lavender raspberry iced tea and 24mg hydromorph contin,Gotta step my game up as a pain patient - gotcha. I'll make sure to pass along your remarks to my doctor.,opiates
dwbnpg6,Freshly-brewed lavender raspberry iced tea and 24mg hydromorph contin,"You can be both an addict and a pain patient, as it turns out.",opiates
dwbp1yt,Opiates or a girlfriend,"Opiates, but tbh I'm gay so...",opiates
dwbu5ww,Opiates or a girlfriend,"Just being silly ;-). I do have a boyfriend, but I feel like my situation is a bit unusual since the bulk of my opiates are prescribed to me at very little cost. Im lucky to have a cushy job that allows me to spoil my partner and indulge myself every once in a while.",opiates
dwc2m1t,Freshly-brewed lavender raspberry iced tea and 24mg hydromorph contin,I'm actually already on fent patches - they got added to my regimen two months ago and it's made a world of difference. The toradol helps too!,opiates
dwc2v55,Freshly-brewed lavender raspberry iced tea and 24mg hydromorph contin,"I get 30 of the hydro biweekly to use on a when-needed basis, and I'll bang a few of them. It's enough to take me where I want to be, and I can't complain. I'd much rather have h on hand when I'm looking to actually get my buzz on, but it's always been hard to get in my area and the price range (20-30 a point) just isn't worth it for me.

Edit: biweekly, not weekly! My previous dilaudid prescription was weekly and I got confused.",opiates
dwk2jzl,"What everyday human activities do you expect to be exactly the same in 1,000 years as they are now?",Shitting.,AskReddit
dwk5lyl,You wake up in Donald Trump's body. What would you do to make America great again?,Drive off a cliff.,AskReddit
dwl6wao,Care packages - harm redux supplies,East.,opiates
dwljr7f,Care packages - harm redux supplies,"My bad! I meant that contributions towards shipping costs are welcome, but not necessary. Sorry if it was worded awkwardly. 

Edit: It was also geared specifically towards Canadian users unable to access what they need - I haven't had any luck shipping naloxone vials to stateside friends in the past, although someone got in touch and I'll be sending them the spray version to see if it makes it through. I can mail test strips just fine to the States, though, so get in touch if you need.",opiates
dwpulks,"Point for 25, gram for 180","Yeah, that's on par for the area.",opiates
dwr16v4,"Point for 25, gram for 180","Touché ;-) fellow MTLer, I'm assuming?",opiates
dwr3fhk,"Point for 25, gram for 180",Yeah - I'm surprised a mod didn't warn you for specifying the province you were in!,opiates
dwtjrlz,Assorted Dilaudids,Bon appétit!,opiates
