Submission_ID,Submission_Title,Submission_Text,Subreddit
6wryi9,Donald Trump's cyber-security advisers resign warning of 'insufficient attention to the growing threats',Looking good! The only thing I'd change is adding the basil to it after cooking.,worldnews
79ymjf,Manhattan incident: At least six reported dead after 'deliberate act' in New York,Looking good! The only thing I'd change is adding the basil to it after cooking.,worldnews
7q9pzd,21 Dishwashers Who Deserve A Raise,Looking good! The only thing I'd change is adding the basil to it after cooking.,WeWantPlates
7q9wjw,[Homemade] Gnocchi poutine,Looking good! The only thing I'd change is adding the basil to it after cooking.,food
7qukjx,The windshield wiper is a really nice touch,Looking good! The only thing I'd change is adding the basil to it after cooking.,pics
7rbx8z,Man charged with murdering two men from Toronto’s gay village,Looking good! The only thing I'd change is adding the basil to it after cooking.,canada
7rctj9,"Plaza St-Hubert before the awning, Montreal (1969)",Looking good! The only thing I'd change is adding the basil to it after cooking.,OldSchoolCool
7rh12l,What we know about suspected Toronto serial killer Bruce McArthur,Looking good! The only thing I'd change is adding the basil to it after cooking.,worldnews
7rid2l,Turn and face the strange: the 12 weirdest days from Trump's first year,Looking good! The only thing I'd change is adding the basil to it after cooking.,worldnews
7rimar,Evelyn Farha est décédée hier soir. Elle a consacré les 25 dernières années de sa vie à la lutte contre le VIH/sida. (Source: Page Facebook de la Fondation Farha),Looking good! The only thing I'd change is adding the basil to it after cooking.,montreal
7rw4xr,A spirit on Ghost Adventures called Post Malone “dirty”,Looking good! The only thing I'd change is adding the basil to it after cooking.,funny
7s29kt,Democrats Asked 16 Times In 24 Hours To End The Trump Shutdown And Republicans Said No,Looking good! The only thing I'd change is adding the basil to it after cooking.,worldnews
7s3fmt,"Cooks of Reddit, what ingredient is worth splurging for?",Looking good! The only thing I'd change is adding the basil to it after cooking.,AskReddit
7sgipp,Dolores O’Riordan funeral: mourners pay tribute to Cranberries singer,Looking good! The only thing I'd change is adding the basil to it after cooking.,worldnews
7sidgv,"Ursula Le Guin, master of speculative fiction, dies in Portland at age 88",Looking good! The only thing I'd change is adding the basil to it after cooking.,worldnews
7sqcee,NDP blasts reproductive-rights rules for summer jobs program,Looking good! The only thing I'd change is adding the basil to it after cooking.,canada
7ssok7,"Shot by my mom at the Tantramar Marshes, N.-B.",Looking good! The only thing I'd change is adding the basil to it after cooking.,pics
7ssrwc,They couldn't have chosen a better picture for this article regarding drug decriminalization in France.,Looking good! The only thing I'd change is adding the basil to it after cooking.,funny
7t64vd,A little something to tide me over until script day.,Looking good! The only thing I'd change is adding the basil to it after cooking.,opiates
7vuho5,Tentative de meurtre dans Hochelaga-Maisonneuve,Looking good! The only thing I'd change is adding the basil to it after cooking.,montreal
7w2ti0,Trump-backing columnist who called migrants ‘feral’ can’t leave South Africa after taking ketamine and ‘spreading racial hatred’,Looking good! The only thing I'd change is adding the basil to it after cooking.,Fuckthealtright
7w7nkb,Remains of at least 6 people found on Toronto property tied to Bruce McArthur,Looking good! The only thing I'd change is adding the basil to it after cooking.,canada
855cqf,Freshly-brewed lavender raspberry iced tea and 24mg hydromorph contin,Looking good! The only thing I'd change is adding the basil to it after cooking.,opiates
87cyuv,"Meet Trump’s New, Homophobic Public Health Quack",Looking good! The only thing I'd change is adding the basil to it after cooking.,worldnews
88ivsr,Care packages - harm redux supplies,Looking good! The only thing I'd change is adding the basil to it after cooking.,opiates
