Comment_ID,Comment_Submission,Comment_Text,Subreddit
dwes7jh,First try with cope snuff! I’m in love…,Isn't snuff supposed to go up your nose ? I'm serious. I'm kinda new to snuff.,DippingTobacco
dwfm4tz,Opinion on steam,"I don't really fuck with Steam. All it does is hold my games, something my computer can do on its own.",gaming
dwjr0ub,Kayak Apple Vs Skoal Apple?,I can't stand kayak anything. Kayak grape is probably one of the worst dips I've ever had.,chewingtobacco
dwjr2kz,Been a rough one boys!,"Right from the get go, establish subliminally that you're not trying to be just friends.",chewingtobacco
dwkau3y,My favorite season in years but.. (spoilers),I think the references were in good taste though. Bubbles referencing Michael Jackson is fitting cuz he would be the guy to listen to Michael Jackson. Remember when bubbles told Julian to make like Michael Jackson and beat it?,trailerparkboys
dwkaxol,"As a huge fan of the show, I think they need to end it after this latest season.","I was pondering this for awhile now, nd I think the show can make it without Lahey. We currently have Barb, George, Randy, Donna/Don, etc. All have potential to make good content for future episodes as the boys nemesis. It's definitely not gonna live up to The Liquor,  but I believe it could still be great and very watchable.",trailerparkboys
dwn2lz2,Funniest Moment From Season 12 **spoilers**,"One of my favorites was when  bubbles and Ricky go out to eat and Ricky says ""it's time for me to start sucking cocks"". 

Another is when Ricky is in bubbles shed eating the cat treats, and bubbles goes ""Ricky those are cat treats "" ""you're just gonna keep eating them huh?"" ""Are they expensive?""",trailerparkboys
dwnscjy,my ps4 is pretty much finally dead.,What happened to your ps4?,depression
dwnsdsx,I am the most blessed man right now.. my girlfriend surprised me with farcry 5 today. 😭😭😭,"Dude
 Your ps4 and controller is fucking dope. Was it a bundle package with far cry 5?",gaming
dwnsidk,my ps4 is pretty much finally dead.,Word. I gotta remember to keep cleaning the dust outta mine so that doesn't happen. Sorry to hear about this though. Hope things look up. Keep your head up though. Glad you're alive brotha.,depression
dwnt5pt,I am the most blessed man right now.. my girlfriend surprised me with farcry 5 today. 😭😭😭,Hahaha omg I feel stupid now. Imagine that color of a ps4 though. Vivid red. Phew,gaming
dwrqh2r,Great selection of chewing tobacco I found in a smoke shop in small town PA,"Posted this in /r/ChewingTobacco but due to low subscriber rate, didnt get many replies.

  For chew lovers, i found Chattanooga Chew,
 Lancaster, Beechnut, Levi Garrett, all flavors of Redman, Amish Chewing tobacco, and many more. I have a picture of It, but I'm not sure how to post it with text, and when I did post it in this sub, I didn't see it anywhere in the sub.

 Any opinions on any of these brands? I bought Starr Peach. It's really good, just a little dry so I added water to it and am letting it sit. One of my deceased pap's tricks.",DippingTobacco
dwrqifv,Great selection of chewing tobacco I found in a smoke shop in small town PA,Stokers is undoubtedly top-tier when it comes to long cut.,DippingTobacco
dwrr41y,"Update: I just discovered that I owe the IRS $50k that I don't have, because I traded in cryptos.","The messed up thing about this is that people are comparing this to taking out a loan for college or a car. The whole point of this post is that he came out with NOTHING. Not a car, not a degree. Nada. He pretty much fucked up.",personalfinance
dwru9mu,Great selection of chewing tobacco I found in a smoke shop in small town PA,Thanks. I'll give it a try after I finish these starr peach packs I have.,DippingTobacco
dwrxr0n,Great selection of chewing tobacco I found in a smoke shop in small town PA,"It's in the Cressona Mall. Can't remember the name of the store, but it's a small mall and as soon as you walk in the doors it'll be on your right by a lottery machine. Can't miss it.",DippingTobacco
dws1upq,Great selection of chewing tobacco I found in a smoke shop in small town PA,That sounds like an epic trip,DippingTobacco
dws1vhy,Great selection of chewing tobacco I found in a smoke shop in small town PA,Plugs are like the beef jerky stick looking tobacco right? If so yes,DippingTobacco
dwt24ch,Great selection of chewing tobacco I found in a smoke shop in small town PA,I don't recall any of that . Twist tobacco though yes,DippingTobacco
dwt256g,Great selection of chewing tobacco I found in a smoke shop in small town PA,How's the taste of that? Similar to Redman I imagine?,DippingTobacco
dwtddbv,Great selection of chewing tobacco I found in a smoke shop in small town PA,We are truly blessed by the chew gods,DippingTobacco
dwtdf0t,Great selection of chewing tobacco I found in a smoke shop in small town PA,"Straight, mint, and wintergreen",DippingTobacco
dwtl911,Great selection of chewing tobacco I found in a smoke shop in small town PA,That doesn't sound very legal.,DippingTobacco
dww4eo6,My pick today 2gs of fire bth,Nice dope and fingernails man,opiates
dwwetbe,/r/WeAreTheMusicMakers Monday Feedback Thread,"https://www.youtube.com/watch?v=jviKCTWnyEU&t=2s

New artist name ""Don Amen"" I've been using for my music. some  new rap sheeeeit. I got some vocal talent for yall",WeAreTheMusicMakers
