Submission_ID,Submission_Title,Submission_Text,Subreddit
70lsk4,Carpet surfing!,Isn't snuff supposed to go up your nose ? I'm serious. I'm kinda new to snuff.,meth
70qh8x,Supplements to combat negative side effects of suboxone?,Isn't snuff supposed to go up your nose ? I'm serious. I'm kinda new to snuff.,opiates
7237eh,New Box Mod Kit (Smok Alien Mod w/ TFv8 Baby Tank and Mr. Good Vape Sweet Lovin' Juice),Isn't snuff supposed to go up your nose ? I'm serious. I'm kinda new to snuff.,Vaping
73c79d,"Pill Porn (gabapentin 300mg, Remeron 15mg, Suboxone 8mg)",Isn't snuff supposed to go up your nose ? I'm serious. I'm kinda new to snuff.,opiates
74r27d,Bad Anxiety,Isn't snuff supposed to go up your nose ? I'm serious. I'm kinda new to snuff.,benzo
74r4he,Bad anxiety,Isn't snuff supposed to go up your nose ? I'm serious. I'm kinda new to snuff.,benzodiazepines
74sllt,Suboxone is ruining my relationship/life,Isn't snuff supposed to go up your nose ? I'm serious. I'm kinda new to snuff.,OpiatesRecovery
753tot,Not sure where to go from here....,Isn't snuff supposed to go up your nose ? I'm serious. I'm kinda new to snuff.,personalfinance
756oar,Money makes a man miserable.,Isn't snuff supposed to go up your nose ? I'm serious. I'm kinda new to snuff.,depression
7eoq8h,Mr. Good Vape Moon Sugar,Isn't snuff supposed to go up your nose ? I'm serious. I'm kinda new to snuff.,Vaping
7epamd,"I love to sleep, but hate knowing that I have to live another day.",Isn't snuff supposed to go up your nose ? I'm serious. I'm kinda new to snuff.,depression
7m35rj,Meth and Mouth Swab testing..,Isn't snuff supposed to go up your nose ? I'm serious. I'm kinda new to snuff.,Drugs
7matoh,doctor forgot to send my suboxone script in,Isn't snuff supposed to go up your nose ? I'm serious. I'm kinda new to snuff.,opiates
7pyd5p,I am Don Amen. I make songs about the law of attraction and thinking positive to make things happen. Other songs on the same Youtube account. Also beats available.,Isn't snuff supposed to go up your nose ? I'm serious. I'm kinda new to snuff.,ThisIsOurMusic
7x63fc,loading screens take away from the quality of the game...,Isn't snuff supposed to go up your nose ? I'm serious. I'm kinda new to snuff.,Guildwars2
8845vl,Starr Peach,Isn't snuff supposed to go up your nose ? I'm serious. I'm kinda new to snuff.,DippingTobacco
89l7so,Great selection of chewing tobacco I found in a smoke shop in small town PA,Isn't snuff supposed to go up your nose ? I'm serious. I'm kinda new to snuff.,DippingTobacco
89uose,I did a greasy review of Starr Peach. I guess I'm starting a review series.,Isn't snuff supposed to go up your nose ? I'm serious. I'm kinda new to snuff.,DippingTobacco
