Submission_ID,Submission_Title,Submission_Text,Subreddit
6nuh6l,Looking for a group to complete Tower of Orthanc T2C with on Landroval,"While I don't have any advice to give, I just wanted to say that you're an incredibly strong person and I'm sorry that life is being so ridiculous and unfair right now. I'd give you a hug if I could!!",lotro
6oc8hl,"Please help me, I'm terrified of having to go to my first prenatal visit, and I'm scared I won't be able to go through with this...","While I don't have any advice to give, I just wanted to say that you're an incredibly strong person and I'm sorry that life is being so ridiculous and unfair right now. I'd give you a hug if I could!!",BabyBumps
6urq67,Help! I'm considering entering a detox program to help me get off my sub maintenance. Found out I was pregnant and got down to ~1mg/day on my own and now I feel stuck. Scared to do this on my own and looking into medical detox programs. Advice?,"While I don't have any advice to give, I just wanted to say that you're an incredibly strong person and I'm sorry that life is being so ridiculous and unfair right now. I'd give you a hug if I could!!",OpiatesRecovery
6wnecu,[event] Trading GameStop Code for Salazzle in exchange for Pokémon (details inside),"While I don't have any advice to give, I just wanted to say that you're an incredibly strong person and I'm sorry that life is being so ridiculous and unfair right now. I'd give you a hug if I could!!",pokemontrades
7d1lez,"Bad abdominal pain and some blood discharge, don't know what to do","While I don't have any advice to give, I just wanted to say that you're an incredibly strong person and I'm sorry that life is being so ridiculous and unfair right now. I'd give you a hug if I could!!",BabyBumps
7l3rge,Starting to finally feel like myself again,"While I don't have any advice to give, I just wanted to say that you're an incredibly strong person and I'm sorry that life is being so ridiculous and unfair right now. I'd give you a hug if I could!!",OpiatesRecovery
89hi5t,What happened to the subreddit where people helped others by sending out Kratom to those who needed it?,"While I don't have any advice to give, I just wanted to say that you're an incredibly strong person and I'm sorry that life is being so ridiculous and unfair right now. I'd give you a hug if I could!!",kratom
89iamm,"Realistically, what kind of withdrawal symptoms can I reasonably expect?","While I don't have any advice to give, I just wanted to say that you're an incredibly strong person and I'm sorry that life is being so ridiculous and unfair right now. I'd give you a hug if I could!!",kratom
