Submission_ID,Submission_Title,Submission_Text,Subreddit
2oqapl,Is this what I think it is?,I'm just sad I couldn't see the text before the edit :P,aviation
2q115a,H E L P,I'm just sad I couldn't see the text before the edit :P,Braveryjerk
2r2ics,Last night could have ended better....,I'm just sad I couldn't see the text before the edit :P,MechanicalKeyboards
2tekal,ZERO FUCKS FRIDAY,I'm just sad I couldn't see the text before the edit :P,SquaredCircle
30zgfl,Went to the gas station and got to see a double rainbow!,I'm just sad I couldn't see the text before the edit :P,pics
32ah1v,[TOMT] Guy with bird head shitting blood?,I'm just sad I couldn't see the text before the edit :P,tipofmytongue
4bk6m3,Home Visit?,I'm just sad I couldn't see the text before the edit :P,army
4hug0r,Sorry for the potato quality but skywest had a unusual visitor spend the night!,I'm just sad I couldn't see the text before the edit :P,aviation
4nyu16,First AR!! Ruger AR-556,I'm just sad I couldn't see the text before the edit :P,guns
6f98rp,Looking for someone to ride Trestle bike park with this coming weekend.,I'm just sad I couldn't see the text before the edit :P,MTB
76ravg,Looking for employment.,I'm just sad I couldn't see the text before the edit :P,ColoradoSprings
77gmu2,My Little Derp,I'm just sad I couldn't see the text before the edit :P,aww
82yrw2,BURNED COLD COPPING.....,I'm just sad I couldn't see the text before the edit :P,opiates
