Comment_ID,Comment_Submission,Comment_Text,Subreddit
deq5pdb,Real Wock (reference for another user),now this that real purple pink!,lean
deq61uc,RIGS - corporate villainy,real nice character work!,Bombing
df5fkin,[Story][Long] From alcohol and potential homelessness to running races and astronauts.,"""I'm come to realize that a lot about alcohol is just pursuit of experiences that aren't really based in reality and then the excuses to continue to pursue them. "" woahh... this hits such a home run!! might have to use your quote sometime hahah",GetMotivated
dis7o2y,Rip big TRIGZ...,What happened TKO? TLOKS and them?,Bombing
disook3,Rip big TRIGZ...,Are they still around? Havent seen or heard of em in years. Tloks had the sickest throwies,Bombing
djcgdyw,Just got my script filled :)))),Completely stopped taking/filling any opiates.. i will most likely take 4! Missing the nods tbh,opiates
djch1vw,Just got my script filled :)))),I agree! Knowing youre about to be nodding off and feeling extra warm! My favorite hahahaha,opiates
dmrl89e,What a grate idea!,Tripping so bad on shrooms rn and this seems fucking amzing lmfaooooo,interestingasfuck
dqjiqun,Buying BTC,"Ahhhh got it! Thanks so much for the advice though, appreciate it greatly!",btc
dqjittj,Buying BTC,I like this advicd as I was going to go ahead and buyva bitcoin as soon as if fluctuated down to 7-8k.. what are your thoughts on that instead?,btc
dqjj315,Buying BTC,Also wouldnt this mean id be risking buying 200$ worth of btc any given week due to the fluctuations?? *edit* as in id be buying high,btc
dqjjnxc,Buying BTC,"Thank you so much for this advice, I totally understand where you are coming from. In other words, just do it so kater you arent like, ""i shouldve"". I will be definitely be investing sometime and money into this! Appreciate your advice kind human!",btc
dqlw6ir,My uncle and his partner went on a cross country road trip and got married. They made a pit stop at Westboro Baptist Church along the way.,When all 3 top stories on front page involve their uncle hahahaha,pics
dqlw75d,"So my uncle set up a doorbell camera... This is what he got notified of, via text, while he was at work on its first day in use. It's his neighbor..",When all 3 top stories on front page involve their uncles hhahahah,funny
dqlw7tl,This piece of art by my Uncle hurts my head.,Coincidence? Top 3 stories on the front page involve their uncle hahahah,woahdude
dqnz8gq,Just picked up some Gucci Bambi glitter sneakers.. any other luxury shoe suggestions?,Ill be checking those out. Anything with good buttery leather is what Im looking for. Got these just for looks lol thinking about some SLP but the silhouettes they carry are mehh imho,Sneakers
dqnzadc,Just picked up some Gucci Bambi glitter sneakers.. any other luxury shoe suggestions?,"Yesss CP!! Hows the leather on that. Love the minimalistic approach, have my eyes on those or some margiela replica lowtops, very adida samba w the buttery leather
edit:spelling",Sneakers
dqnzgh9,Just picked up some Gucci Bambi glitter sneakers.. any other luxury shoe suggestions?,"Bruhh the triple s looks sooo ugly imo lmfao I cant w all that going on man. Even the speedracers or wtv, the sock ones lol, those r lowkey weird looking imo.. Been eyeing some Chanel shoes.. the shoes you suggestes are rly nice and simple man, love the color schemes, def checking those out in depth",Sneakers
dqo0lg0,Just picked up some Gucci Bambi glitter sneakers.. any other luxury shoe suggestions?,Ill be checking out their models,Sneakers
dqpmhm7,"If this get 1,000 upvotes, I will give a Garlic Bread Dating Simulator beta key to EVERYONE who comments (#2)",Plzzz,GarlicBreadMemes
ds0bczh,La flame for ya'll,"Hardly any of the luxurious sneakers are perse comfortable, but I mean they arent bad at all. Comparable to a regular sneaker tbh",Sneakers
dsipy5l,Distressed Levi's Jordan 4,Id pay good money for this exact custom on those 4s..,Sneakers
dwpnw9e,Question: Mixing Tramadol and Codeine,"Ya i know, its all i had in hand and just mixed it w that bit over an oz of prometh w cod~ 80mg of codeine. Ive got high tolerance for opiates, i should be cool right?",opiates
dwpoa63,Question: Mixing Tramadol and Codeine,Thanks for your input! Appreciate it,opiates
dwq849x,Question: Mixing Tramadol and Codeine,"That was my worry, but It was good! Wouldn't recommend doing it though, just bc of the seizure risk..",opiates
