Submission_ID,Submission_Title,Submission_Text,Subreddit
6g4j1a,[FRESH] LNDN DRGS- FANTASY ISLAND / prod.The Alchemist,now this that real purple pink!,hiphopheads
7ghf2u,Buying BTC,now this that real purple pink!,btc
7gjis3,BTC Investing,now this that real purple pink!,BitcoinMarkets
7h471m,Just picked up some Gucci Bambi glitter sneakers.. any other luxury shoe suggestions?,now this that real purple pink!,Sneakers
7ythxt,"(LF) JORDAN 8 x OVO US size 8, White or Black colorway",now this that real purple pink!,sneakermarket
8998y1,Question: Mixing Tramadol and Codeine,now this that real purple pink!,opiates
