Comment_ID,Comment_Submission,Comment_Text,Subreddit
dwuhcpg,[SPOILERS] faaack,"Let the downvotes rain!!!!

Dicks",gameofthrones
dwuhejd,"Just found a photo of my grandparents, 1939",So you're rich then?,OldSchoolCool
dwuhhgy,A$$ banana,"I doubt she wrote a similar piece about Obama when he was in office. Taken 5 million dollar vacations once a month.

Hypocrisy",WhitePeopleTwitter
dwujgvb,"Just found a photo of my grandparents, 1939",Hitler was loooooaaaaded!,OldSchoolCool
dwujknx,A$$ banana,"Every president bleeds through our tax dollars via personal use. The fact that none of you see the similarities between the two is paramount to your ignorance. 

Thanks for the laugh. Idiots",WhitePeopleTwitter
dwuq1pt,A$$ banana,Come at me bro,WhitePeopleTwitter
dwuq7fz,When the King Of Monsters met the Gods Of Rock (1978-backstage at Budokan-Japan),"Kiss gets all dressed up, looking tough and they get on stage and just suck.",OldSchoolCool
dwur5ay,Going to be flying with ~23 Oxy blues. Planning to just put them in a Tylenol bottle. Is it okay check that bottle with my luggage or do I need to carry it on for some reason?,Do like George In Blow and fill your suitcase with women's underwear and tell them you're a cross dresser.,opiates
dwurfyx,A$$ banana,"For the record I'm not saying one is worse than the other. I'm saying they both took a shit load of vacations on the tax payers dime. To bitch about one and not the other is ridiculous and one sided.

Obama took 328 days of vacation in 8 years. Plenty of sources to back that up. Google is your friend.",WhitePeopleTwitter
dwut1ia,A$$ banana,"So let me get this straight, you're ok with Obama's vacationing but not Trump??

It's excessive on both parts. W took more than both of them btw.",WhitePeopleTwitter
dwv0ed8,A$$ banana,You're just trolling at this point.,WhitePeopleTwitter
dwv0ium,When the King Of Monsters met the Gods Of Rock (1978-backstage at Budokan-Japan),They don't have one good song and they're embarrassing.,OldSchoolCool
dwv9tt9,A$$ banana,"Who are you talking to, bruh??",WhitePeopleTwitter
dwvgz43,When the King Of Monsters met the Gods Of Rock (1978-backstage at Budokan-Japan),"What's really sad is that you take the Internet so seriously that you let me get under your skin because I think Kiss sucks and you felt the need to dig through my posts and attempt to get to me by claiming I'm an addict. 

Get a life, seriously. There's more to life than getting your feelings hurt over a band that wears make up and high heels.

Keep your chin up though.",OldSchoolCool
dwvk0jn,When the King Of Monsters met the Gods Of Rock (1978-backstage at Budokan-Japan),"Haha dude you're an idiot. Nice try. 

Grow up.",OldSchoolCool
dwvnyaj,List of Academy Award Winners for Most Racist by race in America since the Declaration of Independence.,Ok we get it.,WhitePeopleTwitter
dww9jax,TIL people during the American Civil Rights movement of the 50s and 60s were encouraged to march in their finest clothes so as to reframe the very idea of what a disrupter looked like.,Then street gear took over.,todayilearned
dww9pde,TIL people during the American Civil Rights movement of the 50s and 60s were encouraged to march in their finest clothes so as to reframe the very idea of what a disrupter looked like.,Was that a law or did the store just refuse to sell?,todayilearned
dwwa3qy,Does this count?,What did the owner say?,trashy
dwwa6u1,"President Lyndon Johnson with long hair and sideburns, 1972",A staunch racist,OldSchoolCool
dwwa8vz,My mom (bottom right) and three of her 14 siblings on my Aunt Frankie’s (bottom left) 7th birthday,Grandma was quite the brood mare,OldSchoolCool
dwwgsjt,"President Lyndon Johnson with long hair and sideburns, 1972","Yes, very racist. One of the most famous quotes of all time was his quote about his adoption of the welfare system. He said the N word a lot. Here's a source, a liberal source no doubt too. That's your own left claiming these facts, not the right.

https://www.google.com/amp/www.msnbc.com/msnbc/lyndon-johnson-civil-rights-racism/amp

You like apples??",OldSchoolCool
dwwgvsg,Okay...WHO WANTS FRIED CHICKEN?,Diet humor? I guess you have to be deeply involved i this stuff to rofl.,WhitePeopleTwitter
dwwgy18,A man who knows what he wants,One day maybe he'll connect that scum stash to those neck chops.,trashy
dwwgzq1,Facebook is advertising crack pipes now...,Totally a meth pipe.,trashy
