Submission_ID,Submission_Title,Submission_Text,Subreddit
6vh6z4,Problem going back to oral from snorting,"Let the downvotes rain!!!!

Dicks",opiates
6zopet,Flawless Fake Press Mbox 30's?,"Let the downvotes rain!!!!

Dicks",opiates
6zpj35,Flawless Fake Press Mbox 30's??,"Let the downvotes rain!!!!

Dicks",opiates
7186o0,Growing poppies for personal heroin supply?,"Let the downvotes rain!!!!

Dicks",opiates
7o2hen,Beating an epic Oxycodone Habit with Kratom,"Let the downvotes rain!!!!

Dicks",opiates
81glk1,The Last 30,"Let the downvotes rain!!!!

Dicks",opiates
83a8b1,Can't get high,"Let the downvotes rain!!!!

Dicks",opiates
85c4gd,Question about fake opium we used to get years ago,"Let the downvotes rain!!!!

Dicks",opiates
8692xh,Cumming inside a hairy pussy,"Let the downvotes rain!!!!

Dicks",Breeding
891esw,Location in my area not honoring bet,"Let the downvotes rain!!!!

Dicks",LittleCaesars
89y7a7,Can't sleep. Anyone wanna hit some 30's with me???,"Let the downvotes rain!!!!

Dicks",opiates
