Comment_ID,Comment_Submission,Comment_Text,Subreddit
dwnj8ps,[META] Do you keep track of people you rejected?,"It's an extension on desktop. Visit /r/enhancement and you can tag usernames permanently, filter reposts, and other shit",dirtypenpals
dwnjfnd,RES Desktop Redesign Status,"Wow man so every photo you look at, you resize to fit your screen? Maybe your monitor is just wack.",Enhancement
dwoxfgp,Ryan goes the extra mile for Far Cry 5,Must be hard being a pussy,roosterteeth
dwoxnfw,"BARBCEPTION: Apparently Barbara saw my last cringeworthy post, maybe she'll see this one too",I'm assuming because her tits aren't out. I might be wrong but I cringed at this photo when I realized I couldn't rub one out to it.,roosterteeth
dwoyvni,What do you think about guys looking for beautiful tits rather than looking for a beautiful mind?,I wish more people on this website could grasp this. Are you a genius or something,AskWomen
dwp1rtm,"BARBCEPTION: Apparently Barbara saw my last cringeworthy post, maybe she'll see this one too",Hey buddy different strokes for different folks.,roosterteeth
dwp4phe,"BARBCEPTION: Apparently Barbara saw my last cringeworthy post, maybe she'll see this one too",How's married life treating you? I recently got married myself,roosterteeth
dwp8fiw,"BARBCEPTION: Apparently Barbara saw my last cringeworthy post, maybe she'll see this one too","She is actually a Queen, very wealthy family.",roosterteeth
dwp9cco,"BARBCEPTION: Apparently Barbara saw my last cringeworthy post, maybe she'll see this one too",wow guys I thought this was r/cootermeat sorry Rachel,roosterteeth
dwpjmxa,The 1% grabbed 82% of all wealth created in 2017,Hey man. I hate to tell you but your comment doesn't align with this nonpartisan sub's political ideology. All you can do is keep the comment section W0KE and not let the downtoots discourage you,worldnews
dwpkm93,"While the normies are out buying Far Cry 5 for $70, I'm headed back to my log cabin to get this magical experience for $10",As a real Nigga I can tell u that it has something to do with being a normboi,Gamingcirclejerk
dwpkn68,"While the normies are out buying Far Cry 5 for $70, I'm headed back to my log cabin to get this magical experience for $10",Chill nig,Gamingcirclejerk
dwplsss,"Don't really have anyone in my life to share the good news with, so here goes.. I GOT A JOB!","No offense, but you are a textbook hypochondriac. My mother was one while I was growing up, and if you don't become self aware you will kill yourself with all of the worry and pointless medicines. She died unexpectedly from a pharmaceutical reaction that her doctor was unaware of. Please don't blow me off, go see a Neurologist and tell him what you're going through.",CasualConversation
dwqd4n8,"While the normies are out buying Far Cry 5 for $70, I'm headed back to my log cabin to get this magical experience for $10",But it's 93 octane,Gamingcirclejerk
dwrf02t,I've found something incredible in my grandfather's garage,Trump is living rent free in your mind. Sad,gifs
dwrl9dd,What is your pets actual name and how many other names do you call it?,do you pronounce miss and ms. differently?,AskReddit
dwrln25,I've found something incredible in my grandfather's garage,Dude edited his comment... I think he got butt hurt,gifs
dwtz3tw,"""Where do you get your protein?"" Me: ""Same place I get my fiber""",Seriously?,vegan
dwuubdl,"""Where do you get your protein?"" Me: ""Same place I get my fiber""",You really believe that bees are being enslaved? Bees?,vegan
dww3ob4,TIL people during the American Civil Rights movement of the 50s and 60s were encouraged to march in their finest clothes so as to reframe the very idea of what a disrupter looked like.,"No source, just Reddit's daily collection of political bullshit and assumptions. The site is being taken over by high schoolers",todayilearned
dww3ysm,The U.S coast gets destroyed every single year from now on,This is silly. Do you know anything about the coast? Specifically the east coast or Gulf coast? Just wondering.,collapse
dwwekyo,OH MY SIDES! Oregon Governor Kate Brown says she'll refuse to send National Guard troops to the border - OREGON IS NOT A BORDER STATE!,Oregon smh,The_Donald
dwxb5ry,Mueller investigating whether Russians funded Trump: Report,This subreddit is a breeding ground for emotion based politics,politics
dwy47wv,Mark Zuckerberg offers a heart felt apology for the recent data breaches at Facebook.,This is fucking great. T_D is my go to for organic quality content like this. The left can't meme for shit haha,The_Donald
dwya3ca,I tried to follow a Bob Ross video on a smaller canvas.,Are you an artist or what? This is amazing for the amount of surface you had to work with.,pics
