Submission_ID,Submission_Title,Submission_Text,Subreddit
3b3cs0,Just hanging out on the beach.,"It's an extension on desktop. Visit /r/enhancement and you can tag usernames permanently, filter reposts, and other shit",WTF
3sycg3,"Sunset in Orange Beach, AL.","It's an extension on desktop. Visit /r/enhancement and you can tag usernames permanently, filter reposts, and other shit",pics
7vtbn8,These countries aren't shitholes at all!!,"It's an extension on desktop. Visit /r/enhancement and you can tag usernames permanently, filter reposts, and other shit",The_Donald
7vtmy4,"KOREANS FOR TRUMP, KOREANS FOR TRUMP!!!!!! 🌶🌶🖕🏼🖕🏼😎🖕🏼🖕🏼🌶🌶😈😈😈😈🐸🐸🌊🇰🇷🇰🇷🇰🇷🇰🇷🇰🇷🇰🇷🇰🇷","It's an extension on desktop. Visit /r/enhancement and you can tag usernames permanently, filter reposts, and other shit",The_Donald
7w0vcm,"👀👀 LOOK AT THE TIME ⏰ - The low energy communists have joined us for a downvote brigade, let's welcome them with a low-quality Pepe!!!","It's an extension on desktop. Visit /r/enhancement and you can tag usernames permanently, filter reposts, and other shit",The_Donald
7w187q,"Adam Schiff murdering the Grand Ole Party, as usual.","It's an extension on desktop. Visit /r/enhancement and you can tag usernames permanently, filter reposts, and other shit",MurderedByWords
7wj3wj,"💥💥NOW BATTING ⚾️ FOR THE UNITED 🇺🇸STATES 🇺🇸OF 🇺🇸AMERICA 🇺🇸, DONALD ""the great emperor"" TRUMP, coming to the plate with AN ASTOUNDING .1000 batting average!🔥🔥🔥🔥🐸🐸🌊🌊🌊🌊","It's an extension on desktop. Visit /r/enhancement and you can tag usernames permanently, filter reposts, and other shit",The_Donald
7xbbrt,Johnny dang in the house,"It's an extension on desktop. Visit /r/enhancement and you can tag usernames permanently, filter reposts, and other shit",CSSisGayHowDevHelp
7xuig4,My 2014 Silverado at work this morning.,"It's an extension on desktop. Visit /r/enhancement and you can tag usernames permanently, filter reposts, and other shit",Trucks
7y7jco,💥💥Guys we should really have more subscribers! Smash that subscribe button and start 🅱️lue pilling those boys at the Donald!!!!!💥💥,"It's an extension on desktop. Visit /r/enhancement and you can tag usernames permanently, filter reposts, and other shit",The_Mueller
7yb7rg,"Leaked ""proud boy meet up"" photo from THE_donald 😫😫👌🏻👌🏻этот сумасшедший мусорный козырь не может быть остановлен","It's an extension on desktop. Visit /r/enhancement and you can tag usernames permanently, filter reposts, and other shit",The_Mueller
7ybwdn,этот сумасшедший мусорный козырь не может быть остановлен,"It's an extension on desktop. Visit /r/enhancement and you can tag usernames permanently, filter reposts, and other shit",The_Mueller
88uw2y,Soyfella Justin with reports back from his latest literary endeavor..... watching Fox News for 3 weeks. --- YOU'LL NEVER BELIEVE WHAT HE DISCOVERED.,"It's an extension on desktop. Visit /r/enhancement and you can tag usernames permanently, filter reposts, and other shit",The_Donald
88uzmu,"neuroimaging of the human brain reacting to an ""ALL GOOD"" text","It's an extension on desktop. Visit /r/enhancement and you can tag usernames permanently, filter reposts, and other shit",opiates
898oq1,"While the normies are out buying Far Cry 5 for $70, I'm headed back to my log cabin to get this magical experience for $10","It's an extension on desktop. Visit /r/enhancement and you can tag usernames permanently, filter reposts, and other shit",Gamingcirclejerk
