Comment_ID,Comment_Submission,Comment_Text,Subreddit
dvza6pi,What are the prices/quality like on DNM?,"Damn, that’s steep",opiates
dvzxdi2,Needing Advice on Hydromet,"I just got a bottle of Hydromet also, and it’s sort of worthless if you have an opiate tolerance. I’ve been taking tablespoon after tablespoon and haven’t felt shit except maybe a little drowsy. Sucks.",opiates
dw0dp8i,"Cvs gives out oral syringes for free, bout to boof my first bag","Think your phone/computer bugged and you left 5 replies lol. But god no, can’t imagine my first experience with H as plugging - hope it’s as hype as everyone makes it seem though. 

Also yes I believe so, wouldn’t want that turd getting high before I do.",opiates
dw1ct7s,Anyone else have a slew of other legal drugs they use to balance/potentiate their opiates?,"Kratom gives my dope some legs, always take it after dosing though - seems to make the effects weaker if used beforehand ime",opiates
dw1cxkx,About the fent warnings,"I think the posts should just be more thorough and follow a guideline like the reviews on DNM. 
As in containing a more specific area, type of bag, consistency of product, color, texture, potency, etc. 
The posts that are like “FENT IN NEW YORK CITY” are mostly pointless, there are millions of users and thousands of dealers across NYC. 

What might be even more helpful are stickied posts on what to do if someone OD’s, where to get Narcan in your area, and things of that nature. It’s true Fent is everywhere, but it’s a good reminder to always do a test dose because of the constantly confirmed cut and that we’re all playing a dangerous game.",opiates
dw69qll,Oxycodone is the greatest thing mankind has ever created,Poppies are Mother Nature’s best gift to us,opiates
dw6g8wx,Man i fucking love morphine,"Morphine is one of the few opiates I’ve yet to try, how does it compare to H?

Also I’ve never heard someone call a drug “too euphoric,” what do you mean by that exactly? Lol, can’t imagine being too content.",opiates
dwk4h88,How many of you have an accompanying mental disorder ?,"Borderline Personality Disorder, BPD is a mental illness characterized by pervasive instability in moods, interpersonal relationships, self-image, and behavior.

 I feel like a lot of people with BPD turn to drugs as a coping mechanism which eventually leads to addiction. In turn, it ends up amplifying a lot of the original symptoms.",opiates
dwlxch8,What's your favorite movie about heroin?,"The scene in Candy with Heath Ledger at the bank committing fraud/identity theft felt like a story that would be posted on this sub, such a great film and portrayal of addiction.",opiates
dwrq9q1,What is the heroin capital of the US?,"Tompkins Square Park, NYC",opiates
dwx606q,Waiting For My Man,"“It's SHITE being Scottish! We're the lowest of the low. The scum of the fucking Earth! The most wretched, miserable, servile, pathetic trash that was ever shat into civilization. Some hate the English. I don't. They're just wankers. We, on the other hand, are COLONIZED by wankers. Can't even find a decent culture to be colonized BY. We're ruled by effete arseholes”",opiates
dwxcy8k,Waiting For My Man,"I loved the sequel! It was such a cool reunion of the characters, it paid homage to some of my favorite quotes/scenes while giving the film a whole new feel entirely. All in all I thought it was a good way of tying up how the original ended.",opiates
dwxthiv,Waiting For My Man,"The things I’d do to share my skag with Reed and Burroughs, that’d be quite the sesh and incredible conversation..",opiates
dwxu8w2,"If you could have an opiate-sesh with anybody, dead or alive, who would it be and why?","Ooo or maybe Mitch Hedberg just for the jokes, that man would have me cracking up all night",opiates
dwy28w1,"If you could have an opiate-sesh with anybody, dead or alive, who would it be and why?","Which would turn into a drink, and another one, and another one...",opiates
dwybg8q,Waiting For My Man,:),opiates
dwybo6h,"If you could have an opiate-sesh with anybody, dead or alive, who would it be and why?","Yes, that’s exactly what I meant by “shot up”",opiates
dwybrq4,"If you could have an opiate-sesh with anybody, dead or alive, who would it be and why?",I’d much rather do some psychedelics with Joe,opiates
dwybutv,"If you could have an opiate-sesh with anybody, dead or alive, who would it be and why?","Ah my namesake! That’d be incredible, and most certainly something he was well versed in. As long as he brings his guitar, I’d listen to him jam on that thing and shoot dope for weeks straight. What a legend.",opiates
dwybwnf,"If you could have an opiate-sesh with anybody, dead or alive, who would it be and why?",Thanks dude! What’s your take on it?,opiates
dwyc1fa,"If you could have an opiate-sesh with anybody, dead or alive, who would it be and why?","Very interesting reply, as much as I’d hate to chill with somebody so tightly wound, ignorant and boring - that could yield some positive results",opiates
dwyc7gc,"If you could have an opiate-sesh with anybody, dead or alive, who would it be and why?","It’s because of his philosophy on music, how it was a spiritual experience for him (partly because of the LSD I’m sure), and many many musicians lack that component. God, the things I’d do to chat with that man while injecting some China White.",opiates
dwychtz,"If you could have an opiate-sesh with anybody, dead or alive, who would it be and why?","Right? Jerry was a god damned preacher and prophet, the thoughts and ideas that flowed out of him are timeless - hope Id be able to remember a quarter of what leaves his mouth while I’m tripping.

Here’s something he said about heroin though, unsure if you use but I figured you’d be interested:

GARCIA: But hey, when you live in Watts, you need a little smack to get by, you know what I mean? You need something soft and comfortable in your life, ’cause you’re not going to get it from what’s around you. And society isn’t going to give it to you.",opiates
dwydcmc,Nighty-Night r/Opiates,He looks like he’s been nodding HARD and someone just asked him for a cig,opiates
dwye27c,This fat line is dedicated to the mods and all you wonderful folks in the opi community!,"Untrue, just has less bioavailability than intravenous use and plugging. Arguably easier chipping if you’re sniffing ime though",opiates
