Submission_ID,Submission_Title,Submission_Text,Subreddit
7wpcnh,Any experience with microdosing Iboga/Ibogaine?,"Damn, that’s steep",opiates
7x1wxw,Potentiators?,"Damn, that’s steep",Kratomm
7zbh94,Where to start with Bukowski?,"Damn, that’s steep",suggestmeabook
7zlftf,Tibet House Event at Carnegie Hall?,"Damn, that’s steep",angelolsen
7zqvba,Best break up songs?,"Damn, that’s steep",brandnew
7zycep,"“Think that’s even?” “Nah, but I threw 40’s so you know which one’s mine”","Damn, that’s steep",opiates
801r6c,How long does a bundle last you guys?,"Damn, that’s steep",opiates
807cyj,A post for those “chipping”,"Damn, that’s steep",opiates
809dp4,What would a Bob Dylan presidency look like?,"Damn, that’s steep",bobdylan
80fooq,Should I use my new MacBook or old Dell Inspiron?,"Damn, that’s steep",DarkNetMarketsNoobs
80igc2,Drug culture?,"Damn, that’s steep",suggestmeabook
80z5y3,"@ me next time, walgreens","Damn, that’s steep",opiates
81hs1z,power outage at the crib - at least i have this & my guitar,"Damn, that’s steep",opiates
81zc94,Paranoid about getting pulled over,"Damn, that’s steep",opiates
822on5,What do you guys do for work?,"Damn, that’s steep",opiates
82bw3g,Angel at Carnegie Hall’s 31st Tibet House Benefit Concert (she performed White Fire & I Found a Reason),"Damn, that’s steep",angelolsen
82j64r,Favorite books about drugs and heroin?,"Damn, that’s steep",opiates
82krls,Love my hiding spot dope kit,"Damn, that’s steep",opiates
832j9o,This is THE best song to listen to as you start your Dope Ritual - continue listening until you nod off (Velvet Underground - Sister Ray),"Damn, that’s steep",opiates
838zdc,can’t complain about my day,"Damn, that’s steep",opiates
83rkhj,My middle left the plugs # in my phone,"Damn, that’s steep",opiates
84hb8x,I need to do a quick taper (help),"Damn, that’s steep",opiates
8a3tqz,Can’t get high on a particular batch of ECP,"Damn, that’s steep",opiates
8aawor,Waiting For My Man,"Damn, that’s steep",opiates
8adrnr,"If you could have an opiate-sesh with anybody, dead or alive, who would it be and why?","Damn, that’s steep",opiates
