Comment_ID,Comment_Submission,Comment_Text,Subreddit
dvdrr8h,Experience and strength of DNM # 4 .,"I used to get raw for 100$ , it is way overpriced . 

My only other option is 190$ for 3 grams of BTH , On the streets. 

Fucking miss California and 25$ grams of fire.",opiates
dvodr5v,Dilaudid and heroin combo,"Thanks , I’m starting small that’s for sure . We have suboxone in the house (works great for OD situations) and the neighbor has naloxone if need be.

I  bang .2  of what I currently have 

(dope has been the same for a month now!)

at a time so I’m thinking of starting with .1 and adding 4 mg of dilly . Just wanted to see if anyone has played with a similar dosages. I want a rush with some legs but mostly a rush -damn it!!!",opiates
dvqd92a,Dilaudid and heroin combo,"I haven’t got them yet , I’ll make sure to report  back when I do .",opiates
dvze0g0,Moved across country.,"I’ve found many connects at the exchange. 

Be patient and only talk to junkies that don’t look too far gone. Clean cut but high as fuck is what I look for.There are a lot of scum bags who will rip you off but if your careful/patient you’ll greatly increase your rate of success. 

I went to the exchange two days ago and was actually offered some on my way in . I declined , now I’m wishing I would’ve tried as both of my main guys have garbage right now , the others live far away...",opiates
dw0ftmc,Guessing game: which bag has CBD crystal and which one is Meth?,Bottom is meth..,opiates
dw0otww,Guessing game: which bag has CBD crystal and which one is Meth?,It’s sad that I could spot it... it’s the ridges in the cracks of the shards that give it away .,opiates
dw1cg1q,The needle really is a beast of its own,Everyone here who I.V ‘s there shit can relate . I knew something was wrong when heron gave me a hard on .,opiates
dw1gha6,CL cold cop advice?,He’s gong to rip you off. Leave it be.,opiates
dw45rty,Tires!!! Are they valuable?,Take them to a used tire shop? Maybe you could sell them to the shop. A single used tire usually goes for 25$,DumpsterDiving
dw5j9u8,Heroin shot left out for 3 days .,"Yea , I’m going to wait. It’s a half gram shot so I hope I might be able to salvage it .",opiates
dw6oce1,Heroin shot left out for 3 days .,"Your god damn right I shot that shit. 

I just brought it to a boil and pulled it through a .022uf filter 2x .",opiates
dw71vmb,Heroin shot left out for 3 days .,"I don’t know if I’m doing it wrong but I usually push 2 rigs full of water thru after the shot I’m filtering, or however much water it takes to run clear. 

I hen redux the liquid and shoot it . 

I feel as tho I lose no dope this way.",opiates
dw72630,"Dealer,not a user, what y'all think??",You kinda suck for being a dealer and not using .,opiates
dw77p1f,Heroin shot left out for 3 days .,Yea . I run 2 mls I’d water through after the shot ... my shots are usually 50 cents . I,opiates
dw77pl2,"Dealer,not a user, what y'all think??",Ur alright then ....haha,opiates
dw7e78j,How many mg dilaudid first time?,"I just got some the other day and I needed 12mg’s 

I slam about .6 of black per day, I barely felt it tho..",opiates
dwcpr9y,"Got beat today,need advice",He could’ve taken your money and went to flip it . Just be careful,opiates
dwemetk,Then we chill fo' real,"Let’s see the booty , I know you got one .",opiates_gonewild
dwkm986,"Hands down best tar I've ever had. Finally after a couple weeks of getting 90% cut shit off of CL, my boy finally re-up'd on some 🔥. Perfect consistency and smell. The trail it leaves is so clear. A couple points and I'm out. I'm so happy",It means there isn’t as much cut and the cut used was something better than sugar.,opiates
dwkmk7n,"I feel like I've been trapped in some drug induced Truman Show and Twilight Zone that has scared the shit out of me, and I'm worried the only way for them to end is me dying.","You defiantly sound as if your in the throws of psychosis . Everything you just posted in this thread was basically a condensed version of your most recent posts . You need sleep, and to eat some good food. Also , the Xanax will benefit you greatly . I’ve been there and it’ll get better soon as long as you sleep and eat !",opiates
dwlatif,"I feel like I've been trapped in some drug induced Truman Show and Twilight Zone that has scared the shit out of me, and I'm worried the only way for them to end is me dying.","I just figured you may have not been eating . I don’t eat at all when I do meth. 

I don’t touch the stuff at all anymore , it causes me a mental breakdown every time . I end up picking my skin ferociously and not sleeping for days even off of the tiniest bit .",opiates
dwrb7fa,Moonlander Circle LLC,Keys for keys guys.,CircleofTrust
dws7or4,cursed_lake,Q-tips,cursedimages
dwtkq7g,Be worthy of my trust,Would you like to trade ?,CircleofTrust
dwu1z2c,13 bucks,"Dumpster dive ! 

I just did it the other day, I spent 15 minutes doing it and got enough food to last me nearly a month . I didn’t have to go in the dumpsters either, the food was / and usually is , right up top. 

I got bread, cakes , vegetables , fruits , cheese . Granola bars all kinds of stuff .",TooAfraidToAsk
