Submission_ID,Submission_Title,Submission_Text,Subreddit
7ln5w2,I want to broadcast Skype shows to try and cut out the middle man . It is a sex show with my husband but I may be willing to do 1 on 1 if your interested . I’ll be on Chaturbate most nights at 11:30 pm PST . Chaturbate User name : shy_kittykat . .,"I used to get raw for 100$ , it is way overpriced . 

My only other option is 190$ for 3 grams of BTH , On the streets. 

Fucking miss California and 25$ grams of fire.",Chaturbatez
7ln7gd,On Chaturbate most nights at 11:30 pm under screen name : shy_kittykat .looking to find some clients to do private Skype sessions with . Direct message me for Skype adress or find me in Chaturbate under the couples section:),"I used to get raw for 100$ , it is way overpriced . 

My only other option is 190$ for 3 grams of BTH , On the streets. 

Fucking miss California and 25$ grams of fire.",SkypeCamShow
7lnas7,"On Chaturbate tonight and most nights 11:45 pm pst . Looking to build a client base for private Skype shows . 29 year year old (look 18 , barely ) white female 34c breast, 32 inch waist .","I used to get raw for 100$ , it is way overpriced . 

My only other option is 190$ for 3 grams of BTH , On the streets. 

Fucking miss California and 25$ grams of fire.",skypesex
7m0ztn,Couples cam show . Skype username is Josie and sky or Josie.and.sky@gmail.com,"I used to get raw for 100$ , it is way overpriced . 

My only other option is 190$ for 3 grams of BTH , On the streets. 

Fucking miss California and 25$ grams of fire.",CamGirlSex
7nleoe,Skype shows and videos for $ale. couple or solo sex shows and recorded clips .message me us for more details and our Skype username.,"I used to get raw for 100$ , it is way overpriced . 

My only other option is 190$ for 3 grams of BTH , On the streets. 

Fucking miss California and 25$ grams of fire.",CamGirlSex
7nlgab,Skype shows and videos for $ale. couple or solo sex shows and recorded clips .message me us for more details and our Skype username.,"I used to get raw for 100$ , it is way overpriced . 

My only other option is 190$ for 3 grams of BTH , On the streets. 

Fucking miss California and 25$ grams of fire.",Chaturbatez
7nlsw9,Skype shows and videos for $ale. couple or solo sex shows and recorded clips .message me us for more details and our Skype username.,"I used to get raw for 100$ , it is way overpriced . 

My only other option is 190$ for 3 grams of BTH , On the streets. 

Fucking miss California and 25$ grams of fire.",SkypeCamShow
7nluf9,Skype shows and videos for $ale. couple or solo sex shows and recorded clips .message me us for more details and our Skype username.,"I used to get raw for 100$ , it is way overpriced . 

My only other option is 190$ for 3 grams of BTH , On the streets. 

Fucking miss California and 25$ grams of fire.",skypesex
7s6jv7,"Skype shows 2-3$ a minute . We take Venmo, google wallet, circle pay , or bitcoin . Message me for Skype username .","I used to get raw for 100$ , it is way overpriced . 

My only other option is 190$ for 3 grams of BTH , On the streets. 

Fucking miss California and 25$ grams of fire.",CamGirlSex
7s70cd,"Skype, couples sex show -Josie.and.sky@gmail.com or Josie.and.sky . 2-3$ a minute , videos also available . We take circlepay, Venmo, google wallet and bitcoin .","I used to get raw for 100$ , it is way overpriced . 

My only other option is 190$ for 3 grams of BTH , On the streets. 

Fucking miss California and 25$ grams of fire.",Chaturbatez
7s7lxn,"Skype, couples sex show . Josie.and.sky@gmail.com or Josie.and.sky . 2-3$ a minute , videos also available . We take circlepay, Venmo, google wallet and bitcoin .","I used to get raw for 100$ , it is way overpriced . 

My only other option is 190$ for 3 grams of BTH , On the streets. 

Fucking miss California and 25$ grams of fire.",SkypeCamShow
7s7x3o,"Skype, couples sex show . Josie.and.sky@gmail.com or Josie.and.sky . 2-3$ a minute , videos also available . We take circlepay, Venmo, google wallet and bitcoin .","I used to get raw for 100$ , it is way overpriced . 

My only other option is 190$ for 3 grams of BTH , On the streets. 

Fucking miss California and 25$ grams of fire.",SkypeCamShow
829qtt,Tianeptine helps withdrawals! And can be taken with suboxone.,"I used to get raw for 100$ , it is way overpriced . 

My only other option is 190$ for 3 grams of BTH , On the streets. 

Fucking miss California and 25$ grams of fire.",opiates
82ubds,Experience and strength of DNM # 4 .,"I used to get raw for 100$ , it is way overpriced . 

My only other option is 190$ for 3 grams of BTH , On the streets. 

Fucking miss California and 25$ grams of fire.",opiates
84bqrb,Dilaudid and heroin combo,"I used to get raw for 100$ , it is way overpriced . 

My only other option is 190$ for 3 grams of BTH , On the streets. 

Fucking miss California and 25$ grams of fire.",opiates
86jkn9,Heroin shot left out for 3 days .,"I used to get raw for 100$ , it is way overpriced . 

My only other option is 190$ for 3 grams of BTH , On the streets. 

Fucking miss California and 25$ grams of fire.",opiates
89j769,Jerk!,"I used to get raw for 100$ , it is way overpriced . 

My only other option is 190$ for 3 grams of BTH , On the streets. 

Fucking miss California and 25$ grams of fire.",CircleofTrust
