Comment_ID,Comment_Submission,Comment_Text,Subreddit
dt57l6z,Spilling kratom: is there anything worse?,"I'll sometimes take a dose and T&W, but occasionally I'll be trying to discreetly t&w at work, and in the blink of an eye I've got green powder down my shirt and I'm coughing the heck out of my lungs haha.",kratom
dt57ns6,Too Funny Too Not Share,I like the de-liver part,kratom
dt57qk7,"Would you consider 3 doses of 3 grams each day to be a small, medium or large habit?","I take probably 3gs at a time once or twice a day, and I'd say I'm about an average/slightly above soooo",kratom
dt57yr5,Is this normal?,"I used to think my run with Kratom was done, taking several gs at a time and not feeling anything, no energy or euphoria or relief or anything, but then I tried a couple of veins I'd never tried before, and boom kratom was back at work.",kratom
dt6frng,Dads against anything pot related. I go fishing everyday after work so I had to get creative. What do y’all use store your goodies?,"Yep, done that one too many times... Seriously hurts haha",trees
dt6fu6f,Dads against anything pot related. I go fishing everyday after work so I had to get creative. What do y’all use store your goodies?,"So I would totally agree with you, but some parents just have no clue.  My parents for instance would most definitely have no idea, honestly.",trees
dt6fysn,Dads against anything pot related. I go fishing everyday after work so I had to get creative. What do y’all use store your goodies?,"Fuck dude I'm from Florida!  It gets really fuckin cold down here, and your lips will get fucked up if you don't have chapstick or anything!",trees
dt6g3tc,Dads against anything pot related. I go fishing everyday after work so I had to get creative. What do y’all use store your goodies?,"It really is dude, makes you not trust putting things in your eye, which  sucks cuz you gotta have your contacts in there.",trees
dt6g8j6,"Meet my new smoking buddy, Towelie!!","HOLY Shit dude, I'm gonna print one now!",trees
dt79r7p,I got high and just showed up to a date 30 minutes early,"Be hella chill, and if she can tell and doesn't like ya, she ain't the one for you",trees
dt79ume,How do you obtain a physician's certification for medical marijuana?,"It all varies, and I personally think the highs all feel different, but yeah, you'll get the same effect lol",trees
dt79y4k,Dads against anything pot related. I go fishing everyday after work so I had to get creative. What do y’all use store your goodies?,"It actually drops to like -2 C, but the humidity makes it feel much colder, it can get pretty miserable at times.  Especially because we don't really have warm clothes...",trees
dtdb361,Official DigiByte Marketing Announcement,Hooray!  Donating and passing the word along,Digibyte
dtkiya7,Can Our Community Hulk Smash Digibyte's Stretch Goal?,"Yeah, I think most people are waiting to see what's gonna happen",Digibyte
dtkiyn5,Can Our Community Hulk Smash Digibyte's Stretch Goal?,happened a few days back,Digibyte
dtkqpob,CMF Short Film Actor/Actress Needed!,Sounds pretty edgy man,ucf
dtsesg1,"MFW my wife asks ""Has your coin stuff started going up yet?""",same,CryptoCurrency
du1f1v5,Digibyte - Community update - !!,I love using it as currency.  I would be okay with totally switching to digibyte if I could,Digibyte
duac2y5,Sisters snapchat of me grabbing my bong while running to make 420...,"Dude I'm so happy, I smoked with my sister for the first time the other day.  We're both from a conservative home and I've been a habitual smoker for over a year now, but it was her first time trying it.  She's already a super hippy type, all the bumper stickers and everything.  She hadn't smoked before that mainly because I hadn't had a vaporizer on hand and she didn't want to inhale smoke haha. 
 But she loved the weed!  We smoked and hung out all day and she was just smiling and enjoying herself.  It was great!  Happiest I've seen her in a long time!",trees
duac7u5,Sisters snapchat of me grabbing my bong while running to make 420...,dude everyone says it,trees
duac8ay,Sisters snapchat of me grabbing my bong while running to make 420...,that's a good one,trees
dwbe184,How do I get better at listening?,"Basically.  Listening to the same story over, and over, and over.  It can be monotonous, but you understand more and more as you go, it's a noticeable difference after the first couple of weeks",ChineseLanguage
dwsrruw,When 老师 comments on your 中国说话,"Yeah, that is definitely the case haha",ChineseLanguage
dwudl5p,Update on TN fight.,Just sent mine:),kratom
dwuhy47,And they say they are hard to get .. 🧐,A couple days ago I overheard a chief of police talking about how hard it is to obtain perscription substances now... Ha ha ha ha,opiates
