Submission_ID,Submission_Title,Submission_Text,Subreddit
4y8xul,Why is he on YouTube?,"I'll sometimes take a dose and T&W, but occasionally I'll be trying to discreetly t&w at work, and in the blink of an eye I've got green powder down my shirt and I'm coughing the heck out of my lungs haha.",cringe
4yrhv9,"Non-U.S. Citizens, does Ryan Lochte's recent behavior affect your view of Americans?","I'll sometimes take a dose and T&W, but occasionally I'll be trying to discreetly t&w at work, and in the blink of an eye I've got green powder down my shirt and I'm coughing the heck out of my lungs haha.",AskReddit
4yrjpw,"Non-U.S. citizens, does Ryan Lochte's recent behavior affect your view of Americans? If it has, then how so?","I'll sometimes take a dose and T&W, but occasionally I'll be trying to discreetly t&w at work, and in the blink of an eye I've got green powder down my shirt and I'm coughing the heck out of my lungs haha.",AskReddit
4zudlv,"People who actually use a washcloth, how do you use it?","I'll sometimes take a dose and T&W, but occasionally I'll be trying to discreetly t&w at work, and in the blink of an eye I've got green powder down my shirt and I'm coughing the heck out of my lungs haha.",AskReddit
5909ee,My fan chords are labeled for the light and the fan,"I'll sometimes take a dose and T&W, but occasionally I'll be trying to discreetly t&w at work, and in the blink of an eye I've got green powder down my shirt and I'm coughing the heck out of my lungs haha.",mildlyinteresting
7q4t6t,Looking for an alternative to Coinbase?,"I'll sometimes take a dose and T&W, but occasionally I'll be trying to discreetly t&w at work, and in the blink of an eye I've got green powder down my shirt and I'm coughing the heck out of my lungs haha.",Digibyte
