Comment_ID,Comment_Submission,Comment_Text,Subreddit
dwivj2x,Twerk,*pushes up glasses and sniffles* mmyeah!  Not good enough form! *cheeto dust falls from the shaft of my penis*,SommerRay
dwj1mab,[Spoilers] Daenerys Targaryen by Atey Ghailan,"Most people in the world when talking about GoT are talking about the show and that’s okay. No need to be an elitist twat about it. No ones cooler than anyone else just because you read a book, this isn’t senior year",gameofthrones
dwjh803,[QC] V2 Breds from Tony (size 10.5),People are like wayyy too critical of “flaws” here just look at pics of breds on GOAT ur pair looks no different than those,Repsneakers
dwjm6t0,[FRESH ALBUM] Rich the Kid - The World is Yours,Oh you mad cause I’m stylin on you,hiphopheads
dwlema6,I got these for $.40 each during a $2 fill a bag sale! I can’t find any info on the Ramones one,Ramones is RARE it’s early 80s and to the right collector you could get around 2k for that haul,VintageTees
dwlerls,[QC] 32 inch Rayquaza plush for 59¥,Lol downvoted for trying to minimize se*ual assault trauma. Lame,FashionReps
dwlggl2,I got these for $.40 each during a $2 fill a bag sale! I can’t find any info on the Ramones one,Dude the vintage tee market is fucked right now. If you had the right buyer or sold these in the right city you could charge a metric shit ton. Not to mention the distressed and torn look is “in” right now,VintageTees
dwll6ha,Video of Tony Yayo sucking on a foot posted by 50 Cent.,These dude from Nickelodeon?????,hiphopheads
dwll95z,Video of Tony Yayo sucking on a foot posted by 50 Cent.,Man this shit writes itself don’t it,hiphopheads
dwneruu,Literally just a picture of Lorde,Lorde why have tattoo? Tattoo haram. Lorde haram! Turkiye<333333,popheads
dwnlnyu,[REVIEW] Finally Yeezy Infrared Review! | 🔥,You’d do it too for 80% off,Repsneakers
dwohejx,Zuckerberg in 2006 saying user information will never be shared or sold unless the users asked for it to be shared with some party,I did my best... I have no regrets,videos
dwok2nx,"Let the change begin. ~ If your life or someone you know has been affected by OPIATES, please, please, read this. Help is on the way for those in need and if you like to help, pleas read this. This is an Opiate MUST READ!",Heroin is legal in a couple European countries. I’m busy or I’d google it for you,Drugs
dwopsg0,"Let the change begin. ~ If your life or someone you know has been affected by OPIATES, please, please, read this. Help is on the way for those in need and if you like to help, pleas read this. This is an Opiate MUST READ!",Ah good point. I figured they had it set up like a methadone clinic where you go in daily and get your dose and then possibly have a small take home as your business and loyalty/what have you - increases,Drugs
dwp36pe,My personal collection,I guess in the party drug world it shouldn’t be too surprising. You go out and have one too many beers and maybe a line or two of blow and your dick is on shrimp. No matter how hot the girl is - sometimes you can’t fight the whiskeydick. Enter viagra,DrugStashes
dwr4psc,[QC] PK Air Yeezy 2 Platinum God Batch from Eric,Does your left shoe have toebox creasing on the outside?,Repsneakers
dwsn8u9,Twitch streamer has a wholesome moment with a random kid,"Dude how can you not cry lmaoo - the 90s RnB ballad, the little kids voice - “thenks fer bein m’frend..... most ppl mean to me”


Jesus Christ that’s tragic.",videos
dwsog5i,[Review] Tony's Yeezy Cream Whites (G5),It’s a good review and they look nice but what’s the point of spending the extra money over Lin’s batch if Tony’s boost isn’t even that comfortable,Repsneakers
dwsoq9f,[QC] Yeezy Zebra v2 350 PK (Muks),"Pull tabs are large - I wouldn’t RL because idc about stuff like that but if it’s gonna bother you then you should - muks is cool about switching pairs too so, up to u rly",Repsneakers
dwsq6f6,[QC] Yeezy Zebra v2 350 PK (Muks),No one will know they’re reps,Repsneakers
dwsqf16,[FRESH VIDEO] Future & Young Thug - Group Home,It’s based off Tim Burton’s - Miss Peregrines Home for Peculiar Children,hiphopheads
dwsqhr5,[FRESH VIDEO] Future & Young Thug - Group Home,Tim Burton reference - “Group Home /// Miss Peregrines Home for Peculiar Children””,hiphopheads
dwt7ml3,[FRESH VIDEO] Future & Young Thug - Group Home,I feel like No Cap really can’t be beat. I GOT EM ON XANS AND ROXIES,hiphopheads
dwtk2xg,Twitch streamer has a wholesome moment with a random kid,Hahahahaha I love it,videos
dwubhez,Side View,Hey it’s me - the girl in the picture. If you can Venmo me $200 we can talk all the time and video chat,pawg
