Submission_ID,Submission_Title,Submission_Text,Subreddit
7jm7it,Vintage dead stock Gucci striped tee $.99,*pushes up glasses and sniffles* mmyeah!  Not good enough form! *cheeto dust falls from the shaft of my penis*,ThriftStoreHauls
7mkkat,Too Much Junkie Business - Johnny Thunders [LIVE LOADED],*pushes up glasses and sniffles* mmyeah!  Not good enough form! *cheeto dust falls from the shaft of my penis*,opiates
7nszjh,"Trying to really tone down my style, simple fit today",*pushes up glasses and sniffles* mmyeah!  Not good enough form! *cheeto dust falls from the shaft of my penis*,FashionReps
7pltgq,[GEAR QUESTION] Squire Tele Tuners loose / fell off,*pushes up glasses and sniffles* mmyeah!  Not good enough form! *cheeto dust falls from the shaft of my penis*,Guitar
7plvkf,[GEAR] Question Regarding Squire Tele,*pushes up glasses and sniffles* mmyeah!  Not good enough form! *cheeto dust falls from the shaft of my penis*,Guitar
7plxil,If you wanna see Young Thug and his crew taking body shots off some thots ass and titties go peep his insta story before they disappear,*pushes up glasses and sniffles* mmyeah!  Not good enough form! *cheeto dust falls from the shaft of my penis*,hiphopheads
7vbygq,[Discussion] Why does no one talk about “Glow” from More Life?,*pushes up glasses and sniffles* mmyeah!  Not good enough form! *cheeto dust falls from the shaft of my penis*,hiphopheads
7wfp7l,[QUESTION] Sneakeraheads “factory” yeezy v2s,*pushes up glasses and sniffles* mmyeah!  Not good enough form! *cheeto dust falls from the shaft of my penis*,Repsneakers
7zvghh,[Question] what is the Best quality 350v2s or UB where you can order DIRECT off a website,*pushes up glasses and sniffles* mmyeah!  Not good enough form! *cheeto dust falls from the shaft of my penis*,Repsneakers
85wl29,Fully thrifted outfit that I’m super proud of,*pushes up glasses and sniffles* mmyeah!  Not good enough form! *cheeto dust falls from the shaft of my penis*,ThriftStoreHauls
85z8fh,[Review] [Kinda] Two year update on Bottega Veneta Chelseas,*pushes up glasses and sniffles* mmyeah!  Not good enough form! *cheeto dust falls from the shaft of my penis*,DesignerReps
85zelh,[WDYWT] Bottega Veneta Chelseas,*pushes up glasses and sniffles* mmyeah!  Not good enough form! *cheeto dust falls from the shaft of my penis*,SneakerFits
