Submission_ID,Submission_Title,Submission_Text,Subreddit
4web9b,"Those of you who have been married for over ten years and are still in love, I want to hear from you. What's it like?","While it's true that statistically speaking intelligence correlates with drug addiction, I think most of the explanations for that given in this thread are off mark. The simplest and most realistic explanation is that since **addiction is a mental process that revolves around rationalization**, the more intelligent you are the stronger your addiction because the better your rationalizations. Now re-read the other explanations for the correlation in this thread through the lens of these explanations, themselves, being rationalizations.

The mind is a crazy powerful and crazy limited thing!",love
6ibsod,"As a small weak female, I am scared to take a taxi alone in Buenos Aires, but I must - ayuda por favor","While it's true that statistically speaking intelligence correlates with drug addiction, I think most of the explanations for that given in this thread are off mark. The simplest and most realistic explanation is that since **addiction is a mental process that revolves around rationalization**, the more intelligent you are the stronger your addiction because the better your rationalizations. Now re-read the other explanations for the correlation in this thread through the lens of these explanations, themselves, being rationalizations.

The mind is a crazy powerful and crazy limited thing!",BuenosAires
6xgg4a,Fentanyl Warning - Central Texas,"While it's true that statistically speaking intelligence correlates with drug addiction, I think most of the explanations for that given in this thread are off mark. The simplest and most realistic explanation is that since **addiction is a mental process that revolves around rationalization**, the more intelligent you are the stronger your addiction because the better your rationalizations. Now re-read the other explanations for the correlation in this thread through the lens of these explanations, themselves, being rationalizations.

The mind is a crazy powerful and crazy limited thing!",opiates
78dybt,"Just discovered a free, foolproof, simple way to intensify the rush from my shots !!! And now I want to hear yours.","While it's true that statistically speaking intelligence correlates with drug addiction, I think most of the explanations for that given in this thread are off mark. The simplest and most realistic explanation is that since **addiction is a mental process that revolves around rationalization**, the more intelligent you are the stronger your addiction because the better your rationalizations. Now re-read the other explanations for the correlation in this thread through the lens of these explanations, themselves, being rationalizations.

The mind is a crazy powerful and crazy limited thing!",opiates
78r852,SO and I are gonna try mixing H and ecstasy tonight.... any tips?,"While it's true that statistically speaking intelligence correlates with drug addiction, I think most of the explanations for that given in this thread are off mark. The simplest and most realistic explanation is that since **addiction is a mental process that revolves around rationalization**, the more intelligent you are the stronger your addiction because the better your rationalizations. Now re-read the other explanations for the correlation in this thread through the lens of these explanations, themselves, being rationalizations.

The mind is a crazy powerful and crazy limited thing!",opiates
798o52,"What could explain this: after having a daily speedball habit for quite a while, my first time banging coke by itself, I felt practically nothing","While it's true that statistically speaking intelligence correlates with drug addiction, I think most of the explanations for that given in this thread are off mark. The simplest and most realistic explanation is that since **addiction is a mental process that revolves around rationalization**, the more intelligent you are the stronger your addiction because the better your rationalizations. Now re-read the other explanations for the correlation in this thread through the lens of these explanations, themselves, being rationalizations.

The mind is a crazy powerful and crazy limited thing!",Stims
7apb3k,I just got slammed by my period 25 hours into WD. Girl junkies plz pray for me,"While it's true that statistically speaking intelligence correlates with drug addiction, I think most of the explanations for that given in this thread are off mark. The simplest and most realistic explanation is that since **addiction is a mental process that revolves around rationalization**, the more intelligent you are the stronger your addiction because the better your rationalizations. Now re-read the other explanations for the correlation in this thread through the lens of these explanations, themselves, being rationalizations.

The mind is a crazy powerful and crazy limited thing!",opiates
7bi92l,"Taking buprenorphine every day makes it ""build up"" in your system. Here's what that looks like broken down day by day... and here are some questions I have.","While it's true that statistically speaking intelligence correlates with drug addiction, I think most of the explanations for that given in this thread are off mark. The simplest and most realistic explanation is that since **addiction is a mental process that revolves around rationalization**, the more intelligent you are the stronger your addiction because the better your rationalizations. Now re-read the other explanations for the correlation in this thread through the lens of these explanations, themselves, being rationalizations.

The mind is a crazy powerful and crazy limited thing!",opiates
7kfvwo,"Despite watching videos, I still can't figure out how to use these micron wheel filters. Please, my dumb ass is desperate for assistance.","While it's true that statistically speaking intelligence correlates with drug addiction, I think most of the explanations for that given in this thread are off mark. The simplest and most realistic explanation is that since **addiction is a mental process that revolves around rationalization**, the more intelligent you are the stronger your addiction because the better your rationalizations. Now re-read the other explanations for the correlation in this thread through the lens of these explanations, themselves, being rationalizations.

The mind is a crazy powerful and crazy limited thing!",opiates
7pezji,What's something positive that has come from your opiate addiction?,"While it's true that statistically speaking intelligence correlates with drug addiction, I think most of the explanations for that given in this thread are off mark. The simplest and most realistic explanation is that since **addiction is a mental process that revolves around rationalization**, the more intelligent you are the stronger your addiction because the better your rationalizations. Now re-read the other explanations for the correlation in this thread through the lens of these explanations, themselves, being rationalizations.

The mind is a crazy powerful and crazy limited thing!",opiates
7y4mg6,"Anyone else going through a sharp ""tolerance break"" type WD, rather than complete zero-dose kicking?","While it's true that statistically speaking intelligence correlates with drug addiction, I think most of the explanations for that given in this thread are off mark. The simplest and most realistic explanation is that since **addiction is a mental process that revolves around rationalization**, the more intelligent you are the stronger your addiction because the better your rationalizations. Now re-read the other explanations for the correlation in this thread through the lens of these explanations, themselves, being rationalizations.

The mind is a crazy powerful and crazy limited thing!",opiates
82otfi,"Efff speedballs feel so damn good, how the hell to quit these!! Has anyone out there quit a daily speedball habit?! Plz tell me how. I mean jeez it's like an orgasm from young Jesus.","While it's true that statistically speaking intelligence correlates with drug addiction, I think most of the explanations for that given in this thread are off mark. The simplest and most realistic explanation is that since **addiction is a mental process that revolves around rationalization**, the more intelligent you are the stronger your addiction because the better your rationalizations. Now re-read the other explanations for the correlation in this thread through the lens of these explanations, themselves, being rationalizations.

The mind is a crazy powerful and crazy limited thing!",opiates
