Comment_ID,Comment_Submission,Comment_Text,Subreddit
dtawzzh,Anyone only have friends that dont use?,"Do you feel like you can share your life with them? Or be voulnerable
In discussing usage and depression? If you do have that issue.",opiates
dtbm0t7,I just overdosed for the second night in a row.,Dancesafe.org has them.,opiates
dti9zne,I wrote a letter to keep in my wallet.,What ou dont make yours put of tape?,opiates
du975x5,Kicking the ‘done,I’m aware thanks.,opiates
du97n96,Kicking the ‘done,I’m doing well. Just sweaty.,opiates
du9cv32,Kicking the ‘done,I’m avoiding colodine tikk i i run out of barbs and benzoz.,opiates
du9d0tf,Kicking the ‘done,Jeeze,opiates
dufar91,Complain-a-thon,I cant sleep and my body feels fucked up. Wah.,opiates
dup5hrf,Things you shouldn't suck at but totally do?,Dealing with mail. I hate mail.,opiates
dupdmjw,12 days clean,"Tapered for a month downt to 10 from 60. Was using H also. Im still not sleeping right and my body feels wierd, but it gets better er’day so theres that.",opiates
duqmzfx,12 days clean,I dont really liike weed anymore.,opiates
duqn1bc,12 days clean,Day 3 is some evil shit. Stay strong.,opiates
duwdocg,To everyone in withdrawal right now....,Ibogaine.,opiates
duxkop0,assortment of drug memes,The last one. Omg. I almost fell for once.,opiates
dv2d0rr,"People deserve access to sterile, accurately dosed, pharmaceutical heroin",I think the idea is thag since users can get their doses from the govt they dont support criminal gangs and then the supply is diminished on the streets. Thus creating fewer new users. People dont sell to support a habit and the heroin clinics would operate mainly the same way mmt clinics do today. Are you also against methadone?,opiates
dvffbkr,Anybody like doing pullups on H?,Yeah like I was super strong for awhile. Now I’m just drinking and smoking weed and have chicken arms and a lil pot belly.,opiates
dvi6a7b,Teeth breaking after meth binge?,Ive had bleeding after short binges. Any amphetamine acts as a vasoconstrictor. Meth more so than others. Could be your viens going to teeth are freaking out? I dunno.,opiates
dvj185b,Reasons not to relapse.,Fucking genius.,opiates
dvj19r6,Reasons not to relapse.,Meth and fent dope. Just gotta climb.,opiates
dvj1a9x,Reasons not to relapse.,Right? Whats this country coming to?,opiates
dvq0yq2,Found this on r/wtf,Blue lights so you cant hit a vein.,opiates
dvq1mbs,"For all the times I've been beat, shorted bags, stood up, left waiting in the hood for hours, sold fent, robbed, or overcharged....I FINALLY won over a Dboy!(Sorta..Kinda)",So... whats the worst thing you’ve done to get high?,opiates
dw13ijh,Here ya go tracey415,Dafuq?,opiates
dwec56s,Plug ran out of gas on the highway,They took my shoes too man. Told me I came in with no shoes. I deffinitly had shoes.,opiates
dwlztci,Opiates make me sooo thirsty,Would vomit seltzer when super high. Love seltzer.,opiates
