Submission_ID,Submission_Title,Submission_Text,Subreddit
791nn2,About to leave rehab.,"Do you feel like you can share your life with them? Or be voulnerable
In discussing usage and depression? If you do have that issue.",opiates
79loi2,KLF,"Do you feel like you can share your life with them? Or be voulnerable
In discussing usage and depression? If you do have that issue.",WNOD
7gjd7k,Who’s on methadone?,"Do you feel like you can share your life with them? Or be voulnerable
In discussing usage and depression? If you do have that issue.",opiates
7kbnk3,NA,"Do you feel like you can share your life with them? Or be voulnerable
In discussing usage and depression? If you do have that issue.",opiates
7s5xjm,Fent in Bushwick,"Do you feel like you can share your life with them? Or be voulnerable
In discussing usage and depression? If you do have that issue.",opiates
7t6ene,Anyone only have friends that dont use?,"Do you feel like you can share your life with them? Or be voulnerable
In discussing usage and depression? If you do have that issue.",opiates
7xk2dq,Kicking the ‘done,"Do you feel like you can share your life with them? Or be voulnerable
In discussing usage and depression? If you do have that issue.",opiates
7zmqdw,12 days clean,"Do you feel like you can share your life with them? Or be voulnerable
In discussing usage and depression? If you do have that issue.",opiates
8368h3,Anybody like doing pullups on H?,"Do you feel like you can share your life with them? Or be voulnerable
In discussing usage and depression? If you do have that issue.",opiates
83ju0v,Reasons not to relapse.,"Do you feel like you can share your life with them? Or be voulnerable
In discussing usage and depression? If you do have that issue.",opiates
