Comment_ID,Comment_Submission,Comment_Text,Subreddit
dwlo2jq,Making a tincture out of ground pods and 95% alcohol - thoughts?,No these were grown. They were def legit too. I've never ha dried pods. The ones I tried were those Pom Pom looking poppies.,opiates
dwm26ud,Hank Hill would object to this sign.,Bwaaah!!,KingOfTheHill
dwm3cf2,Riding the porn train,Yeah it's hard to tell what's real until you snap out of it. I could have sworn I was somewhere else. You can get similar effects taking a lot of benadryl.,Drugs
dwm3txk,Riding the porn train,I've never taken a big enough dose of k to feel much from it. Is it pretty euphoric?,Drugs
dwmgvry,Riding the porn train,There's no good experience ha,Drugs
dwmhhjs,"It's tough to say it, but I have to face the facts...",2 hour meth comedown? Mine last hours ha. But I'm shoot crazy,researchchemicals
dwmms9u,Riding the porn train,It's not like I was horny ha. Just watching a little porn. Chill out ha,Drugs
dwmmyf6,Riding the porn train,"Benadryl only lasts like 6-8 hours or so ha. Datura lasts for days ha. You don't even feel high what so ever. It's like dreaming while awake and being blind at the same
Time ha",Drugs
dwmn360,Riding the porn train,"This is a good description of what it is like. I can see how
People would rip their skin off on datura thinking stuff was on their arm. It's crazy shit.",Drugs
dwmngnu,Does tea make anyone extremely hot.,Yeah the chicks are all over me on tea.,PoppyTea
dwn9paj,What’s the best legal psychedelic seed or plant for consumption,Don't do datura haha I just wrote a trip report yesterday of it ha. It's not even tripping. U can't tell what's real and u don't feel high. I would so some San Pedro cactus. It contains mescaline.,Psychedelics
dwng682,What’s the best legal psychedelic seed or plant for consumption,U blend up about a pound or so of cactus. Simmer it on the stove. Filter and drink.,Psychedelics
dwp2uls,How much should 1/8 of shrooms cost today in Los Angeles,About 3.50,shrooms
dwp3u7i,What’s the best and most efficient way to consume Mescaline?,Intravenously!,mescaline
dwpeyrb,Am I microdosing with something like this?,What does micro dosing do for you?,shrooms
dwqmybe,Anyone use phenibut for opiate WD?,I took about 1.25g about 5 hours ago.  Don't feel shit. Ha I hope 10mg of dxm won't interact bad with it,opiates
dwr4s9a,Posted awhile back from here. Still laughing.... lol,Susan all the way,opiates
dwrlrm3,TFW you’re trying to get clean but have a needle fixation,I just inject some benadryl capsules when I feel the need to shoot. You get a tiny rush that's kind of unique.it also helps me get to sleep. You just gotta find a brand without a lot of filler.,opiates
dwtg0ud,Anyone else love cooking while high?,Call me crazy but if I do stuff while high I feel like I'm wasting it. I like to sit back and focus on the amazing euphoria radiating through my body.,opiates
dwty9ry,"Hotdogs, armour hotdogs",I feel like chicken tonight! Chicken tonight!,TheSimpsons
dwvs0wz,Another day hoping to feel something from 250mg of tramadol and 12 grams of Kratom because dry as Shit. Anyways my latest Amazon order of books .. any other readers here ? I got some ps1 games too,I've been reading glue by irvine welsh. It's pretty intense!,opiates
dwvt8rp,Another day hoping to feel something from 250mg of tramadol and 12 grams of Kratom because dry as Shit. Anyways my latest Amazon order of books .. any other readers here ? I got some ps1 games too,It's by the author of Trainspotting so it's pretty much just a bunch of fucked up shit. Lots of graphic sex and pretty funny ha .,opiates
dwvuqd0,Another day hoping to feel something from 250mg of tramadol and 12 grams of Kratom because dry as Shit. Anyways my latest Amazon order of books .. any other readers here ? I got some ps1 games too,The book is way more intense ha. It's disgusting humor ha.,opiates
dww0tre,Been craving IV cocaine something fierce.,Flannel shirts year round is how I roll. Sex with my girlfriend in flannel shirts. The beach... You name it.,opiates
dwy6gpm,"""Why don't you just smoke weed?""","I've had a few pot heads say ""why don't you just stick with dope?"" And I'm just like that's the plan ha. I don't call anything but h dope.",opiates
