Submission_ID,Submission_Title,Submission_Text,Subreddit
80rxwj,Chlorobutanol,No these were grown. They were def legit too. I've never ha dried pods. The ones I tried were those Pom Pom looking poppies.,TheeHive
80tju4,Propylhexadrine citrate,No these were grown. They were def legit too. I've never ha dried pods. The ones I tried were those Pom Pom looking poppies.,Stims
80uk18,Using scented ammonia and lye crystals,No these were grown. They were def legit too. I've never ha dried pods. The ones I tried were those Pom Pom looking poppies.,TheeHive
81pyfe,BZP,No these were grown. They were def legit too. I've never ha dried pods. The ones I tried were those Pom Pom looking poppies.,TheeHive
81r697,Piperazine from liquid dewormer,No these were grown. They were def legit too. I've never ha dried pods. The ones I tried were those Pom Pom looking poppies.,TheeHive
81xfsw,Counting calories,No these were grown. They were def legit too. I've never ha dried pods. The ones I tried were those Pom Pom looking poppies.,kratom
8246bt,LSA rectally?,No these were grown. They were def legit too. I've never ha dried pods. The ones I tried were those Pom Pom looking poppies.,Psychedelics
824fbz,LSD rectally,No these were grown. They were def legit too. I've never ha dried pods. The ones I tried were those Pom Pom looking poppies.,LSD
829fkg,LSD and mescaline,No these were grown. They were def legit too. I've never ha dried pods. The ones I tried were those Pom Pom looking poppies.,Psychedelics
82fcfs,Mescaline extraction,No these were grown. They were def legit too. I've never ha dried pods. The ones I tried were those Pom Pom looking poppies.,TheeHive
82rk50,Canopys yellow Vietnam,No these were grown. They were def legit too. I've never ha dried pods. The ones I tried were those Pom Pom looking poppies.,Kratomm
830bfh,Restoring sanity,No these were grown. They were def legit too. I've never ha dried pods. The ones I tried were those Pom Pom looking poppies.,opiates
83duku,Ordering cacti in the winter,No these were grown. They were def legit too. I've never ha dried pods. The ones I tried were those Pom Pom looking poppies.,druggardening
83wpjd,Threshold dose of peruvian torch,No these were grown. They were def legit too. I've never ha dried pods. The ones I tried were those Pom Pom looking poppies.,mescaline
83zqcx,San Pedro/peruvian torch not bitter?,No these were grown. They were def legit too. I've never ha dried pods. The ones I tried were those Pom Pom looking poppies.,Psychedelics
844v37,Ordering from eBay,No these were grown. They were def legit too. I've never ha dried pods. The ones I tried were those Pom Pom looking poppies.,kratom
84nyo9,Modern player tele problems,No these were grown. They were def legit too. I've never ha dried pods. The ones I tried were those Pom Pom looking poppies.,telecaster
84q1g6,Trichocereus knuthianus,No these were grown. They were def legit too. I've never ha dried pods. The ones I tried were those Pom Pom looking poppies.,druggardening
856qd1,That damn washer and dryer,No these were grown. They were def legit too. I've never ha dried pods. The ones I tried were those Pom Pom looking poppies.,LSA
85w37t,BRM still bunk?,No these were grown. They were def legit too. I've never ha dried pods. The ones I tried were those Pom Pom looking poppies.,PoppyTea
85xn9a,Smoking opium after drinking pod tea,No these were grown. They were def legit too. I've never ha dried pods. The ones I tried were those Pom Pom looking poppies.,opiates
8620jn,Fruiting in jar,No these were grown. They were def legit too. I've never ha dried pods. The ones I tried were those Pom Pom looking poppies.,shrooms
88o4o9,Riding the porn train,No these were grown. They were def legit too. I've never ha dried pods. The ones I tried were those Pom Pom looking poppies.,Drugs
89cfqs,Anyone use phenibut for opiate WD?,No these were grown. They were def legit too. I've never ha dried pods. The ones I tried were those Pom Pom looking poppies.,opiates
89vmmx,"Hotdogs, armour hotdogs",No these were grown. They were def legit too. I've never ha dried pods. The ones I tried were those Pom Pom looking poppies.,TheSimpsons
