Comment_ID,Comment_Submission,Comment_Text,Subreddit
dvyle5j,Theres Something Wrong with me Fiancee (part 2),I was referring to all the previous comments before the other person had replied,nosleep
dvz7xbq,Theres Something Wrong with me Fiancee (part 2),You take it easy bro 😊,nosleep
dw1y9m1,Turn the original shipping bag inside out to make online shopping returns,"Get off Reddit, grandpa",lifehacks
dw5vrif,What was ruined because too many people started doing it?,"Drugs, you say?",AskReddit
dw89j4b,Are reverse landings still cool?,"I don't know, but this one definitely is.",GrandTheftAutoV
dwd008e,"Non-Americans of Reddit, what's the biggest story in your country right now?",">Gives himself ""IV fluids"" to stay ""high""",AskReddit
dwd0jnk,"Non-Americans of Reddit, what's the biggest story in your country right now?",I'm saying he's likely not doing just methamphetamine,AskReddit
dwdi9st,Imagine if New Vegas had Area 51,AND WHY ARE THE ALIENS SO HARD TO KILL?,Fallout
dwfmv24,"SF author David Gerrold wrote this ""predict the future of computing"" article in 1999 in Sm@rt Reseller magazine.",">sometime in the next few years

He was wrong

>Written in 1999

So easy to predict this, I don't know why everyone acts like he's some sort of prophet",RetroFuturism
dwfmzmr,"SF author David Gerrold wrote this ""predict the future of computing"" article in 1999 in Sm@rt Reseller magazine.","It was 1999, at that year things like this are easy to predict. If it was somewhere around the 1800s it would be more impressive",RetroFuturism
dwfn2h3,"SF author David Gerrold wrote this ""predict the future of computing"" article in 1999 in Sm@rt Reseller magazine.",It was only 20 years ago. That's like someone now saying there's gonna be flying cars within ~50 years,RetroFuturism
dwfn3o2,"SF author David Gerrold wrote this ""predict the future of computing"" article in 1999 in Sm@rt Reseller magazine.","Thank you! Lol, everyone is freaking out but anyone could've said this 19 years ago",RetroFuturism
dwfnbh4,"SF author David Gerrold wrote this ""predict the future of computing"" article in 1999 in Sm@rt Reseller magazine.","Shh, don't say anything to anyone but I predict in 2040 all our technology is going to be... *more convenient.*


And I'll be right, too! Seriously though, this guy was not a prophet.",RetroFuturism
dwfnmqu,"SF author David Gerrold wrote this ""predict the future of computing"" article in 1999 in Sm@rt Reseller magazine.",All I can imagine is these people staring at their phones/computers and just *screaming.* It's not that impressive.,RetroFuturism
dwfnrr9,"SF author David Gerrold wrote this ""predict the future of computing"" article in 1999 in Sm@rt Reseller magazine.",This isn't that impressive for 1999.,RetroFuturism
dwgjq4m,"You have been accepted for an experiment: you must stay in a room with nothing but bed/toilet/food/water and no human contact for one month. If you succeed for the whole month without giving up, you get $5,000,000. Do you accept? And what are your coping strategies to avoid mental breakdown?","So.. jail? Yeah, I'd do it.",AskReddit
dwgjrs4,"SF author David Gerrold wrote this ""predict the future of computing"" article in 1999 in Sm@rt Reseller magazine.","Android had a lot of the features way before, Apple just made it easier to use. Not revolutionary in my opinion.",RetroFuturism
dwgjvcc,"SF author David Gerrold wrote this ""predict the future of computing"" article in 1999 in Sm@rt Reseller magazine.","He predicted the original iPhone, which released in 2007. That's 9 years. Can you ""foretell"" a piece of technology that will be more advanced in 9 years?",RetroFuturism
dwj8nxu,"What everyday human activities do you expect to be exactly the same in 1,000 years as they are now?",This should randomly popped into my head last night when I was trying to fall asleep,AskReddit
dwj9ejj,How to get the best/longest high on Percocet?,"Take 50-100mgs hydroxyzine (vistaril) about 30 minutes before you take whatever your tolerance allows to get high. u/inlovewithheroin is right, we all thought it would just be a few oxys here and there..",opiates
dwjh3dl,My wife hid Easter eggs like this all around the apartment for me to find!,"I had to look it up, it's basically just a bag that controls the humidity level inside.",trees
dwjhrs8,Epidem-myass,They know.,opiates
dwouss1,"True story. Something ,something... ""Delayed Gratification""",I've been feeling very depressed lately and I'm glad I saw this.. I'm gonna take a shower and go get a job today.,AdviceAnimals
dwrp1ko,Share how many days clean you are,"This is day 34, thank you for the reminder!",OpiatesRecovery
dwwet4m,Blue Dot Vapors Bought me Dinner Last Night,"Y'all just got my business, I know where I'm getting my liquid from now on",electronic_cigarette
