Submission_ID,Submission_Title,Submission_Text,Subreddit
1tem4w,[360] Fuse co-op,I was referring to all the previous comments before the other person had replied,coopplay
1teudo,Anon gives us some creepy tips,I was referring to all the previous comments before the other person had replied,4chan
1tyi7o,Anon plays DayZ,I was referring to all the previous comments before the other person had replied,4chan
1wewqo,anon requests,I was referring to all the previous comments before the other person had replied,4chan
20v3fe,anon works in IT,I was referring to all the previous comments before the other person had replied,4chan
2327my,Guys. Guys. Guys. Guys.,I was referring to all the previous comments before the other person had replied,trees
23evef,anons write a poem,I was referring to all the previous comments before the other person had replied,4chan
253ibb,This happened in class today.,I was referring to all the previous comments before the other person had replied,merica
29vp33,When your grinder looks like this,I was referring to all the previous comments before the other person had replied,trees
2b564w,High moments while sober?,I was referring to all the previous comments before the other person had replied,trees
2bngok,Packed bubbler with my new (favorite) lighter,I was referring to all the previous comments before the other person had replied,trees
2du4v9,i have a story [6],I was referring to all the previous comments before the other person had replied,trees
36pb0u,Found three kittens abandoned in a box near a local pond,I was referring to all the previous comments before the other person had replied,cats
3b38g7,Getting prescribed Xanax?,I was referring to all the previous comments before the other person had replied,Drugs
3ffymg,Found this guy outside my house.. first prize to the person with the name,I was referring to all the previous comments before the other person had replied,spiderbro
4r8vbr,Dropping vape in water?,I was referring to all the previous comments before the other person had replied,electronic_cigarette
4ygb0y,Quick question about benzos,I was referring to all the previous comments before the other person had replied,Drugs
58kd1c,Need urgent translation.. can anyone help me?,I was referring to all the previous comments before the other person had replied,Vietnamese
5ayfj7,Seen this on my Instagram. This is not the image we need.,I was referring to all the previous comments before the other person had replied,trees
68pm31,"""Accept our permissions or you have to wait every time you use this app""",I was referring to all the previous comments before the other person had replied,Android
6trxv7,Using phone for internet on laptop?,I was referring to all the previous comments before the other person had replied,chromeos
8133m6,Just a quiiick question.,I was referring to all the previous comments before the other person had replied,OpiatesRecovery
82fvgw,Dboy gave me a proposition,I was referring to all the previous comments before the other person had replied,opiates
8452iu,"They make energy drinks and video games, perfect combination",I was referring to all the previous comments before the other person had replied,GTAV
86m199,My boy Onyx! We took him in after he was found around a softball field and he's been the sweetest boy ever!,I was referring to all the previous comments before the other person had replied,cats
