Comment_ID,Comment_Submission,Comment_Text,Subreddit
dtdqglx,Almost got caught with drugs,Off the fucking toilet bowl???,Drugs
dw1hc81,Vyvanse 20mg street value?,Where I’m at I buy 70mg for $3-4,Stims
dw4h8x5,"Opioids wrong way to treat lower back pain, researchers say",You’re a fucking genius.,opiates
dwfjf68,Girlfriend and her friend got popped over the weekend. Fml.,I don’t understand America. Is it common to just be pulled over for no reason? Does shit like that happen all the time? Where I live I’ve never been pulled over without probable cause.,opiates
dwfkz88,Girlfriend and her friend got popped over the weekend. Fml.,"Yeah I get that 100%. But my point is, why would they run the plates? Like what’s the cause for that? Do they just look for problems? I suppose that is kind of their job but running plates on random cars seems pretty far-fetched to me..",opiates
dwflvc6,Girlfriend and her friend got popped over the weekend. Fml.,"Thanks for the answer kind person. I’ve been pulled over twice, once for a random alcohol test on a Friday and once for being over the limit. That’s in my 7  -ish years of having a license. Fuck me, that’s just some bullshit you have to put up with.",opiates
dwhnny6,New Weeknd album tonight. Try to keep your debauchery to a safe level. love you guys so much.,Wait what? Since when? The fuck?,opiates
