Comment_ID,Comment_Submission,Comment_Text,Subreddit
dvk7436,I think I’m nearing a new low,"Well considering I’ll never be able to convince the dr I don’t work with of that, don’t you think I should get to try iv once then lol? Then I’ll get on shitty ass buprenorphine.",opiates
dvk79cd,I think I’m nearing a new low,"I’m OP’s fiancé.

edit: I’ll take your lack of response as  a maybe :D.",opiates
dvk9bhj,I think I’m nearing a new low,"Well I think that’s a lot easier for you to say no probably having done it before (or for that matter OP to say no it’s not worth it having the experience of being iv’ed a shitload of morphine, dilauded, and ativan together), but I guess thanks for the advice anyways. Good night :].",opiates
dvkuxhk,Weirdest Thing You Can Eat in Htown?,"That's actually really common and on the menu in every town. Also, username checks out.",houston
dvkuype,Weirdest Thing You Can Eat in Htown?,Is that really where the Chipotle barbacoa comes from?,houston
dvo7dyo,Anybody else find it surreal we have the best record in the league and the hands down MVP?,*What a time..*,rockets
dvpewl5,Toll fine changes bring confusion to Houston area,Has anyone else seemed like they're getting double charged for tolls lately? I've noticed I keep getting hit for my $40 EZTAG re-bill but there's seemingly no way I'm going through the $40 that's being re-billed every week or two.,houston
dvtdd11,Children or outraged fern gully residents?,the previous hole ;),discgolf
dvtdlst,"Looking back, do you still wish we still landed Melo?","Hell no, and I really wanted him too.",rockets
dw738i7,These are your dishes. These are your dishes on drugs..,"Wow.. moral of the story, remember to wash your dishes even when on 4 month long benders.. but with that being said, time to nod!",opiates
dw7cy1u,These are your dishes. These are your dishes on drugs..,Yea we did not try and salvage.,opiates
dw8bl94,These are your dishes. These are your dishes on drugs..,"Mold, although the good sentients on plateworld may disagree",opiates
dw90040,FUCK 290,"True :/... hell, even out here, we're pretty good at avoiding it unless there's absolutely no choice. Supposedly construction is going to end and it's going to get better in our lifetimes... supposedly.",houston
dw93fqb,Fire plugs off CL,What part of CL? They just closed down personals..,opiates
dwdu5x6,Asian American in the United States [6900X4275],"Ft Bend County in TX SW of Houston/Harris County is also largely rural, although the bulk of the asian population is probably just within the SW Houston suburbs & exurbs (like Sugarland for example).",MapPorn
dwgj2v1,Just secured my wife and I tickets for the entire playoff and finals run this season! Beyond excited! This season has been a Rockets fan’s dream so far.,Is that hydrogen peroxide or drank?,rockets
dwgj3ms,Just secured my wife and I tickets for the entire playoff and finals run this season! Beyond excited! This season has been a Rockets fan’s dream so far.,How much does a quarter season run per person on average lower bowl seats?,rockets
dwgjbqm,Anyone ever get red sprinkles in their product ?,Taste the rainbow :/,opiates
dwnk2iy,Just peeped a sneak peak at MiddleLands!,Damn.. Waxahachie basically means this is a Dallas based festival now.,houston
dwpb24t,We have a pennant!!!!,Here comes another one!,houston
dwsxya7,WhataSlab,I wish there was a non drug related reason I can recall for when I had to go here or to its parking lot.. but there wasn't.,houston
dwt5jnr,Would you have switched to heroin if oxys were still everywhere?,"I probably wouldn't have, or at least not as quickly. The price was a huge contributing factor but not the biggest one for me actually. Perhaps even bigger than the high price of Oxy, ($30/pill), I feel Suboxone really did a number on my tolerance as well and made me switch to china a lot quicker than I would have if at all. 
          

After being addicted to oxy for the first 5 months I got prescribed Suboxone for 9, but once my relationship went south and had other troubles, I decided to quit and relapse, and low and behold, my withdrawals were WORSE, like A LOT WORSE than they were with Oxy.  Unbeknownst to me at the time I went into the dr for them, I had no idea that the opioid within Buprenorphine/Suboxone was considered a stronger opiate than oxycodone (despite no feelings of euphoria while on it). I went back to Oxy for awhile, but that just wasn't cutting it anymore after I had affected my opiate tolerance level with Suboxone plus coupled with that the extremely high price/scarcity, and before long that had me looking for something stronger than Oxy, and there's not really a whole lot out there readily available on the street besides heroin. So yea, perhaps choosing to do oxy for 5 months put me down this path, but I highly doubt I would have tried H as soon as 14-15 months after I started opiates/opioids if it wasn't for the help of Suboxone severely upping my opiate level tolerance.",opiates
dwt5wbj,Would you have switched to heroin if oxys were still everywhere?,"I used to hate how H seems a lot more chill than the Oxy head rush when I first switched, but yea, now I enjoy that mellow vibe a lot more than the energetic euphoria Oxy gave.",opiates
dwtb8jl,Would you have switched to heroin if oxys were still everywhere?,Yea.. Why? Is that not a long time or something?,opiates
dwtc2ue,Would you have switched to heroin if oxys were still everywhere?,"Well, it had just gotten out of control at that point financially. I had gotten addicted enough to withdrawal after the first month or so, and by month 5 I was having to buy at least 2-3 to feel better and 4-10 if I wanted to be actually faded and feel like I was on drugs. Added to that, I also support my fiance's habit whom currently doesn't work so multiply whatever that daily total is by 2. Then multiply that out by 30 or however many days in a given month and multiply it by $30 to factor in the ridiculous prices for Oxy 30 mgs, and you can see that it financially gets out of hand really quick. (2\*2\*30\*$30 - 10\*2\*30\*$30) = (4\*30\*$30 - 20\*30\*$30) = (120\*$30 - 600\*$30) = ($3600 = $18000). Now obviously, we weren't doing 10 every night, but a $4k+ habit just isn't sustainable. The copay and insurance for Suboxone seemed a lot more reasonable at the time..",opiates
