Submission_ID,Submission_Title,Submission_Text,Subreddit
7bmu5s,Goth Kitty is displeased his ritual has been interrupted..,"Well considering I’ll never be able to convince the dr I don’t work with of that, don’t you think I should get to try iv once then lol? Then I’ll get on shitty ass buprenorphine.",cats
7idsxz,Frosty the Bluntman,"Well considering I’ll never be able to convince the dr I don’t work with of that, don’t you think I should get to try iv once then lol? Then I’ll get on shitty ass buprenorphine.",houston
7idue1,Frosty the Bluntman!,"Well considering I’ll never be able to convince the dr I don’t work with of that, don’t you think I should get to try iv once then lol? Then I’ll get on shitty ass buprenorphine.",houstonents
7o9gal,Infinity [R4-Opiates] Please help if possible.,"Well considering I’ll never be able to convince the dr I don’t work with of that, don’t you think I should get to try iv once then lol? Then I’ll get on shitty ass buprenorphine.",houstonr4r
86jc9v,Does the death penalty seem too harsh? Won’t this do f*ckall to actually cure the opioid epidemic and instead just ruin more lives/families? Thoughts?,"Well considering I’ll never be able to convince the dr I don’t work with of that, don’t you think I should get to try iv once then lol? Then I’ll get on shitty ass buprenorphine.",opiates
86qi3y,These are your dishes. These are your dishes on drugs..,"Well considering I’ll never be able to convince the dr I don’t work with of that, don’t you think I should get to try iv once then lol? Then I’ll get on shitty ass buprenorphine.",opiates
