Comment_ID,Comment_Submission,Comment_Text,Subreddit
dwi72ut,[NSFW] Doctor pulls some string stuff out of a dogs intestine,bet it’s a worm,popping
dwu9kzs,Recreational use of all drugs must be LEGAL. Those who defend illegality are all hypocrites!,couldn’t have said it better,Drugs
dwua9jy,What Reddit thread changed your life?,"There was one r/askreddit thread about the family of those that had committed suicide. More specifically, it asked the parents of reddit how they survived the death of their child and how they coped.

The stories from that thread made me stop from attempting suicide quite a few times.",AskReddit
dwuadrd,where my cool kids with depression/anxiety? How are yall doing? How do you cope?,ssri’s & xanax,teenagers
dww3kog,"Meet my nap buddy, Ezra!",Thank you!!,aww
dwwjlkf,I wish it was socially acceptable to wear glitter,Do it anyway!! Wear what makes you happy.,teenagers
dwwjly9,What was your favorite tv show as a kid?,Invader Zim,AskReddit
dwwjufq,Caramel macchiato cake I made for my birthday,That looks amazing omg,Baking
dwwjwbh,What do you like that nobody else seems to?,...but they’re too spicy,AskReddit
dwwk183,What is something that someone said and has stuck with you for life ?,"“I’m done, kid. You’re screwed up and I’m done trying to fix you” - my dad",AskReddit
dwwk3aw,What is your favorite fruit and why?,I will always love honeydew no matter what Bojack Horseman says,AskReddit
dwwk6ah,What movie ending pissed you off the most?,I wasn’t high enough to understand that movie,AskReddit
dwwkfgr,What do you like that nobody else seems to?,I’m just glad my taste buds survived their fiery wrath.,AskReddit
dwwkhry,SiBERiaN HuSkY DRoWNS IN A WaTeR BoWL,It’s rude to blow bubbles in your beverage when in public smh,PeopleFuckingDying
dwwkje0,something more lighthearted,I feel ashamed with myself. brb gotta go confess my sins,niceguys
dwwkm17,"If you could eat only one food for the rest of your life, what would it be?",Ice cream!! I’m gonna be shitting liquid dairy dessert for the rest of my days.,AskReddit
dwwks1b,"Drinker's of Reddit, what is your worst blackout story?","After classily chugging a bottle of wine & a couple pints of beer, I woke up to my random hook up of the night puking all over my bed & my room was absolutely TRASHED. I honestly don’t know what happened to this day, but the scent of vomit lingers in my memory. It was...aromatic to say the least. Ughh.",AskReddit
dwwkwkw,Spoonful of baby possums,protein yum,forbiddensnacks
dwwl12p,What's the value of pi?,3,AskOuija
dwwmscr,I guess size does matters...,Can I make “Long Loooooong Mannnnn” my ringtone???,funny
dwx5lar,Need to vent,"I’m 18 but I’m living with my mom & stepdad right now. They keep saying that I’ll try to abuse them, and as long as I’m under their roof then they get total control. 

It’s just frustrating.",opiates
dwx5y6n,Need to vent,"Yeah I got ibuprofen 800 which obviously is bunk, and then the 5 percs. I was planning on saving the percs for later for a party buttttttt I might not even be able to get ahold of them now.",opiates
dwx8nr0,Need to vent,"Damn that’s rough, I can’t imagine pain like that. Wisdom tooth removals hurt but they’re really not that bad, most people I know don’t even use up their opiate scripts. You would think that they’d understand the severe pain you’re going through when it’s protocol to hand them out for something way less.",opiates
dwxawo6,Need to vent,"yeah i know. it’s just insanely frustrating. especially with a tolerance, what’s 2.5mg supposed to do 🙄",opiates
dwxyykh,how to drop xan in prange juice help,ambien goals,ambien
