Submission_ID,Submission_Title,Submission_Text,Subreddit
7kvrme,hydros keep me going 😋,bet it’s a worm,opiates
7llmtl,this shit is delishhhhhhhh,bet it’s a worm,drunk
7mdxqc,Have you ever gaslighted someone in the past? Why?,bet it’s a worm,AskReddit
7mr54q,Simple January Cover Page,bet it’s a worm,bulletjournal
7mwscd,She hides under the couch every time I have to vacuum,bet it’s a worm,aww
7qblqo,Ambien suddenly not working?,bet it’s a worm,Drugs
7rs1mu,I'm really suffering,bet it’s a worm,opiates
7sglgv,Shoutout,bet it’s a worm,opiates
7v6tk9,CCC- Cold Copping off Craigslist,bet it’s a worm,opiates
7zjwca,just...why?,bet it’s a worm,creepyPMs
7zqyxd,has anyone ever thought of purposefully od'ing?,bet it’s a worm,opiates
81hjcq,it packs a punch 🔥🔥,bet it’s a worm,opiates
83mxn2,Have you ever had any paranormal experiences?,bet it’s a worm,AskReddit
83s6bv,So I have questions,bet it’s a worm,Braincels
86zq0t,What’s the most awkward moment you’ve witnessed at a wedding?,bet it’s a worm,AskReddit
8a54z7,"Meet my nap buddy, Ezra!",bet it’s a worm,aww
8a55ak,He knows he’s cute,bet it’s a worm,curledfeetsies
8a591u,cuddlebug cat,bet it’s a worm,ilikthebred
8a5c1q,cAt BrUtaLly KiCkEd AcRoSs RoOm,bet it’s a worm,PeopleFuckingDying
8aavh3,Need to vent,bet it’s a worm,opiates
