Comment_ID,Comment_Submission,Comment_Text,Subreddit
dvt6c73,Help with programming simple BASH menu script.,"Well I'm more asking for say a link or something that will help me find an outline for a menu? The assignment is turned in and locked, at this point it's pure self learning. 
EDIT: I missed turning in the assignment, I don't want to miss out on the material",Ubuntu
dvt95gz,Help with programming simple BASH menu script.,Thank you... I am going to look over the source code and write my own menu instead of just copy and pasting. I understand the listing commands and I tried to write my own menu but I really don't have a BASH programming book like I do for python so I just decided to run to reddit. thank you so much,Ubuntu
dvt97ml,Making a Menu?,"I will do a quick Google search stuff like this is not discussed in class, I'm glad I came to reddit to find the wizards 😂",bash
dw2lesl,Help! Just tell me they aren't bugs please.....,"I have these on my plants, they are young trichromes. :) don't worry bud",microgrowery
dw2li4p,Help! Just tell me they aren't bugs please.....,"also, if you run the pad of your thumb up one of the fingers of the leaves you'll realize it kind of grabs you and doesn't feel smooth. there are little barbs on the leaves that I can't remember if are for water or for pest resistance but that may be what you're seeing as well",microgrowery
dw2llxn,Is this normal after transplant?,Are you checking pH or feeding her at all? she looks like she is starving for nitrogen,microgrowery
dw2lykx,Help! Just tell me they aren't bugs please.....,am I blind? 🤔🤔🤔,microgrowery
dw2scmn,Help! Just tell me they aren't bugs please.....,That being said they have a raised texture to them.,microgrowery
dw2sept,Help! Just tell me they aren't bugs please.....,That looks WAY worse and more distinct than the picture from OP,microgrowery
dw2siaf,HPS & LED Micro Grow,"Both lights are about equal draw from the wall, sun system 150w and a Mars hydro 300w. rotating the plants around for a mixed spectrum :)",microgrowery
dw91ci1,Anyone running pure sativas with CO2?,"thank you so much for the info, I was going to DIY the COB :) I am going to more than likely do it in a larger tent SPECIFICALLY for my sativas, I have a few more cycles to put under my belt before this endeavor however but I thirst for knowledge.",microgrowery
dwa1q6f,"Lower leaves yellowing from being rootbound, mid flower. options?","that being said, it is in a 1.5 liter pot, all her sisters are in 2.5 gals? 🤔🤔🤔 not to mention her sisters were in 4 inch pots all their life before the transplant into 2.5 gal pots a week before the flip. I am ASSUMING the worse that will happen if I keep up what I'm going will be yellow/ brown buds, but as this is all for personal consumption that won't be an issue. thank you a bumch, I'm going to flower in 3 gals from now on, and maybe get grow bags next cycle 😂",microgrowery
dwa1rgk,"Lower leaves yellowing from being rootbound, mid flower. options?",will reply via imgur link shortly,microgrowery
dwa2mg7,"Lower leaves yellowing from being rootbound, mid flower. options?",Rootbound? https://imgur.com/gallery/FuMNp,microgrowery
dwa2mwd,"Lower leaves yellowing from being rootbound, mid flower. options?",Rootbound? https://imgur.com/gallery/FuMNp,microgrowery
dwa2qct,"Lower leaves yellowing from being rootbound, mid flower. options?",thank you 😂😂😂😂,microgrowery
dwa33gk,"Lower leaves yellowing from being rootbound, mid flower. options?","thanks for feedback, this is my first grow under lights. I Don't have to worry about rain but space is an issue",microgrowery
dwa368m,Scored a 100 pack of blues... Last hooray before getting sober for good,out with a bang I see,opiates
dwa46sq,"Lower leaves yellowing from being rootbound, mid flower. options?","THANK YOU TO EVERYONE WHO REPLIED!!! I gave her a liter of full strength Sensi Bloom A&B w/ Bud candy and let her drain, will be using MUCH larger pots to flower next go around. I think I may call this issue resolved :) looking forward to a healthy(ier) harvest :)",microgrowery
dwacs4x,"Feeding in coco, am I doing it wrong?","does your medium ever ""dry out""? Or do you water before it gets crispy?",microgrowery
dwf5uqi,Is deepdotweb still reliable?,meaning no? yes?,onions
dwji82g,"Don't you just love everyone whose personality revolves solely around the fact that they smoke weed is always a ""drug expert"" on literally everything about every drug?",As a poly drug user with a taste many for cannabis opiates and LSD. yes. I know a lot of these people. they fucking suck and are fucking posers. no better than people who think that RX meds and alcohol are safer than pot. Do your damn research and don't be a prick,opiates
dwjidj6,"Don't you just love everyone whose personality revolves solely around the fact that they smoke weed is always a ""drug expert"" on literally everything about every drug?",I might be a hippy who uses opiates but I look like an emo kid so there's that,opiates
dwp1jbl,Let’s just overgrow the government with poppies ... ?,I am a fan,opiates
dwp1o0v,Dat sharp chedder,how do this?,opiates
