Submission_ID,Submission_Title,Submission_Text,Subreddit
5q7cka,First Batch Help,"Well I'm more asking for say a link or something that will help me find an outline for a menu? The assignment is turned in and locked, at this point it's pure self learning. 
EDIT: I missed turning in the assignment, I don't want to miss out on the material",DIY_eJuice
5qdy49,(USA/California)$60-$75 M9 GBB Starter Kit,"Well I'm more asking for say a link or something that will help me find an outline for a menu? The assignment is turned in and locked, at this point it's pure self learning. 
EDIT: I missed turning in the assignment, I don't want to miss out on the material",airsoftmarket
5rbw7k,Juice Conservative/TC builds for TFV8 RBA,"Well I'm more asking for say a link or something that will help me find an outline for a menu? The assignment is turned in and locked, at this point it's pure self learning. 
EDIT: I missed turning in the assignment, I don't want to miss out on the material",electronic_cigarette
72r7ct,How to code a driver?...,"Well I'm more asking for say a link or something that will help me find an outline for a menu? The assignment is turned in and locked, at this point it's pure self learning. 
EDIT: I missed turning in the assignment, I don't want to miss out on the material",linuxquestions
7zj2pw,Trying to get audio to work on HPx2 Detachable 2 in 1 laptop,"Well I'm more asking for say a link or something that will help me find an outline for a menu? The assignment is turned in and locked, at this point it's pure self learning. 
EDIT: I missed turning in the assignment, I don't want to miss out on the material",linuxquestions
84xgqy,Help with programming simple BASH menu script.,"Well I'm more asking for say a link or something that will help me find an outline for a menu? The assignment is turned in and locked, at this point it's pure self learning. 
EDIT: I missed turning in the assignment, I don't want to miss out on the material",Ubuntu
84xuis,Making a Menu?,"Well I'm more asking for say a link or something that will help me find an outline for a menu? The assignment is turned in and locked, at this point it's pure self learning. 
EDIT: I missed turning in the assignment, I don't want to miss out on the material",bash
86zciv,Anyone running pure sativas with CO2?,"Well I'm more asking for say a link or something that will help me find an outline for a menu? The assignment is turned in and locked, at this point it's pure self learning. 
EDIT: I missed turning in the assignment, I don't want to miss out on the material",microgrowery
88gv8r,Strain Question: Hashberry,"Well I'm more asking for say a link or something that will help me find an outline for a menu? The assignment is turned in and locked, at this point it's pure self learning. 
EDIT: I missed turning in the assignment, I don't want to miss out on the material",trees
88gvop,"Looking to grow Hashberry,","Well I'm more asking for say a link or something that will help me find an outline for a menu? The assignment is turned in and locked, at this point it's pure self learning. 
EDIT: I missed turning in the assignment, I don't want to miss out on the material",microgrowery
