Submission_ID,Submission_Title,Submission_Text,Subreddit
6rnyk9,I need some advice,Love you to man! Ha and you too myopoidwife!,PoppyTea
6vca1i,Interesting doctors visit.,Love you to man! Ha and you too myopoidwife!,PoppyTea
6vnfwu,"If you do one benificial thing for pst today, please",Love you to man! Ha and you too myopoidwife!,PoppyTea
70rf7g,My dear god!,Love you to man! Ha and you too myopoidwife!,PoppyTea
739kxg,Sn spanish,Love you to man! Ha and you too myopoidwife!,PoppyTea
747oub,Anybody order new sn spain?,Love you to man! Ha and you too myopoidwife!,PoppyTea
76jrty,Current Ftl 10/19 review,Love you to man! Ha and you too myopoidwife!,PoppyTea
77fqn1,Review sn 7/15 t4r42897,Love you to man! Ha and you too myopoidwife!,PoppyTea
