Comment_ID,Comment_Submission,Comment_Text,Subreddit
dwterc3,And they say they are hard to get .. 🧐,"every see Oxyana? awesome documentary on the pill problem in WV, one guy one there had a bottle of 30s that was for 15 a day, he said a dr in DC, pay em 1000$ and you get 450 pills per month, its from like 2013 and think it was filmed in 2010-12 ish, before the DEA really clamped down hard on 30s",opiates
dwtevbs,Pharmaceutical-quality opiates almost impossible to find.,really? my pharmacy has plenty of oxys on deck....,opiates
dwtf76i,The pink fairy came through today. I lost three of them in my nasal cavity. Spooky.,"for everyone asking about roxi',s Oxycodone with a K on it is made By KVK-TECH, IMHO KVK-TECH makes THE BEST oxycodone to filler ratio, my personal favorites are the K 8's 9's 57's 56's, pretty much all of them haha xD",opiates
dwtfaam,Unfortunately in the UK this is as good as it gets from the doctor unless you are seriously ill. Should last all of 2 days,"god bless america, pay cash, get treated like a human being.",opiates
dwttnlo,[I ate] Fried hand-pulled noodles with Peking duck,"at first i read ""i ate fried hand pulled poodles""",food
dwtttlu,19 and have been on clonazepam since I was 15. Was on 3 mg. Just got changed to 6 mg a day of xanax!,"please go easy on them..... thats insane at ur age ur brain isnt even done developing till ur 25, not trying to judge you at all bro just please go easy and respect the awesome power of alprazolam... because it has an equally bad low....",benzodiazepines
dwttxym,And they say they are hard to get .. 🧐,"maximum amounts are only ""guidelines"" doctors can increase (within reason) the max amount of drug a patient can take for pain at their discretion, obviously 10 years ago it was a much different thing than it is today...",opiates
dwtujpq,Over 2 grand right here,"kvk tech baby, my favorites!",opiates
dwu034d,always gotta eat your greens,"I did but they showed a white x2 bar did not say it was a red devil but they didn't exactly specify if it was one or the other, I knew those presses where mostly bs, not all but def alot are not alp",benzodiazepines
dwu716z,And they say they are hard to get .. 🧐,"You can always choose to pay cash if ur insurance won't ""allow"" you what the Dr RXs at least in my state you can, still it's getting fucked up ""don't take this drug but take.all these other ones that are equally as bad for you"" Moto is really quite Hilarious",opiates
dwu7bz7,It's much worse: Facebook says almost every profile has had its data scraped by a third party,"This is not surprising to a single person who understands how data is stored and why FB doesn't cost money to use, why the fuck do you think Gmail is free as well?????? Your information is more valuable than anything else",news
dwu7ga9,Surfer Dad,Why is someone just filming a child possibly drowning? Is this a promotional piece for beach rescue jobs?,DadReflexes
dwu7o50,Facebook now says up to 87 million users may have had their data leaked to Cambridge Analytica.,"This is infuriating that people are so dumb this has become news, it's the MOST OBVIOUS way of harvesting mass data, FB FREE, GMAIL FREE, LIST GOES ON, companies that provide them? Worth more money than you can count by hand in a life time",worldnews
dwu7pnj,My neckbeardiest moment years back...can't believe I even used this for my dating profile pic.,At least you made chicks laugh? 😉,justneckbeardthings
dwu7sex,"What's a reference that any fan will immediately recognize, but others won't?",!  Huh what was that noise?!,AskReddit
dwu8jkg,Printing directions with mapquest,Be sure to consult a thesaurus on all the cool locations of your destination,nostalgia
dwu8py3,When an Uber driver refuses to return your stuff,"I will never understand how you get into a STANGERS CAR and forget something as important as your phone and wallet...  Maybe the one thing my anxiety is useful for.... 😃

Edit: damn that Uber driver is a real POS opertunist douchebag not sure I'd be able to just let that shit go without at least slapping the fuck out of him for even trying to pull that bs, irl Microsoft scammer type...""I can't find it"" ill pay you "" oh yes it's magically appeared before me how will I be rewarded?????"" Piece of shit..",pettyrevenge
dwuptze,Very Interesting Watch. I Love Vice,"those where 12% and 10% now mgs, didnt specify filler to active ingrediant ratio",benzodiazepines
dwvt7ms,YOU GUYS WANNA KNOW HOW TO MAKE BIG BUCKS LIKE ME? I made this in just one week!!! I hope my dboy takes ones......,I can't get high with 40$ lmao,opiates
dwvvtm5,Double trouble seagull tippy taps,"I believe those are beach chickens, lost apparently",tippytaps
dwwqovq,Do I sound like a drug seeker?,"dont you dare tell them it doesnt work thats the first sign you are resisting treatment, you have to know how to play it, but 6mg a day is retarded, its not even going to work in a few months at that rate aboslutely use the medicine as a tool but dont go off the deep end on benzos... you think you have anxiety now? wait till ur labeled a drug seeker, kicked off and have to feel what benzo wd is like and cant get anymore",benzodiazepines
dwx03bz,Alprazolam 1mg Er X73 PHARM,"they are quite rare and they make em up to 3mg too, triangles",benzodiazepines
dwx051z,"Ayeee boys, your girl is about to have a good day.",how many per bun? i used to get 14 in my double seals,opiates
dwx1452,I have never done any opiates. I've been browsing this sub for ~2 hours now.,"i had a whole mess of oxys and vicodins stashed away, used to take 1 a month MAYBE... then i broke my back in multiple locations from a 20 ft fall.... id rather love opioids than be useless and severely depressed and in pain, been 8 years, still hurts like a motherfucker all the time after any physical activity",opiates
dwx1dxr,"Premade east coast stamp bags, opinions on them?","ive seen the one with the bird on it, was labeled ""take over"" and purple also new arrival with same stamp, red popeye, red coca cola,
blue bags with Buffalo on em... buffalo popeye and coca cola where the most consistent
12 or 14 in a bun and  take over/new arrival any bag that looked like that was the cheap shit and not very good, the double seals with 12-14 in a bun where always on point and always fire, poppys dont fuck with ur dope they want u happy",opiates
