Submission_ID,Submission_Title,Submission_Text,Subreddit
7sca3x,Catfish love pears,"every see Oxyana? awesome documentary on the pill problem in WV, one guy one there had a bottle of 30s that was for 15 a day, he said a dr in DC, pay em 1000$ and you get 450 pills per month, its from like 2013 and think it was filmed in 2010-12 ish, before the DEA really clamped down hard on 30s",Dreams
7zjs47,Very old exploration video,"every see Oxyana? awesome documentary on the pill problem in WV, one guy one there had a bottle of 30s that was for 15 a day, he said a dr in DC, pay em 1000$ and you get 450 pills per month, its from like 2013 and think it was filmed in 2010-12 ish, before the DEA really clamped down hard on 30s",hiddenwow
80kgym,"Indoor Bird hunting, circa 2017","every see Oxyana? awesome documentary on the pill problem in WV, one guy one there had a bottle of 30s that was for 15 a day, he said a dr in DC, pay em 1000$ and you get 450 pills per month, its from like 2013 and think it was filmed in 2010-12 ish, before the DEA really clamped down hard on 30s",aww
84sxwp,"Nope Rope, Oh hell naw naw","every see Oxyana? awesome documentary on the pill problem in WV, one guy one there had a bottle of 30s that was for 15 a day, he said a dr in DC, pay em 1000$ and you get 450 pills per month, its from like 2013 and think it was filmed in 2010-12 ish, before the DEA really clamped down hard on 30s",funny
