Comment_ID,Comment_Submission,Comment_Text,Subreddit
dwf5hqe,Heroin Anonymous??,"I went to one, once. It was me and five men, I wasn’t comfortable at all, and although I was still getting high and that could have clouded my perception, I don’t think I’d be comfortable now there either. It was the only HA meeting in my state at the time and I’m not sure if they’ve broadened their territory at all, so I haven’t looked. I hope other people’s experiences are better.",OpiatesRecovery
dwfdcbu,Wednesday March 28th Daily Check In,"I blow dried my hair this morning and realized how freaking long my hair has gotten. I can’t remember the last time I got it cut. A lot of work has gone into this hair, as stupid as it sounds. When I got clean it was falling out due to malnutrition and not giving a fuck. I’ve been dyeing it for years, too, and recently decided to stop, so my roots are ridiculous too. 

My boyfriend is bringing his new sponsee to the beginners meeting tonight, I’m kind of excited because it’s a kid we both met two years ago in rehab, and it’s cool to see the person I love most helping out someone we both have seen struggle for a couple years. Hopefully he gets it this time.",OpiatesRecovery
dwfsozo,Tuesday March 27th Daily Check In,"Gratitude chickadee, gratitude and perspective. ❤️",OpiatesRecovery
dwgehde,"What screams ""I'm a local"" in your area?","But don’t go too far down 195, cause you’ll end up going north on 295 which turns into 95s... but it’s not the same 95 as the interstate. Or maybe you’ll end up on 29 or 129 which both go to the same part of the hood.",AskReddit
dwkw75d,Saturday March 31st Daily Check In,"My very first sponsor from three or so years ago invited me to speak at her group this morning, so I was up at 5am for a 7am meeting an hour away. It went really well and she was super happy to see me. Last time we saw each other I was in the process of trying and failing to get clean and we “fell out of touch” when I ignored her for six months or so. She had a relapse at some point, and I got sober, she has about 9 months back now. It was really good to see her. 

At noon I have another speaking commitment and then celebration is at 7pm so I’m going to be pooped tonight. Then work at 8am tomorrow. Gotta stay busy though I guess.",OpiatesRecovery
dwmpu4f,Sunday April 1st check in,I really think you might be a cartoon character.,OpiatesRecovery
dwmq56i,What’s it like?,"It’s not fun. I was not officially homeless until after I got sober, but I spent many nights in my car or in a shitty random bedroom/flop house. The drugs, in those situations, are far more important than a clean, comfy place to sleep.",OpiatesRecovery
dwmrq8m,Sunday April 1st check in,Your posts always make me laugh because everything is so emphatic. Like I can picture you wildly gesticulating and changing the volume of your voice while I’m reading it. Like a hip cartoon jazz man.,OpiatesRecovery
dwmwy0a,Sunday April 1st check in,"So the speaking commitments and celebration night were a success. I got up way too early and went to bed way too late and in the middle washed my car and killed my car battery which was disappointing. My old sponsor was so stoked to see me so that was very nice. 

My boyfriend gave me my coin and said so many nice things about how much I’ve changed in the last two years. I got all emotional. We went out to the diner with all the other young people and many people whom I am not too fond of. I don’t know why we keep going out with all of them. It’s a shit show every time.",OpiatesRecovery
dwqv1si,How did you choose a rehab? Was there enough information out there to go off? (Media post),"My parents found one based on what amenities they listed that they had. I didn’t give a shit, and they didn’t have any of the things they listed on the website. I’m okay with that because it got me sober. My parents were upset that they didn’t have tennis or horses but we’re basically just looking for somewhere in NJ with a 90 day program so I wouldn’t have to go to Florida.",OpiatesRecovery
dwqyegu,Tuesday April 3rd Daily Check In,"Work computer is busted. The IT guy has been trying to fix it all day which means that I have been stuck in the kitchen doing literally nothing except scrolling through Facebook for the last hour. All the photos on my google drive were somehow corrupted so he had to make a new username for me and now not all the files for our POS transferred and I can’t run any credit cards on the order I’m putting in. 

Might have to sit at a coworkers desk for the rest of the day, next to one of my least liked other coworkers. I like my seat. Why my computer gotta play me like this?",OpiatesRecovery
dwrqx47,Share how many days clean you are,760 today.,OpiatesRecovery
dwsgbbg,Wednesday April 4th Daily Check In,"Several people from corporate got fired two days ago. I found out yesterday. They’re “cutting costs”. My boss had a meeting with the CFO and CEO yesterday afternoon and came back crying an hour and a half later, refused to tell us what was going on, and said “nothing I’m just tired.” So now I’m off today and I’m terrified that I’m going to come back and get laid off on Thursday. 

I’m 99% sure she was told one of three things: that were downsizing, she’s fired, or the department is shutting down. Any of these things is not good news and I’m shitting myself waiting to find out. 

Going to a meeting at noon and reading the big book with my backup sponsor afterward so that should take my mind off things temporarily. 

Update: everyone in marketing got fired too except for one person.",OpiatesRecovery
dwsgne6,Almost two years clean and feeling really lost...,"Sometimes I feel like using. I am 25 months “old” today so I feel like we’re around the same age in sobriety. It’s important to remember what happens after you use. It might relieve whatever you’re feeling for a second, but think about the consequences, because they are one hundred percent inevitable if you start again. 

Dopesick
Broke
Lying
Stealing
Ashamed
Guilty
Depressed
Homeless
Jobless
Single

There is no “just once” and there is no success in using. All of those things that you have, they will be gone. No apartment, no brief glimpses of happiness or joy. Just using and trying to get more money to use more. Or death. So go take a walk, or call someone else who doesn’t do drugs, or watch a buddy comedy. But don’t call that guy.",OpiatesRecovery
dwsizyn,Wednesday April 4th Daily Check In,"I’ll be okay. Even if I’m not, I will be.",OpiatesRecovery
dwt4qge,"How much does the average rehab cost? How do you pay for your stay, insurance or out of pocket?","Most of the detoxes and rehabs that I have been to in the past have been approximately $1,000 per day. My insurance paid for most of them most of the time. However when I went to 90 day treatment we (I say we, but my parents) had to pay $27,000 out of pocket to get in the door. Insurance maxed out so they paid for the rest.",opiates
dwt57sz,Craziest thing you’ve done to avoid WDs?,"One time I went to the urgent care center to drug seek, they sent me to the ER and I ended up getting a spinal tap so they would give me pain meds, because I didn't want to get sick. Also prostitution and other normal junkie things you gotta do to stay well, but the spinal tap thing sticks out to me in my history of fucking stupid things I've done.",opiates
dwt5cqa,Anybody else been like a dollar away from gettin sum? Did your dboy let it pass or tell you to kick rocks?,I got one guy to trust me so he fronted me five bags once. Then he was shot and killed while I was in rehab so I suppose I don't owe him that twenty bucks anymore.,opiates
dwt5kil,"Does anyone else get irrationally angry when people call it ""Celiacs"" or ""Celiac's"" instead of just ""Celiac""?","I feel the same way when people say ""Barnes and Nobles."" I don't have multiple celiacs, I just have Celiac. WHERE ARE THE REST OF THEM IF IT ENDS IN AN S?",Celiac
dwt69h8,Considering leaving AA,"You won't necessarily get loaded again. A lot of people use different methods to stay sober. 

For me personally, I am also fairly confident in my ability to stay sober, but I'd rather play it safe than try to figure out if I can do it without AA. Besides, all my friends are here! I'd be so bored.

My advice would be to give it a little more time to see how you feel (maybe stick around for a year?) and then make a decision. There's plenty of time to change your mind.",REDDITORSINRECOVERY
dwt7zga,What's the most fucked up dream you've ever dreamt?,"I have dreams about using heroin once in a while and have two years sober. Even in my dreams now I know I'm sober and last time it happened my dream self told me ""this only ever happens in dreams, so you're probably asleep right now. Wake up."" and so I did. 

It gets way way better dude. Hang in there.",AskReddit
dwtdinv,"How much does the average rehab cost? How do you pay for your stay, insurance or out of pocket?","Nah, I tried at home detox and always found a way to bust myself out and get high. I needed long term, and thankfully my family was in a position financially that they could do that for me. I needed like serious daily therapy to get me better.",opiates
dwtevnv,"How much does the average rehab cost? How do you pay for your stay, insurance or out of pocket?",You gotta sleep sometime!,opiates
dwtv9rj,"Does anyone else get irrationally angry when people call it ""Celiacs"" or ""Celiac's"" instead of just ""Celiac""?","We admitted we were powerless over gluten, and that our bowels had become unmanageable.",Celiac
dwxmlk2,Friday April 6th Daily Check In,"I have an interview on Wednesday with a furniture place. It’s straight commission based so that kind of sucks, and weekends are mandatory, but I need to go somewhere else. We shall see. In any case I’m sober and that’s the important thing.",OpiatesRecovery
