Submission_ID,Submission_Title,Submission_Text,Subreddit
5gd5ef,LOOK WHAT I DID GUYS,"I went to one, once. It was me and five men, I wasn’t comfortable at all, and although I was still getting high and that could have clouded my perception, I don’t think I’d be comfortable now there either. It was the only HA meeting in my state at the time and I’m not sure if they’ve broadened their territory at all, so I haven’t looked. I hope other people’s experiences are better.",OpiatesRecovery
5gyef1,For my friend Kelly,"I went to one, once. It was me and five men, I wasn’t comfortable at all, and although I was still getting high and that could have clouded my perception, I don’t think I’d be comfortable now there either. It was the only HA meeting in my state at the time and I’m not sure if they’ve broadened their territory at all, so I haven’t looked. I hope other people’s experiences are better.",opiates
5hfs05,"Yellow for urine! I mean, you're in!","I went to one, once. It was me and five men, I wasn’t comfortable at all, and although I was still getting high and that could have clouded my perception, I don’t think I’d be comfortable now there either. It was the only HA meeting in my state at the time and I’m not sure if they’ve broadened their territory at all, so I haven’t looked. I hope other people’s experiences are better.",opiates
5icwyb,Telling on myself.,"I went to one, once. It was me and five men, I wasn’t comfortable at all, and although I was still getting high and that could have clouded my perception, I don’t think I’d be comfortable now there either. It was the only HA meeting in my state at the time and I’m not sure if they’ve broadened their territory at all, so I haven’t looked. I hope other people’s experiences are better.",REDDITORSINRECOVERY
5j5e2e,"Monday December 19, 2016","I went to one, once. It was me and five men, I wasn’t comfortable at all, and although I was still getting high and that could have clouded my perception, I don’t think I’d be comfortable now there either. It was the only HA meeting in my state at the time and I’m not sure if they’ve broadened their territory at all, so I haven’t looked. I hope other people’s experiences are better.",OpiatesRecovery
5k4cuz,This is not opiate related whatsoever BUT,"I went to one, once. It was me and five men, I wasn’t comfortable at all, and although I was still getting high and that could have clouded my perception, I don’t think I’d be comfortable now there either. It was the only HA meeting in my state at the time and I’m not sure if they’ve broadened their territory at all, so I haven’t looked. I hope other people’s experiences are better.",OpiatesRecovery
5nkd31,Thursday January 12 2017 check in,"I went to one, once. It was me and five men, I wasn’t comfortable at all, and although I was still getting high and that could have clouded my perception, I don’t think I’d be comfortable now there either. It was the only HA meeting in my state at the time and I’m not sure if they’ve broadened their territory at all, so I haven’t looked. I hope other people’s experiences are better.",OpiatesRecovery
5qfgac,Does anyone in NJ know where I can get naloxone for cheap?,"I went to one, once. It was me and five men, I wasn’t comfortable at all, and although I was still getting high and that could have clouded my perception, I don’t think I’d be comfortable now there either. It was the only HA meeting in my state at the time and I’m not sure if they’ve broadened their territory at all, so I haven’t looked. I hope other people’s experiences are better.",OpiatesRecovery
5qnmjs,Saturday 28 January 2017 check in,"I went to one, once. It was me and five men, I wasn’t comfortable at all, and although I was still getting high and that could have clouded my perception, I don’t think I’d be comfortable now there either. It was the only HA meeting in my state at the time and I’m not sure if they’ve broadened their territory at all, so I haven’t looked. I hope other people’s experiences are better.",OpiatesRecovery
5syljw,"Feeling very alone and honestly a little sick, could use support.","I went to one, once. It was me and five men, I wasn’t comfortable at all, and although I was still getting high and that could have clouded my perception, I don’t think I’d be comfortable now there either. It was the only HA meeting in my state at the time and I’m not sure if they’ve broadened their territory at all, so I haven’t looked. I hope other people’s experiences are better.",diabetes_t1
5tfoil,Saturday 11 February 2017 check in,"I went to one, once. It was me and five men, I wasn’t comfortable at all, and although I was still getting high and that could have clouded my perception, I don’t think I’d be comfortable now there either. It was the only HA meeting in my state at the time and I’m not sure if they’ve broadened their territory at all, so I haven’t looked. I hope other people’s experiences are better.",OpiatesRecovery
5xpdvl,One year and two days ago I tried to kill myself via overdose. It was the last time I used. I was gonna post this yesterday but I was so busy with my family I forgot!,"I went to one, once. It was me and five men, I wasn’t comfortable at all, and although I was still getting high and that could have clouded my perception, I don’t think I’d be comfortable now there either. It was the only HA meeting in my state at the time and I’m not sure if they’ve broadened their territory at all, so I haven’t looked. I hope other people’s experiences are better.",opiates
5ziyiy,Wednesday 15 March 2017 Check in,"I went to one, once. It was me and five men, I wasn’t comfortable at all, and although I was still getting high and that could have clouded my perception, I don’t think I’d be comfortable now there either. It was the only HA meeting in my state at the time and I’m not sure if they’ve broadened their territory at all, so I haven’t looked. I hope other people’s experiences are better.",OpiatesRecovery
5zv9rg,24 hours at a time I have been fortunate enough to experience total sobriety for 377 days today. I have collected some shiny prizes along the way.,"I went to one, once. It was me and five men, I wasn’t comfortable at all, and although I was still getting high and that could have clouded my perception, I don’t think I’d be comfortable now there either. It was the only HA meeting in my state at the time and I’m not sure if they’ve broadened their territory at all, so I haven’t looked. I hope other people’s experiences are better.",alcoholicsanonymous
65utyg,"Monday, April 17, 2017 Check In","I went to one, once. It was me and five men, I wasn’t comfortable at all, and although I was still getting high and that could have clouded my perception, I don’t think I’d be comfortable now there either. It was the only HA meeting in my state at the time and I’m not sure if they’ve broadened their territory at all, so I haven’t looked. I hope other people’s experiences are better.",OpiatesRecovery
66vvvk,"Saturday, 22 April 2017 check in","I went to one, once. It was me and five men, I wasn’t comfortable at all, and although I was still getting high and that could have clouded my perception, I don’t think I’d be comfortable now there either. It was the only HA meeting in my state at the time and I’m not sure if they’ve broadened their territory at all, so I haven’t looked. I hope other people’s experiences are better.",OpiatesRecovery
67us8q,"Thursday, 27 April 2017 Check In","I went to one, once. It was me and five men, I wasn’t comfortable at all, and although I was still getting high and that could have clouded my perception, I don’t think I’d be comfortable now there either. It was the only HA meeting in my state at the time and I’m not sure if they’ve broadened their territory at all, so I haven’t looked. I hope other people’s experiences are better.",OpiatesRecovery
6axpi8,"Saturday May 13, 2017 check in","I went to one, once. It was me and five men, I wasn’t comfortable at all, and although I was still getting high and that could have clouded my perception, I don’t think I’d be comfortable now there either. It was the only HA meeting in my state at the time and I’m not sure if they’ve broadened their territory at all, so I haven’t looked. I hope other people’s experiences are better.",OpiatesRecovery
7121ef,"Tuesday, September 19, 2017 Check In","I went to one, once. It was me and five men, I wasn’t comfortable at all, and although I was still getting high and that could have clouded my perception, I don’t think I’d be comfortable now there either. It was the only HA meeting in my state at the time and I’m not sure if they’ve broadened their territory at all, so I haven’t looked. I hope other people’s experiences are better.",OpiatesRecovery
7400eq,Tuesday October 3rd Check In,"I went to one, once. It was me and five men, I wasn’t comfortable at all, and although I was still getting high and that could have clouded my perception, I don’t think I’d be comfortable now there either. It was the only HA meeting in my state at the time and I’m not sure if they’ve broadened their territory at all, so I haven’t looked. I hope other people’s experiences are better.",OpiatesRecovery
74nnwz,Friday October 6 check in,"I went to one, once. It was me and five men, I wasn’t comfortable at all, and although I was still getting high and that could have clouded my perception, I don’t think I’d be comfortable now there either. It was the only HA meeting in my state at the time and I’m not sure if they’ve broadened their territory at all, so I haven’t looked. I hope other people’s experiences are better.",OpiatesRecovery
7fcddq,Frustrated even after all these years,"I went to one, once. It was me and five men, I wasn’t comfortable at all, and although I was still getting high and that could have clouded my perception, I don’t think I’d be comfortable now there either. It was the only HA meeting in my state at the time and I’m not sure if they’ve broadened their territory at all, so I haven’t looked. I hope other people’s experiences are better.",diabetes_t1
7h07vo,"Universe Half Sleeve by Daniel Rosini, Pure Ink Tattoo Ledgewood NJ (finished but not healed)","I went to one, once. It was me and five men, I wasn’t comfortable at all, and although I was still getting high and that could have clouded my perception, I don’t think I’d be comfortable now there either. It was the only HA meeting in my state at the time and I’m not sure if they’ve broadened their territory at all, so I haven’t looked. I hope other people’s experiences are better.",tattoos
7wu3w7,Finally got my sensors... but...,"I went to one, once. It was me and five men, I wasn’t comfortable at all, and although I was still getting high and that could have clouded my perception, I don’t think I’d be comfortable now there either. It was the only HA meeting in my state at the time and I’m not sure if they’ve broadened their territory at all, so I haven’t looked. I hope other people’s experiences are better.",diabetes_t1
81qeo7,Saturday March 3 2018 check in,"I went to one, once. It was me and five men, I wasn’t comfortable at all, and although I was still getting high and that could have clouded my perception, I don’t think I’d be comfortable now there either. It was the only HA meeting in my state at the time and I’m not sure if they’ve broadened their territory at all, so I haven’t looked. I hope other people’s experiences are better.",OpiatesRecovery
