Comment_ID,Comment_Submission,Comment_Text,Subreddit
dmgxsds,Bind help?,ok so i have another issue. i use that bind you gave me for my mouse 4 and mouse 5 now i like it i click ir once to bring it out and again to throw. but the reason i liked my previous bind was because if i let go of the button it went back to my slot 1 gun. so i put that bind on z and x but when i  click z or x it changes to the grenade but doesnt go back to slot1 on release. is it because i have to many binds? or that my mouse acts different then the keyboard?  please help?,GlobalOffensive
dmjslxt,Love college girls who don't appreciate the drugs they get and trade me a full script for one line of coke ❤️,id have to eat all of those. shes probably not into the way it makes her feel. cant feel a guy fucking your mouth and cant spend all night sucking jocks off if your doped out,opiates
dmjsnxh,Rooting for C9 in the gauntlet,of only they had hai. i honestly feel like dignitas might pull it out. id love to see them at worlds.,Cloud9
dmjspau,"[LoL] TSM ""enthusiast"" checking in....",fuck clg. lol best thing they ever did was give us dlift. so stupid. he matured right after that season lol,CLG
dml8nt1,Love college girls who don't appreciate the drugs they get and trade me a full script for one line of coke ❤️,lol it was a joke.,opiates
dml8o01,Love college girls who don't appreciate the drugs they get and trade me a full script for one line of coke ❤️,no one can take a joke these days.,opiates
dml8ow3,Love college girls who don't appreciate the drugs they get and trade me a full script for one line of coke ❤️,"lol, how many people do I have to explain that this was a joke too.",opiates
dml8pih,CSGO64.COM Free Skins / FREE WITHDRAW,huh? I don't understand what your saying,FreeCSGOSkins
dml8w5x,CSGO64.COM Free Skins / FREE WITHDRAW,"all you have to do is earn 250 points by watching videos, and then you get free withdraws, just leave your pc running while watching videos for a while",FreeCSGOSkins
dmllovy,How the NA Lcs finals saved my weekend,yeah i feel for you bro. i forgot about my problems when i saw them hold that trophy. <3 TSM,TeamSolomid
dmn2vb1,Artie and anthony,im on probation. cant do any. and Im from Jersey. Artie is like an idol to me. helped me get clean. I will always support him.,opieandanthony
dmn2w5f,Artie and anthony,uh.... what?,opieandanthony
dmn2ytl,Artie and anthony,tolerant fonzie was a character artie did on his last podcast. And I love arties take on life. He makes me laugh. all you haters on reddit if you dont like it. g4u. But i want to hear it.,opieandanthony
dmn32kl,Artie and anthony,...  wha? how am i out of the loop? And the fact that you had to use the nigga word lets me know that your pretty out of the loop on what century it is. So much hate just because i wanna listen to something im a fan of. Jesus. And honestly if being out of the loops makes me less angry and unhappy then you are. then im happy with that.,opieandanthony
dmn341o,Artie and anthony,thank you sgt pepper for being the first person that understands if you have nothing nice to say dont say it.,opieandanthony
dnncctp,Red Dead Redemption 2 - Official Trailer #2 - Rockstar Games,3w3 4c,gaming
drmuj10,Roster Information Megathread,PIGLET is a free agent,leagueoflegends
dtgtvzq,"Planning a trip to A/C, is it worth it?",Im from there. Its not the same as it used to be. Just go to Vegas if you can afford it. AC is the poor mans Vegas.,atlanticcity
dtnn33a,Tarik discusses how much money he gets from the major prize winnings,Taxes are 50% almos garunteed. Its like winning the lotto.,GlobalOffensive
dtnn58c,Tarik discusses how much money he gets from the major prize winnings,Yes you do my dude.,GlobalOffensive
du975uu,my girlfriend OD'd tuesday morning.,Im sorry bro. If you need someone random to listen to your problems. Message me.,opiates
dwol3oc,League of Legends Pro Doublelift loses mother in stabbing.,He did more then that. He carried them. This is so sad,esports
dwtpjaj,And they say they are hard to get .. 🧐,Hi sir. Can i be your friend. Lol,opiates
dwtqvmm,Tarik said it would be who we least expected. Who do you think he means?,I know Tarik loves pTr but he's on the complexity team to. But it's possible i think.,Cloud9
dwtqz20,Opiate drug test,Went in on monday and passed.,u_Methadonia87
