Submission_ID,Submission_Title,Submission_Text,Subreddit
58uhdh,Ennard why does he exist?,ok so i have another issue. i use that bind you gave me for my mouse 4 and mouse 5 now i like it i click ir once to bring it out and again to throw. but the reason i liked my previous bind was because if i let go of the button it went back to my slot 1 gun. so i put that bind on z and x but when i  click z or x it changes to the grenade but doesnt go back to slot1 on release. is it because i have to many binds? or that my mouse acts different then the keyboard?  please help?,FNaFSisLoc
5fddt8,[NA][B2] ADC needs support 4 duo ranked,ok so i have another issue. i use that bind you gave me for my mouse 4 and mouse 5 now i like it i click ir once to bring it out and again to throw. but the reason i liked my previous bind was because if i let go of the button it went back to my slot 1 gun. so i put that bind on z and x but when i  click z or x it changes to the grenade but doesnt go back to slot1 on release. is it because i have to many binds? or that my mouse acts different then the keyboard?  please help?,TeamRedditTeams
5khrv4,in atlantic city need a hook up,ok so i have another issue. i use that bind you gave me for my mouse 4 and mouse 5 now i like it i click ir once to bring it out and again to throw. but the reason i liked my previous bind was because if i let go of the button it went back to my slot 1 gun. so i put that bind on z and x but when i  click z or x it changes to the grenade but doesnt go back to slot1 on release. is it because i have to many binds? or that my mouse acts different then the keyboard?  please help?,opiates
5khv1b,anyone at harrahs?,ok so i have another issue. i use that bind you gave me for my mouse 4 and mouse 5 now i like it i click ir once to bring it out and again to throw. but the reason i liked my previous bind was because if i let go of the button it went back to my slot 1 gun. so i put that bind on z and x but when i  click z or x it changes to the grenade but doesnt go back to slot1 on release. is it because i have to many binds? or that my mouse acts different then the keyboard?  please help?,atlanticcity
5u7boc,Hey guys,ok so i have another issue. i use that bind you gave me for my mouse 4 and mouse 5 now i like it i click ir once to bring it out and again to throw. but the reason i liked my previous bind was because if i let go of the button it went back to my slot 1 gun. so i put that bind on z and x but when i  click z or x it changes to the grenade but doesnt go back to slot1 on release. is it because i have to many binds? or that my mouse acts different then the keyboard?  please help?,LOLAPodcast
5u8kdm,Whats a good server for...?,ok so i have another issue. i use that bind you gave me for my mouse 4 and mouse 5 now i like it i click ir once to bring it out and again to throw. but the reason i liked my previous bind was because if i let go of the button it went back to my slot 1 gun. so i put that bind on z and x but when i  click z or x it changes to the grenade but doesnt go back to slot1 on release. is it because i have to many binds? or that my mouse acts different then the keyboard?  please help?,mcservers
5u8wuh,I need suggestions for a server.,ok so i have another issue. i use that bind you gave me for my mouse 4 and mouse 5 now i like it i click ir once to bring it out and again to throw. but the reason i liked my previous bind was because if i let go of the button it went back to my slot 1 gun. so i put that bind on z and x but when i  click z or x it changes to the grenade but doesnt go back to slot1 on release. is it because i have to many binds? or that my mouse acts different then the keyboard?  please help?,minecraftsuggestions
5u9fc2,can i play survival on your server?,ok so i have another issue. i use that bind you gave me for my mouse 4 and mouse 5 now i like it i click ir once to bring it out and again to throw. but the reason i liked my previous bind was because if i let go of the button it went back to my slot 1 gun. so i put that bind on z and x but when i  click z or x it changes to the grenade but doesnt go back to slot1 on release. is it because i have to many binds? or that my mouse acts different then the keyboard?  please help?,heartlands
5umiys,NA adc/mid/jg/top lookin for ranked duo,ok so i have another issue. i use that bind you gave me for my mouse 4 and mouse 5 now i like it i click ir once to bring it out and again to throw. but the reason i liked my previous bind was because if i let go of the button it went back to my slot 1 gun. so i put that bind on z and x but when i  click z or x it changes to the grenade but doesnt go back to slot1 on release. is it because i have to many binds? or that my mouse acts different then the keyboard?  please help?,LeagueConnect
5w5109,Need older people to play with,ok so i have another issue. i use that bind you gave me for my mouse 4 and mouse 5 now i like it i click ir once to bring it out and again to throw. but the reason i liked my previous bind was because if i let go of the button it went back to my slot 1 gun. so i put that bind on z and x but when i  click z or x it changes to the grenade but doesnt go back to slot1 on release. is it because i have to many binds? or that my mouse acts different then the keyboard?  please help?,Minecraft
5ymvly,going on a cruise had to see my dude,ok so i have another issue. i use that bind you gave me for my mouse 4 and mouse 5 now i like it i click ir once to bring it out and again to throw. but the reason i liked my previous bind was because if i let go of the button it went back to my slot 1 gun. so i put that bind on z and x but when i  click z or x it changes to the grenade but doesnt go back to slot1 on release. is it because i have to many binds? or that my mouse acts different then the keyboard?  please help?,opiates
60umxd,need a friend in orlando,ok so i have another issue. i use that bind you gave me for my mouse 4 and mouse 5 now i like it i click ir once to bring it out and again to throw. but the reason i liked my previous bind was because if i let go of the button it went back to my slot 1 gun. so i put that bind on z and x but when i  click z or x it changes to the grenade but doesnt go back to slot1 on release. is it because i have to many binds? or that my mouse acts different then the keyboard?  please help?,opiates
6472sq,Ranked Duo?,ok so i have another issue. i use that bind you gave me for my mouse 4 and mouse 5 now i like it i click ir once to bring it out and again to throw. but the reason i liked my previous bind was because if i let go of the button it went back to my slot 1 gun. so i put that bind on z and x but when i  click z or x it changes to the grenade but doesnt go back to slot1 on release. is it because i have to many binds? or that my mouse acts different then the keyboard?  please help?,LeagueConnect
6474cy,(NA) (Bronze 3) Looking for Duo,ok so i have another issue. i use that bind you gave me for my mouse 4 and mouse 5 now i like it i click ir once to bring it out and again to throw. but the reason i liked my previous bind was because if i let go of the button it went back to my slot 1 gun. so i put that bind on z and x but when i  click z or x it changes to the grenade but doesnt go back to slot1 on release. is it because i have to many binds? or that my mouse acts different then the keyboard?  please help?,LeagueConnect
663lu3,i do graphic work,ok so i have another issue. i use that bind you gave me for my mouse 4 and mouse 5 now i like it i click ir once to bring it out and again to throw. but the reason i liked my previous bind was because if i let go of the button it went back to my slot 1 gun. so i put that bind on z and x but when i  click z or x it changes to the grenade but doesnt go back to slot1 on release. is it because i have to many binds? or that my mouse acts different then the keyboard?  please help?,opiates_gonewild
6al923,"[Req] (200) #Raleigh, NC, USA Til (May) (Paypal)",ok so i have another issue. i use that bind you gave me for my mouse 4 and mouse 5 now i like it i click ir once to bring it out and again to throw. but the reason i liked my previous bind was because if i let go of the button it went back to my slot 1 gun. so i put that bind on z and x but when i  click z or x it changes to the grenade but doesnt go back to slot1 on release. is it because i have to many binds? or that my mouse acts different then the keyboard?  please help?,borrow
6gfghl,Bronze 3 Adc/mid/top/jungle need free coach,ok so i have another issue. i use that bind you gave me for my mouse 4 and mouse 5 now i like it i click ir once to bring it out and again to throw. but the reason i liked my previous bind was because if i let go of the button it went back to my slot 1 gun. so i put that bind on z and x but when i  click z or x it changes to the grenade but doesnt go back to slot1 on release. is it because i have to many binds? or that my mouse acts different then the keyboard?  please help?,LeagueCoaching
6gvilf,Bronze 3 looking to climb,ok so i have another issue. i use that bind you gave me for my mouse 4 and mouse 5 now i like it i click ir once to bring it out and again to throw. but the reason i liked my previous bind was because if i let go of the button it went back to my slot 1 gun. so i put that bind on z and x but when i  click z or x it changes to the grenade but doesnt go back to slot1 on release. is it because i have to many binds? or that my mouse acts different then the keyboard?  please help?,LeagueConnect
6x6p7r,Bind help?,ok so i have another issue. i use that bind you gave me for my mouse 4 and mouse 5 now i like it i click ir once to bring it out and again to throw. but the reason i liked my previous bind was because if i let go of the button it went back to my slot 1 gun. so i put that bind on z and x but when i  click z or x it changes to the grenade but doesnt go back to slot1 on release. is it because i have to many binds? or that my mouse acts different then the keyboard?  please help?,GlobalOffensive
6y23y7,CSGO64.COM Free Skins / FREE WITHDRAW,ok so i have another issue. i use that bind you gave me for my mouse 4 and mouse 5 now i like it i click ir once to bring it out and again to throw. but the reason i liked my previous bind was because if i let go of the button it went back to my slot 1 gun. so i put that bind on z and x but when i  click z or x it changes to the grenade but doesnt go back to slot1 on release. is it because i have to many binds? or that my mouse acts different then the keyboard?  please help?,FreeCSGOSkins
6y2f13,FREE SKINS CSGO64.COM FREE WITHDRAW,ok so i have another issue. i use that bind you gave me for my mouse 4 and mouse 5 now i like it i click ir once to bring it out and again to throw. but the reason i liked my previous bind was because if i let go of the button it went back to my slot 1 gun. so i put that bind on z and x but when i  click z or x it changes to the grenade but doesnt go back to slot1 on release. is it because i have to many binds? or that my mouse acts different then the keyboard?  please help?,CSGO_Skins
6ybwhm,Artie and anthony,ok so i have another issue. i use that bind you gave me for my mouse 4 and mouse 5 now i like it i click ir once to bring it out and again to throw. but the reason i liked my previous bind was because if i let go of the button it went back to my slot 1 gun. so i put that bind on z and x but when i  click z or x it changes to the grenade but doesnt go back to slot1 on release. is it because i have to many binds? or that my mouse acts different then the keyboard?  please help?,opieandanthony
80pcp9,Opiate drug test,ok so i have another issue. i use that bind you gave me for my mouse 4 and mouse 5 now i like it i click ir once to bring it out and again to throw. but the reason i liked my previous bind was because if i let go of the button it went back to my slot 1 gun. so i put that bind on z and x but when i  click z or x it changes to the grenade but doesnt go back to slot1 on release. is it because i have to many binds? or that my mouse acts different then the keyboard?  please help?,u_Methadonia87
82xz4a,Problem Changing to High Priority,ok so i have another issue. i use that bind you gave me for my mouse 4 and mouse 5 now i like it i click ir once to bring it out and again to throw. but the reason i liked my previous bind was because if i let go of the button it went back to my slot 1 gun. so i put that bind on z and x but when i  click z or x it changes to the grenade but doesnt go back to slot1 on release. is it because i have to many binds? or that my mouse acts different then the keyboard?  please help?,FORTnITE
89v594,Tarik said it would be who we least expected. Who do you think he means?,ok so i have another issue. i use that bind you gave me for my mouse 4 and mouse 5 now i like it i click ir once to bring it out and again to throw. but the reason i liked my previous bind was because if i let go of the button it went back to my slot 1 gun. so i put that bind on z and x but when i  click z or x it changes to the grenade but doesnt go back to slot1 on release. is it because i have to many binds? or that my mouse acts different then the keyboard?  please help?,Cloud9
