Comment_ID,Comment_Submission,Comment_Text,Subreddit
dwtg84y,"""Medical Cannabis Only"" Act fails in Senate Judiciary committee, dumped into ""summer study"" again, dead for Yet Another Year...",You *can't* OD on it!,nashville
dwtgida,"""Medical Cannabis Only"" Act fails in Senate Judiciary committee, dumped into ""summer study"" again, dead for Yet Another Year...",Ikr?  Is it just MTV being assholes or what?  I adored that show as a kid.,nashville
dwvo697,Moon Bridge,The new A Perfect Circle album looks good...,pics
dwvp83w,"YSK that Narcan, a drug that reverses opioid overdoses, is available over the counter in 46 U.S. states, and is often covered by health insurance. The surgeon general has issued an advisory urging more Americans to carry this life-saving medicine.","Not true.

What it DOES do is strip all the opiate receptors clean, leading the user into immediate withdrawal.  That's why the user wants to get high again...Narcan itself doesn't produce cravings.",YouShouldKnow
dwvpex0,Saw something golden driving into New Orleans,Awesome,SquaredCircle
dwvrubx,Facebook advertising crack pipes?,The real question is what have *you* been looking at online for this to be in your targeted advertising?,pics
dwvrwuv,Is this Facebook ad trying to sell me a meth pipe?!?,"It's targeted advertising, based on your search history.  Have you been comparison-shopping meth pipes recently?  Lol",WTF
dwvs9o0,Who would win a modern day brawl for all,And your comment wasn't an answer.,SquaredCircle
dwvselt,Fully grown adults talking about killing the survivors of a school shooting,"Jesus.  Seriously, *fuck* these people.  Horrible, awful, garbage cunts.",insanepeoplefacebook
dwvsgyk,Fully grown adults talking about killing the survivors of a school shooting,Please don't conflate all southerners with these massive pricks.  There's human garbage everywhere.,insanepeoplefacebook
dwvsqrx,Moon Bridge,It's all I could think of when I saw the thumbnail.,pics
dww1jru,Fully grown adults talking about killing the survivors of a school shooting,I know.  Giant fucking sigh...I'm from North Carolina.  I love my state.  Yeah...you're right.  But generalizing everyone from a certain area doesn't help things.,insanepeoplefacebook
dwx5kpu,Moon Bridge,And you flew with it on your back,pics
dwx9tcf,Spank Me I’m a Bad Gir,Spank I'm a me badgirl,WhoreLipstick
dwxghwt,Made this in 2K18,"Wouldn't let me upload a pic so I used my Imgur link...

NXT North American Championship Ladder Match, WWE 2K18 https://imgur.com/gallery/Bd8Sj",SquaredCircle
dwxgt79,Made this in 2K18 (NXT N.A. Championship Ladder Match),"Velveteen Dream won, btw.

Dane and EC3 just stood there and watched him climb the damn ladder, lol.",WWE
dwxgtx0,Made this in 2K18,"Velveteen Dream won, btw.

Dane and EC3 just stood there and watched him climb the damn ladder, lol.",SquaredCircle
dwxguw7,Made this in 2K18,I tried! Haha,SquaredCircle
dwxj4x5,[NGD] Epiphone Les Paul,"Haha I know...but this little Mustang is a fantastic practice amp.  Tons of built-in effects and amp modeling, and it sounds really decent!",guitars
dwxklpa,I took this picture back in 2015. It’s still one of my favorites.,"Is this Emerald Isle, NC?",pics
dwxknz0,I took this picture back in 2015. It’s still one of my favorites.,"You live in Swansboro, or Cedar Point?",pics
dwxq369,I took this picture back in 2015. It’s still one of my favorites.,"Damn I didn't even consider your privacy, I apologize.  I live near there as well...I adore EI.",pics
dwxxesi,I took this picture back in 2015. It’s still one of my favorites.,"Nice.  I went to school in ILM, too.  UNCW!",pics
dwxzjgm,hmmm,This is from an app...you can use whatever pic you want for the wall art.,hmmm
dwyjjri,"The poster for ""A quiet place"" (2018) shows STFU Shut The F*** Up.","No, he's not coming off as a snob.  *You're* coming off as a dick.",MovieDetails
