Submission_ID,Submission_Title,Submission_Text,Subreddit
7gtq5c,"Anyone else find Elliot like, WAY hotter when she speaks German?",You *can't* OD on it!,Scrubs
7gwcau,"Nashville-based Voltagehawk's cover of Mariah Carey's ""All I Want for Christmas is You""",You *can't* OD on it!,stonerrock
7kbueo,Suicide Girl Lovia,You *can't* OD on it!,simps
7kbxnb,That time I randomly met Becky Lynch in a WalMart,You *can't* OD on it!,WWE
7kchac,"Watching ""One More For The Fans"" right now on AXSTV, and I'm noticing something...",You *can't* OD on it!,LynyrdSkynyrd
7l0lzm,I want to see the boys review some old WWF/WCW toy commercials. The kid at :12 is WAY too excited about Greg Valentine.,You *can't* OD on it!,OSWReview
7lmy26,Charvel Sandblast HSH in Neon Green (I'd call it Swamp Thing if it were mine 😁),You *can't* OD on it!,guitars
7lmzsq,Charvel HSH Sandblast in Neon Green. If it were mine I'd call it Swamp Thing! 😁,You *can't* OD on it!,guitarporn
7ln976,"Nard Dog bass solo, ""You Can Call Me Al""",You *can't* OD on it!,DunderMifflin
7myr6d,"AXSTV tonight, three separate Omega vs. Okada matches",You *can't* OD on it!,SquaredCircle
7o9hx5,It's always good to know at least one handjob joke...,You *can't* OD on it!,Jokes
7xafsp,Favorite line(s) from the series?,You *can't* OD on it!,seinfeld
7zkxcl,Tfw you're giving the audience a tip they won't regret,You *can't* OD on it!,SimpsonsFaces
81gc1j,1998,You *can't* OD on it!,shittymorph
81glvz,1998,You *can't* OD on it!,Wrasslin
81gm8y,1998,You *can't* OD on it!,WWE
81kgl4,Most Punchable Andy Moment?,You *can't* OD on it!,DunderMifflin
81wx67,I ❤ Marilyn Mayson,You *can't* OD on it!,bigtiddygothgf
83kt9r,Some [f]un with a friend,You *can't* OD on it!,BDSMGW
86w8wf,c/o Tinder,You *can't* OD on it!,smokingfetish
87ny1w,[NGD] Epiphone Les Paul,You *can't* OD on it!,guitars
87o4lu,"Peace, ladies & gents",You *can't* OD on it!,PoppyTea
87vnjw,"OBEY, or see the truth?",You *can't* OD on it!,funny
8ac62h,Made this in 2K18,You *can't* OD on it!,SquaredCircle
8ac6dw,Made this in 2K18 (NXT N.A. Championship Ladder Match),You *can't* OD on it!,WWE
