Comment_ID,Comment_Submission,Comment_Text,Subreddit
dwk9poo,when ur old (best ever) plug gets arrested last week and the new one isn't answering their phone......,".....but then hits me with the ""I'll be open again @ 10"".
u can be damn sure i was at the trap at 10:00:36. Been tons of raids in the area of my city where all the traps are, and was preparing myself for a super shitty weekend. I'm zooted off this beautiful boy & girl, what a lovely couple <3",opiates
dwljx4p,Baller alert! Lulz,"ayyyyy im munching on some sour bears rn 
""Kids and grown-ups love it so ... """,opiates
dwlmspy,Hiccups (shitpost),"Yeah, I'm pretty sure its from your body trying to get more oxygen as your breathing rate goes down. A hiccup is your bodies way of forcing more oxygen.",opiates
dwn7hgv,What country or geographical area has the best opiates?,"Does all ECP come from the middle east, or has Colombia and Mexico started producing that themselves also? I always heard that powder came from Middle East/Asia, and tar from Mexico/S. America, but that they were also trying to make powder now also. Curious if anyone has an answer",opiates
dwn7xwl,What do people call dope where you live?,edited original post,opiates
dwn8735,What do people call dope where you live?,"lmfao, just googled Perico* and it's Spanish for ""Parrot"", as in you talk and talk like a parrot when ur high",opiates
dwnql97,What do people call dope where you live?,"ah okay thanks for the spell check 
yeah they all speak Spanish w each other - wish i could understand it or talk to them in it too. I speak French which is basically useless in the streets here",opiates
dwp6xte,got a new stamp that made me feel like I just smoked a bowl of weed..?,good job homie!!!,opiates
dwp6za7,got a new stamp that made me feel like I just smoked a bowl of weed..?,"this may sound obvious, but maybe mixed with synthetic weed? Like the shit they spray on the herbs to make Spice/K2?",opiates
dwp717l,Found this in my children (17 yo) room.. help identify,this shit made me despise my parents throughout my teenage years. Anyone helping out OP identify this is lame.,opiates
dwp75rk,"Girlfriend of 3 1/2 gets hooked on opiates, robs me blind.","Fuck that. My girl and I both use and I would never dream of stealing a penny from her, let alone pawn her shit. Drop her like a hot potato",opiates
dwp7rta,"Anyone know what this is? I’m used to getting BTH, but this showed up today....",this made me chuckle being from the east coast,opiates
dwp9eq7,[Pr0n] Hey fam. How would you cut (chop up) this dope without losing any?,"Looks good fam. Take a sharp paring knife or pocket knife and just shave it off one side into powder. Looks like the dope I used to get from my plug before he got locked up, now I only get pre-powdered in buns -_-",opiates
