Submission_ID,Submission_Title,Submission_Text,Subreddit
88fsms,when ur old (best ever) plug gets arrested last week and the new one isn't answering their phone......,".....but then hits me with the ""I'll be open again @ 10"".
u can be damn sure i was at the trap at 10:00:36. Been tons of raids in the area of my city where all the traps are, and was preparing myself for a super shitty weekend. I'm zooted off this beautiful boy & girl, what a lovely couple <3",opiates
88u2iu,What do people call dope where you live?,".....but then hits me with the ""I'll be open again @ 10"".
u can be damn sure i was at the trap at 10:00:36. Been tons of raids in the area of my city where all the traps are, and was preparing myself for a super shitty weekend. I'm zooted off this beautiful boy & girl, what a lovely couple <3",opiates
