Comment_ID,Comment_Submission,Comment_Text,Subreddit
dw810zp,Did I do / take something wrong?,Sounds like fent to me I used to abuse patches and I'd have pinned pupils for like 2 days and would wake up with pounding headaches and feeling like I would pass out when I stood up after using them.,opiates
dw81mdk,Am I snorting my ecp wrong?,That's sounds like fent to me but 5 times your normal dose even if you had a little tolerance to fent should fucking floor you they were either stepped on to shit or not opiates at all I used to be able to tell my guy his shit was weak but he started taking offense to it when I wanted 8/10 quality and he realized I was cutting in to his profits. And I have never paid 30 for a bundle in my live i don't know how your guy is making money. I guess that's what's so suspicious for me is the price and how you described the doing the 17 bags.,opiates
dwfe6v7,How many hydros is too many at one time?,I once ate 45 norcos at once cause my tolerance is fucked from dope. Went to the hospital after vomiting all night and was diagnosed with gastritis.,opiates
dwfehjd,Mixy matchy party pack,Take 40 mg of morphine for the nod and the body load man with the dilaudid it's a trip.,opiates
dwhw86n,"So I'm gonna tell you a story, and I want to know what you think really happened.","Your ""friend"" got all Nike bags from his guy switched them out inside with shit he brought with him and took the good bags and gave you flour or baking powder in the plain ones, stay far away from that shit he'll fuck you again without a care in the world. Sorry this happened to you but at least you got some shit out of it my main guy that lived down the street from me got out of jail and started selling fake bags and carrying his gun into McDonald's last time I picked up from him. I told myself I wouldn't go back to someone who fucks me you know.",opiates
dwjdn67,Texts with my dealsr,The bagel is what's the best for me for some reason.,opiates
dwjgx9b,Texts with my dealsr,Oh shit good luck man I hate owing people money I owe my dad 75 and I'm dreading the days as they go on I get paid on the second and it's a low check.,opiates
dwjh6rp,Lope price hike?,I pay a dollar for 12 pills at dollar tree in my area if that's not to specific but they started pushing 6 packs of gel tabs for the same price.,opiates
dwjhlt4,So in true junkie fashion last night I found a few bags and a baggie of girl I thought I lost. Mixed up a mean speedball to end my opiate career with a bang this morning. And here..we..go...,I didn't believe loperamide and krarom would work for me but it helped get rid of the shakes and sweating and some of the irritability but it may not work for you. I know that it got me over the 3 day hump of feeling like garbage. Hope you feel better man and stay safe.,opiates
dwjm6i5,Lope price hike?,Yea it's crazy at my local jewel a 96 count bottle is 20 bucks,opiates
dwjr55z,Avoiding withdrawals possible?,I just finished a two day supply of 5mg vicodins and I felt like shit afterwards irritability and rls I had clonidine and gabapentin but I was crawling in my fucking skin for like 3 days,opiates
dwjz9no,Didn’t even have to travel for it 😌 bye 33 days of sobriety,Hey man stay safe your tolerance has probably dropped a bit so do test bumps/shots so you know what you can handle. I'm not going to give you a spiel about how you should toss it because I would be doing bumps rn so at least stay safe fam don't want you to od on some bullshit.,opiates
dwkv3is,Avoiding withdrawals possible?,It sounds like bullshit but but I was in the hospital with my dad and those 8 5 mgs on top of like 15 Norcos I did a few days before that. Anyways im prescribed .3 mg of clonidine and like 1800 mg of gabapentin and felt like shit for like two hours in between doses and then took lope when I got home from the hospital and felt 100 times better.,opiates
dwla4i4,My mother takes Gabapentin every single day. What gives?,No man I take 1800 mg a day and I'm just fine it's a separate problem from the gabapentin in my opinion.,Drugs
dwn8cew,prescription monitoring across state lines,"https://www.crisphealth.org/services/prescription-drug-monitoring-program-pdmp/

""If you have access to Maryland PDMP data, you can also view PDMP data from D.C., Virginia, West Virginia, Pennsylvania, Connecticut, Delaware, Minnesota, and  Arkansas."" Sorry man doesn't look good for you but I'm not sure i just ran a quick Google search and found that.",opiates
dwn8oo6,prescription monitoring across state lines,Oh no problem man anything to help. Have a great easter.,opiates
dwqzxi8,Waiting on my guy after the wat u need text.,Worst part is i messaged him on facebook and i can see when he's online thats what killing me,opiates
dwrfa1p,Waiting on my guy after the wat u need text.,He still hasn't hit me back up so I'm still waiting.,opiates
dwshcg1,Omw To the hospital with breathing problems,Sorry to hear that man my dad has copd and emphysema so were at the hospital all the time. Usually for breathing problems it is an xray then breathing treatments every 4 to 6 hours at least that was the protocol for my father. Hope you feel better and when i was in for withdrawal i got clonidine for the withdrawal but it depends on the hospital and the doctors accreditation.,opiates
dwt1cim,dope porn sunrise [nsfw],I hope that shot gave you the warm fuzzies in your chest thats the best part of the day.,opiates
dwt2alp,A SFW Boof Time!,Have fun hun hope you get the warm fuzzies.,opiates
dwutrqp,My dboy who sold me these bricks invited me into his trap house to party. I politely declined,Hey girl good score stay safe and keep doing you im not going to tell you to change you shit because i be doing hella bags right with you but  have fun dude do one for your internet friends.,opiates
dwuv42t,Any effects from taking Dilaudid orally? Need advice.,I have a tolerance to like 70 mg of hydro so about 35 mg of oxy i did 8 mg insufflated and it was a very mild warm blanket over me for like 2 hours before it wore off. I would start with 8mg  and redose every 4 to 6 hours as needed.,opiates
dwuv6fj,Any effects from taking Dilaudid orally? Need advice.,Also oral doesn't do shit you basically have to snort it if your not going to shoot it.,opiates
dwuvpvk,Rehab,Dude i know it sucks ass but if that whats they want to do in their house that's on them. If you want to continue smoking weed you'll probably have to etch that all out on your own it sucks but i think that's all you have. I agree with you that this is excessive in my opinion but they're your parents and that how shits works unfortunately.,Drugs
