Submission_ID,Submission_Title,Submission_Text,Subreddit
7mwxvw,I knew what wad going to happen chipping trash patches but here we are.,Sounds like fent to me I used to abuse patches and I'd have pinned pupils for like 2 days and would wake up with pounding headaches and feeling like I would pass out when I stood up after using them.,opiates
7ucw64,Have any of you guys had some wild is stories?,Sounds like fent to me I used to abuse patches and I'd have pinned pupils for like 2 days and would wake up with pounding headaches and feeling like I would pass out when I stood up after using them.,opiates
7xz74m,Some vicodin and a soma.,Sounds like fent to me I used to abuse patches and I'd have pinned pupils for like 2 days and would wake up with pounding headaches and feeling like I would pass out when I stood up after using them.,opiates
85uthj,New some advice cause I'm a piece of shit.,Sounds like fent to me I used to abuse patches and I'd have pinned pupils for like 2 days and would wake up with pounding headaches and feeling like I would pass out when I stood up after using them.,opiates
85vfsk,I'm sorry what a rollercoaster of emotions but I'm back on my bullshit,Sounds like fent to me I used to abuse patches and I'd have pinned pupils for like 2 days and would wake up with pounding headaches and feeling like I would pass out when I stood up after using them.,opiates
89he4z,Waiting on my guy after the wat u need text.,Sounds like fent to me I used to abuse patches and I'd have pinned pupils for like 2 days and would wake up with pounding headaches and feeling like I would pass out when I stood up after using them.,opiates
89i6kc,Can only get magic mushrooms.,Sounds like fent to me I used to abuse patches and I'd have pinned pupils for like 2 days and would wake up with pounding headaches and feeling like I would pass out when I stood up after using them.,opiates
8aby4c,Theres still hope for us all.,Sounds like fent to me I used to abuse patches and I'd have pinned pupils for like 2 days and would wake up with pounding headaches and feeling like I would pass out when I stood up after using them.,opiates
