Comment_ID,Comment_Submission,Comment_Text,Subreddit
dwdp9w0,Whats something most people underappreciate?,"In the context of deriving one's penal personal morality, is ""efficiency"" more important than truth? And what makes any external source, especially some book that had lots and lots of different authors that may or may not have lived thousands of years ago, *the* source of said morality? What makes it the one that should be given preference/the most significance?",AskReddit
dwqpedu,What makes UCSB better than UCSD?,"Class of '11 here, you won't regret become a Gaucho. The great thing about UCSB is that there's something going on pretty much every single night of the week, so you won't feel like you missed out on much if it's a normal week and you have to study or do some project or something over the weekend instead of going out and partying; you have the rest of the week to do that. it's great how you didn't have to be in Greek life to have a social life; but IMO if you can handle it, it's pretty awesome to have a good balance between the two, it doesn't just have to be one or the other. I had great friends in the Greek system and just as many great friends outside of it; that's something I feel that you may miss out on entirely at SD if you choose not to go the Greek life route; all your friends most likely won't be in the Greek system, whereas at UCSB it's fairly easy and common to have friends/social lives equally in both.",UCSantaBarbara
dwqpn6d,Freshman advice and party etiquette,"""don't look or act like a freshman""

OP, heed this advice - during the FIRST weekend especially, freshmen will venture out into Isla Vista in GROUPS. this is the telltale sign of freshmeat (uhh I mean Freshmen) and you will most likely get water balloons thrown at you. when I say groups, I mean like an entire residence hall's worth just banding together and walking up and down DP; there aren't too many other characteristics that I'd attribute to freshmen alone",UCSantaBarbara
dwqqb1h,"What is your Reddit ""golden rule""?","of course there is the incredible option of: scrolling past walls of text and looking for the ""TL;DR"" at the bottom before actually reading the wall of text",AskReddit
dwqrdrl,"What is your Reddit ""golden rule""?","ah, you mean with Reddit's not-crappy-at-all search ""feature""?",AskReddit
dwqrg9h,"What is your Reddit ""golden rule""?",yeah what about Nickelback?,AskReddit
dwr483e,The Psychopathology of Long-Term Addiction and Cessation.,"don't mind them, reading comprehension is hard for some people ...",opiates
dwrzt9i,"What's your favorite ""make a pot on Sunday and eat it all week"" meal?","2am chili, anyone?!",AskReddit
dwtewg3,Freshman advice and party etiquette,"I'm not disagreeing with you at all, but in my experience freshmen are the only ones that walk around IV in huge groups, for the first quarter or so at least. you might see a transfer or grad student with the sweatshirts or something but you'll never see them roaming about in what basically is a sign that screams, ""throw water balloons at us!"" 

of course, I graduated in '11 so things might have changed since then",UCSantaBarbara
dwuxxrn,"What's a reference that any fan will immediately recognize, but others won't?","cooking books is redeemable? nearly every single character ""breaks bad"" in the show with the exception of Hank, ""Flynn"", and probably the baby",AskReddit
dwv12xo,"What's a reference that any fan will immediately recognize, but others won't?","add another entry to the list of ""good band names""",AskReddit
dwv26s4,Colts' Frank Reich says punting on fourth down isn't good for offense,the OC of the team that just won the Superbowl isn't gonna be good for the offense?!,Colts
dwv99b9,Colts' Frank Reich says punting on fourth down isn't good for offense,"in that context it makes more sense except you didn't say that, but I'm just taking the piss with ya",Colts
dww5qb7,What's the best case of instant karma that you've ever seen?,"to me it was the ""bowing"" detail but I get what you're saying",AskReddit
dwxcnad,What's the best case of instant karma that you've ever seen?,lol it knew what it was doing,AskReddit
dwxcx4t,What's the best case of instant karma that you've ever seen?,what the actual fuck ..,AskReddit
dwxe3fc,What's the best case of instant karma that you've ever seen?,totally thought the same thing then reread it and figured it out from the context,AskReddit
dwxelvv,What's the best case of instant karma that you've ever seen?,that's not karma that's just you having s shit digestive system. so sick of the DAE TACO BELL DIARRHEA LOL circlejerk,AskReddit
dwxoyb1,What's the best case of instant karma that you've ever seen?,is that actually what you would have done if you were in that situation?,AskReddit
dwxxxnn,What's the best case of instant karma that you've ever seen?,Skyler wants to smash,AskReddit
dwxy2hz,What's the best case of instant karma that you've ever seen?,no spiking .. playing volleyball. that's like saying you can't shoot jumpers while playing basketball. and how brittle are y'alls bones that TWO of you broke your feet getting a volleyball spiked on them?!,AskReddit
dwxzk5i,What's the best case of instant karma that you've ever seen?,"I want one!

couldn't you try to throw it like a frisbee by using one of the backs of the blades to grip onto?",AskReddit
dwxzxpv,What's the best case of instant karma that you've ever seen?,haha that reminds me of that gif where there's some drunk asshole at a festival that climbs on top of a row of porta potties and the crowd around him is throwing shit at him ..  until his foot goes thru the roof of one and he falls in to presumably get covered with shit & piss. amazing,AskReddit
dwy018f,What's the best case of instant karma that you've ever seen?,"reminds me of one of my favorite Seinfeld episodes, ""The Parking Spot""",AskReddit
dwy3qdh,What's the best case of instant karma that you've ever seen?,well if it had been there for a few days ..,AskReddit
