Submission_ID,Submission_Title,Submission_Text,Subreddit
1f91x5,What David West is thinking about the Heat right now:,"In the context of deriving one's penal personal morality, is ""efficiency"" more important than truth? And what makes any external source, especially some book that had lots and lots of different authors that may or may not have lived thousands of years ago, *the* source of said morality? What makes it the one that should be given preference/the most significance?",pacers
1mk85u,About the last scene in the fire station; some analysis of symbolism?,"In the context of deriving one's penal personal morality, is ""efficiency"" more important than truth? And what makes any external source, especially some book that had lots and lots of different authors that may or may not have lived thousands of years ago, *the* source of said morality? What makes it the one that should be given preference/the most significance?",breakingbad
1mmitm,Double Milhouse?!,"In the context of deriving one's penal personal morality, is ""efficiency"" more important than truth? And what makes any external source, especially some book that had lots and lots of different authors that may or may not have lived thousands of years ago, *the* source of said morality? What makes it the one that should be given preference/the most significance?",TheSimpsons
1osl8x,50 Cent awkward made super cringey with slow-mo,"In the context of deriving one's penal personal morality, is ""efficiency"" more important than truth? And what makes any external source, especially some book that had lots and lots of different authors that may or may not have lived thousands of years ago, *the* source of said morality? What makes it the one that should be given preference/the most significance?",cringe
1vqido,your best nodding off story!,"In the context of deriving one's penal personal morality, is ""efficiency"" more important than truth? And what makes any external source, especially some book that had lots and lots of different authors that may or may not have lived thousands of years ago, *the* source of said morality? What makes it the one that should be given preference/the most significance?",opiates
1z3kju,"Look at what countries around the world use tobacco leaves for ... specifically, around the US & on ...","In the context of deriving one's penal personal morality, is ""efficiency"" more important than truth? And what makes any external source, especially some book that had lots and lots of different authors that may or may not have lived thousands of years ago, *the* source of said morality? What makes it the one that should be given preference/the most significance?",Drugs
1zy48x,[TOMT] An old horror movie I've been trying to find for years and years,"In the context of deriving one's penal personal morality, is ""efficiency"" more important than truth? And what makes any external source, especially some book that had lots and lots of different authors that may or may not have lived thousands of years ago, *the* source of said morality? What makes it the one that should be given preference/the most significance?",tipofmytongue
1zy65c,"Posted this on /r/TOMT too, I was told you guys might be able to help","In the context of deriving one's penal personal morality, is ""efficiency"" more important than truth? And what makes any external source, especially some book that had lots and lots of different authors that may or may not have lived thousands of years ago, *the* source of said morality? What makes it the one that should be given preference/the most significance?",horror
20ovsw,HARD FOULS,"In the context of deriving one's penal personal morality, is ""efficiency"" more important than truth? And what makes any external source, especially some book that had lots and lots of different authors that may or may not have lived thousands of years ago, *the* source of said morality? What makes it the one that should be given preference/the most significance?",nba
25fdki,"Milana Vayntrub, who plays ""Lily Adams"" from the AT&T commercials","In the context of deriving one's penal personal morality, is ""efficiency"" more important than truth? And what makes any external source, especially some book that had lots and lots of different authors that may or may not have lived thousands of years ago, *the* source of said morality? What makes it the one that should be given preference/the most significance?",gentlemanboners
293g0n,What time does your guy get up?,"In the context of deriving one's penal personal morality, is ""efficiency"" more important than truth? And what makes any external source, especially some book that had lots and lots of different authors that may or may not have lived thousands of years ago, *the* source of said morality? What makes it the one that should be given preference/the most significance?",opiates
2axavo,Buttery crack?,"In the context of deriving one's penal personal morality, is ""efficiency"" more important than truth? And what makes any external source, especially some book that had lots and lots of different authors that may or may not have lived thousands of years ago, *the* source of said morality? What makes it the one that should be given preference/the most significance?",cocaine
2fpk3l,lost AND found opiates!,"In the context of deriving one's penal personal morality, is ""efficiency"" more important than truth? And what makes any external source, especially some book that had lots and lots of different authors that may or may not have lived thousands of years ago, *the* source of said morality? What makes it the one that should be given preference/the most significance?",opiates
363g7d,Perfect early morning speedball,"In the context of deriving one's penal personal morality, is ""efficiency"" more important than truth? And what makes any external source, especially some book that had lots and lots of different authors that may or may not have lived thousands of years ago, *the* source of said morality? What makes it the one that should be given preference/the most significance?",opiates
3yzyws,FA RBs to think about?,"In the context of deriving one's penal personal morality, is ""efficiency"" more important than truth? And what makes any external source, especially some book that had lots and lots of different authors that may or may not have lived thousands of years ago, *the* source of said morality? What makes it the one that should be given preference/the most significance?",Colts
44zfsp,Phillip Dorsett's Players Tribune article apologies if this has already been posted before,"In the context of deriving one's penal personal morality, is ""efficiency"" more important than truth? And what makes any external source, especially some book that had lots and lots of different authors that may or may not have lived thousands of years ago, *the* source of said morality? What makes it the one that should be given preference/the most significance?",Colts
4ebxxk,arghh so frustrating ... worst way you ever lost opiates?,"In the context of deriving one's penal personal morality, is ""efficiency"" more important than truth? And what makes any external source, especially some book that had lots and lots of different authors that may or may not have lived thousands of years ago, *the* source of said morality? What makes it the one that should be given preference/the most significance?",opiates
4hl2sh,How good is Russell Westbrook?,"In the context of deriving one's penal personal morality, is ""efficiency"" more important than truth? And what makes any external source, especially some book that had lots and lots of different authors that may or may not have lived thousands of years ago, *the* source of said morality? What makes it the one that should be given preference/the most significance?",nba
4q4x9j,who else is waiting right now?,"In the context of deriving one's penal personal morality, is ""efficiency"" more important than truth? And what makes any external source, especially some book that had lots and lots of different authors that may or may not have lived thousands of years ago, *the* source of said morality? What makes it the one that should be given preference/the most significance?",opiates
4vqueo,Colts Camp 2016: Day 4,"In the context of deriving one's penal personal morality, is ""efficiency"" more important than truth? And what makes any external source, especially some book that had lots and lots of different authors that may or may not have lived thousands of years ago, *the* source of said morality? What makes it the one that should be given preference/the most significance?",Colts
4xxxbr,Etizolam + BTH + some tree = woobly wobbly noddily. your favorite combos?,"In the context of deriving one's penal personal morality, is ""efficiency"" more important than truth? And what makes any external source, especially some book that had lots and lots of different authors that may or may not have lived thousands of years ago, *the* source of said morality? What makes it the one that should be given preference/the most significance?",opiates
542ycg,"Former NBA All-Star and current mayor of Sacramento Kevin Johnson beat a protester to ""a bloody pulp"" after getting a pie in the face","In the context of deriving one's penal personal morality, is ""efficiency"" more important than truth? And what makes any external source, especially some book that had lots and lots of different authors that may or may not have lived thousands of years ago, *the* source of said morality? What makes it the one that should be given preference/the most significance?",nba
5gef29,Reckless 20 year old streams his short-lived 115 mph joyride on FB Live,"In the context of deriving one's penal personal morality, is ""efficiency"" more important than truth? And what makes any external source, especially some book that had lots and lots of different authors that may or may not have lived thousands of years ago, *the* source of said morality? What makes it the one that should be given preference/the most significance?",WTF
5pdhqe,announcing firing of Ryan Grigson as GM,"In the context of deriving one's penal personal morality, is ""efficiency"" more important than truth? And what makes any external source, especially some book that had lots and lots of different authors that may or may not have lived thousands of years ago, *the* source of said morality? What makes it the one that should be given preference/the most significance?",Colts
6639kw,Are these just gnarly veins ?!,"In the context of deriving one's penal personal morality, is ""efficiency"" more important than truth? And what makes any external source, especially some book that had lots and lots of different authors that may or may not have lived thousands of years ago, *the* source of said morality? What makes it the one that should be given preference/the most significance?",pics
