Comment_ID,Comment_Submission,Comment_Text,Subreddit
du84fus,saddest $b songs?,"O' Lord! I have my doubts 
Sorry for your loss",G59
duvcqmv,My bird is disappointed in me,Kill it with fire,Drugs
duvd8yy,Happy Beats/Dark Beats,"Learn about scales, and if you are producing in c, try other another key than C :) hope this helps a bit",trapproduction
duvg3o5,"Well, what wood was he hung on ?🧐",Backwoods,BlackPeopleTwitter
duvpo4u,er jeg i problemer?,"Føler med dig, en af mine venner gjorde præcist det samme ved mig. Folk blev sure på mig da jeg fortalte dem at jeg ikke havde nogen billetter.  Har ikke fået min hævn endnu men den skal nok komme 🤔",Denmark
duwikj3,er jeg i problemer?,Sådan nogen 12-13 årige piger der mistede deres chance for 2 billige Justin billetter Kan blive rigtige sure 😂,Denmark
duxjuur,Does anyone else play video games so much better when high on weed?,"Sometimes it does work good, and sometimes really bad",Drugs
dv5amwn,First time in a while,Thank you friend!,opiates
dv5ayw7,First time in a while,Yea its wonderfull,opiates
dv5bdjj,First time in a while,Ive always had that frame of mind when it comes to drugs that is highly addictive. And thanks mate!,opiates
dv5bnqr,First time in a while,"Ive done coke every weekend for a 
Period, it's not that addictive to me.c but I'm not a reasonable person when it comes to drugs, only if it's opiates Im carefull",opiates
dv9ysaq,Slikkepinde på Staden,Kagerne oppe i Thy lejren er fantastiske,DanishEnts
dvdkw2j,"Politikerleden visualiseret, dag to",Revolution skal der til!?!,Denmark
dvl6w43,Interessant navn på en fjende i Final Fantasy 15,"Har du en indbygget konverter i hjernen, thumps Up for at fortælle det i kg 😂",Denmark
dvuulbo,"Mobo not giving signal to monitor, keyboard and mouse","The 4 pin is in, yes i tested it that way",computers
dvuwiod,"Mobo not giving signal to monitor, keyboard and mouse",Brand new ?,computers
dvuwlvi,"Mobo not giving signal to monitor, keyboard and mouse","Better send in then, EVERYTHING is tested",computers
dvuy8ng,"Mobo not giving signal to monitor, keyboard and mouse",But the odd thing is that I have an external soundcard that receives power from the same ports that the mouse and keyboard  can be plugged into,computers
dvvvqd3,Bought new parts for my pc,"How would I update drivers if can't get any signal  to my monitor, it's just black",techsupport
dwevxhn,Hvad for noget tobak fortrækker i at bruge i jeres grønne joints?,"Mere grønt 😅

Meeen Prince light gør nu også tricket",DanishEnts
dwmllf2,Should I buy the Yamaha's HS8? Is it worth the price?,I use behringer truth b2031a. They are great and u can get them for a good price used,trapproduction
dwohucj,What have been your best Xanax experiences?,That is what xans are for ;),Drugs
dwp6ciw,What have been your best Xanax experiences?,"Ate 1 bar once i was out drinking and blacked tf out, so hard to say haha
My shyness usually goes away when I'm drinking",Drugs
dwp6lvv,What have been your best Xanax experiences?,You will never understand how it is until you experience it yourself,Drugs
dwudylk,"I'm Eric Hafner, I'm running for U.S. Congress in Portland, Oregon (OR-3). I want to legalize all drugs, including opiates, but offer ibogaine therapy too, and free drugs for addicts via prescription.",Ca b,opiates
