Submission_ID,Submission_Title,Submission_Text,Subreddit
6zotzl,"Found this today, didn't X use this on his album?","O' Lord! I have my doubts 
Sorry for your loss",hiphopheads
7wt654,Morning anxiety,"O' Lord! I have my doubts 
Sorry for your loss",Anxiety
7x20ur,Distorted mix,"O' Lord! I have my doubts 
Sorry for your loss",trapproduction
80hj11,"My 12 year Old cat, still full of energy 🤗","O' Lord! I have my doubts 
Sorry for your loss",seniorkitties
855f0k,"Mobo not giving signal to monitor, keyboard and mouse","O' Lord! I have my doubts 
Sorry for your loss",computers
859zlo,Bought new parts for my pc,"O' Lord! I have my doubts 
Sorry for your loss",techsupport
