Comment_ID,Comment_Submission,Comment_Text,Subreddit
dra15x5,"When you're feeling down, what *genuinely* makes you feel a ton better? [Serious]",Having one of my nieces or nephews give me a big hug. Their sweet innocent love in all they say and do just blinds me to the awful shit of a bad day. Being an aunt is the best.,AskReddit
draq102,"Pharmacists, would you ever date a tech?","Well, I’m now married to the pharmacist that I dated (when I was a tech) We met at work, but once things began shifting from friendly social time...to ‘oh shit we kissed’...he was transferred to another store. It was purely coincidental that he transferred, but I’m thankful we didn’t have to make the decision to either stop hanging out or try to date on the down-low.",pharmacy
dreft6l,Just blame it on the pharmacy and move on,"I recall being taught in school that a simple “I’m sorry. I screwed up” lowers the anger level from patients so quickly. I live by this rule and will be the first to fess up when I mess up. 

Something tells me MDs are not taught that.",TalesFromThePharmacy
dreiy9c,Just blame it on the pharmacy and move on,Ya know...I would assume that. But I work at a big-box and that has never been conveyed to me. Ever. They encourage us to do what we can to keep the patient from continuing to be pissed off.,TalesFromThePharmacy
drrh5fq,Ya. Ok walgreens.,It’s not a big deal at all. I’m a floater and have had to deal with closing / opening / pick up. Super easy and no hassle at all.,pharmacy
druojde,"Based on your last text message sent, what would your presidential campaign slogan be?",...she’s an incompetent cunt.,AskReddit
drvapk2,Does working at a pharmacy improve your immune system?,"Can’t say scientifically...but I never get sick (other than seasonal allergies). No stomach ‘flu,’ never had bronchitis, nor strep throat. 

10+ years in pharmacy. So maybe??",pharmacy
dsemxfs,What's a little gamble you take everyday that could go terribly wrong?,Sure. That is what the doctor wrote on this prescription...here ya go patient!!,AskReddit
dsi5vpy,"""don't you just have to put the pills in the bottle?""","Someone said that to my tech today and protested the 20 minute wait...I looked over raised my arms in an idk manner and laughed as I said, “yeah...lets hope we get you the right ones! I got a lot of options here!!”

For once, the laughed and seemed to understand why what they said was kinda ignorant.",TalesFromThePharmacy
dsi6tp1,I wish the normies would stay out of this sub,"That’s me. I have several Family members that have been addicted to pills, heroin, cocaine, alcohol, Etc.  I know that in my head, the same genes reside,  so I read the stories and struggles and victories that you guys post and it helps me understand. 

I’m also a pharmacist that tries so hard to understand and empathize with my patients.",opiates
dsn1th7,Can anyone from wags help me order the dividers for the fast rack?,"I’ll check at Work Monday if no one has replied. 

Have you tried looked at the Equipment link for yuyama on storenet?",pharmacy
dsn52hl,"Another new office Chair, Orifice Despot","I used to work at one of these office supply stores and it would hurt my heart when we were
To DTS (direct to salvage) products...we were
Supposed to destroy it beyond use. 

So this chair would have had box cutter slices all over it. 

Glad someone isn’t doing their job lol.",DumpsterDiving
dswnql6,New PIC - is my tech hour allotment the norm?,"Last week I tripped on something...and after I propped myself up...I laughed and lamented
To my tech that I was pissed that my damn human instinct kicked in, broke my fall, and kept me from busting my head open. 

I would have rather busted my head open and been able to go to the hospital than stay at
Work.",pharmacy
du0v612,Second lane is there so you can skip the line,"At my stores it has always been whoever I can speak to the soonest to keep line moving. I always thought it was a bit daft to for someone to keep  waiting in the first lane behind a car when there is a second empty lane available, so I never really felt bad about helping the person that drove up to the 2nd lane after them.",TalesFromThePharmacy
du46i3d,Are PA's giving anyone else trouble? Not talking about prior authorizations...,I appreciate your pragmatic response here. I think it does a good job clarifying both sides of the issue here.,pharmacy
du7c49f,"I’m going to the doctor tomorrow but in the meantime, anyone have any idea what this could be?",Lol it looks like lead from a pencil from when you were a kid or something!!! My sister was stabbed with a pencil in 4th grade the lead broke off in her skin and now it looks like that! (25 years later...),popping
du7yq39,"911 operators of reddit, what's the most blood chilling emergency call you've heard?",Did you ever find out how the situation resolved?,AskReddit
dubtd7y,To perform a 🔥 skateboard trick,"Hahaha bro #1: keeps filming. Bro#2 literally grabs the fiery pants and straddles his legs to extinguish the flame. 

Good job bro #2",therewasanattempt
dvyl2q3,How do react when picking up tamiflu?,"Most think it’s a cure for the symptoms. I have to remind them it will not help the cough, snot, misery....but hopefully make it end quicker.",pharmacy
dvynyhw,"My father and I at same age, 30 years apart (1600x900)","Yes!! I am the spitting image of my great grandmother. All my family is fascinated and LOVES it...but for me...it’s a bummer. Cause she may have been the kindest, most lovely lady that ever lived, but boy was she a bit...homely. I always knew what I’d look like when I reached adulthood...just a modern version of her.",pics
dvytmvg,How do react when picking up tamiflu?,"Honestly, no. I encourage them to finish it. But only as it applies to the patient I’m speaking with.",pharmacy
dw41g3a,The 71-year-old president is tweeting about fighting 75-year-old Joe Biden.,"Yes. But he’s not POTUS. A position which, until 45, exhibited much more restraint and class. 

Also, it wasn’t broadcasted via twitter.",politics
dwcijl7,Retail pharmacy- what's the vibe you get from the floor staff?,What were they over nighting?,TalesFromThePharmacy
dwpk6kq,"Very limited info on these online, help?","Lol how old is that bottle?? Pretty sure that is Davocet, (propoxyphene) which was taken off the market in 2010. And I’m pretty sure Walgreens labels haven’t looked like that since 2007.",opiates
dwtu3ze,In the comments of an anti-vaccer post on Facebook,"It’s not wrong. But, getting the shot and preventing yourself from getting the flu, means that you’ve prevented  yourself from becoming a walking incubator to further spread the virus should you ever contract it. Instead of being sick and coughing all the grossness around to spread it for 5-7 days...you’d be 1 less person spreading it.",MurderedByWords
