Comment_ID,Comment_Submission,Comment_Text,Subreddit
dtatuuj,Xbox - Is it possible to create a new account?,"Yeah man ronaldinho was something else, he was a magical player. Neymar been insane lately too hes a little reminiscent of him. Cant believe madrid outta the copa del rey. All focus on the CL at this point",FortNiteBR
dtfjhqr,"Feeling bummed out, anyone want to chat?",Hey pm me if you wanna talk about anything,CasualConversation
dtknxhd,"IsItBullshit: If you take your veins and put them end to end, they could circumnavigate the globe twice.",Absolutely bullshit,IsItBullshit
dtzxmao,[No Regrets] I told her boyfriend that she's cheating on him with me.,You fucked up,confession
dtzxudz,"My sister has been cheating on her husband and is pregnant with another man's child, but my brother-in-law thinks the baby is his. She ended up telling me and I'm not sure what to do.","Thats fucked if you allow this innocent man to spent his life raising a child that isnt even his. she needs to tell him or you do, dont let this go any further you have a moral responsibility here",confession
dtzymi4,I am responsible for the death of my best friend.,"Bullshit, in your post history you claim you’re fucking 15 and looking for dating advice.",confession
dtzzs16,I sent a couple nudes to someone and I’m in a serious relationship,I think you need to confront your sexuality to address the roots of the reason as to why this happened in the first place,confession
du5d2ub,My neighbor moans and it’s sexy as hell,Are you a teenager who lives with your mom in an apartment and the moanings coming from upstairs?,confession
ducvb9p,"I'm Sid Fischer, a student who was in the third room shot into by a murderer in the recent school shooting, AMA",Why was she smiling?,IAmA
ducvbpd,"I'm Sid Fischer, a student who was in the third room shot into by a murderer in the recent school shooting, AMA",Why is she smiling,IAmA
dud5paf,What's your favorite British phrase/slang?,Ye wanker yeeeeee,AskReddit
duhpypw,I don’t comment on reddit anymore,"Make your voice heard, no matter what.",confessions
duk3naf,threesomes... is it possible he can love me and still want this?,Get the fuck out of that relationship ASAP,survivinginfidelity
dukbb6n,But he nuzzled her!,He needs to get his ass beat,creepyasterisks2
dukdbv7,What movie should never be remade?,Rubber,AskReddit
duv10fv,I paid $350 for an erotic massage,This is hilarious lmao,confession
dvle6ie,My “enemy” (21/F) cared for me (21/F) after being drugged and protected me from a creep,Fake.,relationships
dvmpolm,My lack of sex life is turning me into a bitch,R/deadbedrooms,confession
dw22eao,I peed in my roommates shampoo and did other things,This is honestly fucked up,confession
dwbblxq,Not the reaction he was hoping for,"I love the split second smile he gives after kissing her, thinking everything went great",WatchPeopleDieInside
dwbelge,What’s the worst meal you’ve ever been served in someone’s home?,A half-cooked steak...,AskReddit
dwskd2j,Buying CoD points using Amazon as a Gift?,How he owns WW2?,ww2
dwskegw,Buying CoD points using Amazon as a Gift?,I got kicked of the CoD subreddit too like where do I ask this question,ww2
dwtqr21,Attending a Conference on the Opioid Epidemic,Can you provide more of your thoughts?,opiates
dwwrfo4,Attending a Conference on the Opioid Epidemic,Thank you very much!,opiates
