Submission_ID,Submission_Title,Submission_Text,Subreddit
71ewte,How can I create a virtual design lab for custom merch?,"Yeah man ronaldinho was something else, he was a magical player. Neymar been insane lately too hes a little reminiscent of him. Cant believe madrid outta the copa del rey. All focus on the CL at this point",web_design
75iqz8,What jetta or passat should i get?,"Yeah man ronaldinho was something else, he was a magical player. Neymar been insane lately too hes a little reminiscent of him. Cant believe madrid outta the copa del rey. All focus on the CL at this point",whatcarshouldIbuy
7biq4x,Creating second account ios?,"Yeah man ronaldinho was something else, he was a magical player. Neymar been insane lately too hes a little reminiscent of him. Cant believe madrid outta the copa del rey. All focus on the CL at this point",gunsofboom
7dvrq8,What really happened with Lil Peep and Mariah Bons,"Yeah man ronaldinho was something else, he was a magical player. Neymar been insane lately too hes a little reminiscent of him. Cant believe madrid outta the copa del rey. All focus on the CL at this point",LilPeep
7e619o,Can I connect a roku 1 to an xfinity hot spot?,"Yeah man ronaldinho was something else, he was a magical player. Neymar been insane lately too hes a little reminiscent of him. Cant believe madrid outta the copa del rey. All focus on the CL at this point",Roku
7he7w9,Girlfriend (20f) got new roommate (24m) without telling me,"Yeah man ronaldinho was something else, he was a magical player. Neymar been insane lately too hes a little reminiscent of him. Cant believe madrid outta the copa del rey. All focus on the CL at this point",relationship_advice
7ozemx,Is Devin Booker good?,"Yeah man ronaldinho was something else, he was a magical player. Neymar been insane lately too hes a little reminiscent of him. Cant believe madrid outta the copa del rey. All focus on the CL at this point",nba
7p2vbo,Anyone else feel the nostalgia?,"Yeah man ronaldinho was something else, he was a magical player. Neymar been insane lately too hes a little reminiscent of him. Cant believe madrid outta the copa del rey. All focus on the CL at this point",gaming
7pgmax,When she make 100k a year and talk about leaving me,"Yeah man ronaldinho was something else, he was a magical player. Neymar been insane lately too hes a little reminiscent of him. Cant believe madrid outta the copa del rey. All focus on the CL at this point",funny
7phkkt,Me when I have gold elims as Zenyatta,"Yeah man ronaldinho was something else, he was a magical player. Neymar been insane lately too hes a little reminiscent of him. Cant believe madrid outta the copa del rey. All focus on the CL at this point",gaming
7pk1xw,Xbox - Is it possible to create a new account?,"Yeah man ronaldinho was something else, he was a magical player. Neymar been insane lately too hes a little reminiscent of him. Cant believe madrid outta the copa del rey. All focus on the CL at this point",FortNiteBR
7pl4ns,Balotelli-dude,"Yeah man ronaldinho was something else, he was a magical player. Neymar been insane lately too hes a little reminiscent of him. Cant believe madrid outta the copa del rey. All focus on the CL at this point",soccer
7q0nyy,You're all good people on here,"Yeah man ronaldinho was something else, he was a magical player. Neymar been insane lately too hes a little reminiscent of him. Cant believe madrid outta the copa del rey. All focus on the CL at this point",FreeCompliments
7q78fu,Woops,"Yeah man ronaldinho was something else, he was a magical player. Neymar been insane lately too hes a little reminiscent of him. Cant believe madrid outta the copa del rey. All focus on the CL at this point",funny
7rlox4,"If you couldn’t be convicted of any one type of crime, what criminal charge would you like to be immune to?","Yeah man ronaldinho was something else, he was a magical player. Neymar been insane lately too hes a little reminiscent of him. Cant believe madrid outta the copa del rey. All focus on the CL at this point",AskReddit
7rmx0q,Someone please caption this photo,"Yeah man ronaldinho was something else, he was a magical player. Neymar been insane lately too hes a little reminiscent of him. Cant believe madrid outta the copa del rey. All focus on the CL at this point",funny
7ro2bx,Running into jack black would be so cool,"Yeah man ronaldinho was something else, he was a magical player. Neymar been insane lately too hes a little reminiscent of him. Cant believe madrid outta the copa del rey. All focus on the CL at this point",Showerthoughts
7t64b7,Lmao so true,"Yeah man ronaldinho was something else, he was a magical player. Neymar been insane lately too hes a little reminiscent of him. Cant believe madrid outta the copa del rey. All focus on the CL at this point",FortNiteBR
7t996r,Big sean - in tune,"Yeah man ronaldinho was something else, he was a magical player. Neymar been insane lately too hes a little reminiscent of him. Cant believe madrid outta the copa del rey. All focus on the CL at this point",listentothis
7unv0l,I’m the bad guy,"Yeah man ronaldinho was something else, he was a magical player. Neymar been insane lately too hes a little reminiscent of him. Cant believe madrid outta the copa del rey. All focus on the CL at this point",confession
7yrdxp,My recent Ex (20F) tested positive for an STD and I (23M) tested negative,"Yeah man ronaldinho was something else, he was a magical player. Neymar been insane lately too hes a little reminiscent of him. Cant believe madrid outta the copa del rey. All focus on the CL at this point",relationship_advice
7z66hu,It feels so good,"Yeah man ronaldinho was something else, he was a magical player. Neymar been insane lately too hes a little reminiscent of him. Cant believe madrid outta the copa del rey. All focus on the CL at this point",survivinginfidelity
8846ba,Custom Bar/Restaurant Supplies,"Yeah man ronaldinho was something else, he was a magical player. Neymar been insane lately too hes a little reminiscent of him. Cant believe madrid outta the copa del rey. All focus on the CL at this point",startups
89p5h1,Want to buy my friend CoD Points,"Yeah man ronaldinho was something else, he was a magical player. Neymar been insane lately too hes a little reminiscent of him. Cant believe madrid outta the copa del rey. All focus on the CL at this point",CallOfDuty
89tdy4,Attending a Conference on the Opioid Epidemic,"Yeah man ronaldinho was something else, he was a magical player. Neymar been insane lately too hes a little reminiscent of him. Cant believe madrid outta the copa del rey. All focus on the CL at this point",opiates
