Comment_ID,Comment_Submission,Comment_Text,Subreddit
dud4tj9,A whittle package,Somebody must love you because that's a really thoughtful and lovingly generous care package.,opiates
dudb4gk,A whittle package,"Mind blown, kahbooom. I love you.",opiates
duh1ark,What is the smartest thing you've ever done?,Try to do things,AskReddit
duh1srb,Alabama sheriffs pocket tens of thousands of taxpayer dollars allocated to feed inmates,There are no redeeming qualities...,news
duh1x3b,Alabama sheriffs pocket tens of thousands of taxpayer dollars allocated to feed inmates,This type of law enforcer is super problematic,news
dun6hax,"A Gut-Wrenching Biohacking Experiment (2018) ─ A biohacker declares war on his own body's microbes. He checks himself into a hotel, sterilizes his body, and embarks on a DIY experiment. The goal: “To completely replace all of the bacteria that are contained within my body.”",This guy is a real piece of shit.,Documentaries
duojcjn,"A Gut-Wrenching Biohacking Experiment (2018) ─ A biohacker declares war on his own body's microbes. He checks himself into a hotel, sterilizes his body, and embarks on a DIY experiment. The goal: “To completely replace all of the bacteria that are contained within my body.”",This person gets it.,Documentaries
duvw44o,"Sorry all, but can anyone recommend a kratom vendor? R/kratom seems like a lot if botty promoters.",Ok ok I will delete,opiates
duvw4uy,"Sorry all, but can anyone recommend a kratom vendor? R/kratom seems like a lot if botty promoters.",I apologise,opiates
duw5i0b,My face after leaving my doctor's office and being told my cancer was beat into remission!!!!,"Nice, congratulations homie.",pics
dv1sv09,I gave up alcohol when my daughter turned 1 (left). I'm 5 years sober today.,You are a good man.,pics
dv29oi7,"The Most Disturbing Painting (2018) - A short video on the hard life of Francisco Goya, and one of his most eerie works.[8:46][CC]",Very interesting,Documentaries
dvjp819,Catholic Church against Georgia law extending time for sex abuse victims to sue. The Catholic church once again proves they care more about protecting abusers and their institution than seeking out justice for victims.,"Disheartening, super super ungood.",TwoXChromosomes
dw6vl9s,"My great-grandpa Ed. He fought Nazis, helped bring klezmer to southern jazz, had an interracial marriage and marched from Selma to Montgomery. Taken in 1989 on the birth of his 10th great-grandchild. He was my hero.",Sounds like you were incredibly lucky to know him.,OldSchoolCool
dw6xilg,I don't make much money and I think I have a problem.,Thumbs up,whiskey
dw6xu5n,"My great-grandpa Ed. He fought Nazis, helped bring klezmer to southern jazz, had an interracial marriage and marched from Selma to Montgomery. Taken in 1989 on the birth of his 10th great-grandchild. He was my hero.",That is really wonderful.,OldSchoolCool
dwct5an,[Homemade] Deviled Eggs for Easter,Gross,food
dwgngn0,"You have been accepted for an experiment: you must stay in a room with nothing but bed/toilet/food/water and no human contact for one month. If you succeed for the whole month without giving up, you get $5,000,000. Do you accept? And what are your coping strategies to avoid mental breakdown?",Solitary confinement is torture.,AskReddit
dwi8210,What is the worst state in the United States and why?,"Ohio, most generic.",AskReddit
dwlvmk7,The ultimate progress picture,Fuck capitalism,pics
dwlxf1k,Kratom hard on the GI system?,It makes me constipated sometimes.,kratom
dwlzh0d,Kratom hard on the GI system?,I unfortunately get this side effect quite easily. I have a diet rich in fiber but have found that the effect can be significant. It has very much contributed to moderation. I use kratom when I have intense agitation from anxiety and reserve it for that because my body responds in this manner.,kratom
dwlzi3q,What was easier in 2008 than 2018?,Oxycontin,AskReddit
dwnbp7t,How do I use whisper?,It probably won't work unless you live in a citay.,opiates
dwncvcu,How do I use whisper?,"Best of luck, stay safe.",opiates
