Submission_ID,Submission_Title,Submission_Text,Subreddit
5tqmox,Does cold water extraction actually work and is there a ceiling dose for hydrodone?,Somebody must love you because that's a really thoughtful and lovingly generous care package.,opiates
5ucasy,Lets talk about Listerine.,Somebody must love you because that's a really thoughtful and lovingly generous care package.,cripplingalcoholism
5ybkm7,"An academic article on drinking mouthwash --- for those who do not drink a ton, like several bottles at once, the main harm seems to be just alcohol.",Somebody must love you because that's a really thoughtful and lovingly generous care package.,cripplingalcoholism
5yyvs9,Anyone ever feel good?,Somebody must love you because that's a really thoughtful and lovingly generous care package.,cripplingalcoholism
5zlz65,What would you call this drink if you wanted to order it at a bar?,Somebody must love you because that's a really thoughtful and lovingly generous care package.,cripplingalcoholism
600t7j,"This could be useful - A handheld ""spectrometer""",Somebody must love you because that's a really thoughtful and lovingly generous care package.,opiates
60dmoq,Help - I'm going to be in a situation where I am traveling and my Rats may need to stay in my car when it is around 40 F outside while I do something I have no choice in for around an hour.,Somebody must love you because that's a really thoughtful and lovingly generous care package.,RATS
60s37k,Documentary Movies : Horrible Life of Drug Addicted Children in Afghanistan Full Documentary,Somebody must love you because that's a really thoughtful and lovingly generous care package.,opiates
61o3re,What is the weirdest insult that has ever been directed at you?,Somebody must love you because that's a really thoughtful and lovingly generous care package.,opiates
622uzo,Anyone ever take large amounts of Benadryl?,Somebody must love you because that's a really thoughtful and lovingly generous care package.,cripplingalcoholism
62iegm,People who have unfortunately experienced car accidents/wrecks - what was it like and how has it affected you?,Somebody must love you because that's a really thoughtful and lovingly generous care package.,AskReddit
64ndta,Are there any special risks to consider with respect to Geriatric pain management dosage?,Somebody must love you because that's a really thoughtful and lovingly generous care package.,opiates
64q2i1,U-47700 worth it?,Somebody must love you because that's a really thoughtful and lovingly generous care package.,opiates
65shij,Mammary Tumor - What do I do?,Somebody must love you because that's a really thoughtful and lovingly generous care package.,RATS
65xcve,What questions should I ask/what should I have examined? - My rat's first vet visit.,Somebody must love you because that's a really thoughtful and lovingly generous care package.,RATS
67d3f9,Do you see the price of heroin getting cheaper or more expensive over the next decade?,Somebody must love you because that's a really thoughtful and lovingly generous care package.,opiates
67guh7,If you could have one superpower?,Somebody must love you because that's a really thoughtful and lovingly generous care package.,opiates
69lmeo,Favorite natural flavor/blend that is not Copenhagen,Somebody must love you because that's a really thoughtful and lovingly generous care package.,DippingTobacco
69rao2,Dip contains some alcohol. Has anyone ever failed an ETG test (tested positive for alcohol) because of it?,Somebody must love you because that's a really thoughtful and lovingly generous care package.,DippingTobacco
69znr9,Has anyone ever failed an ETG because of Dip/chewing tobacco?,Somebody must love you because that's a really thoughtful and lovingly generous care package.,probation
6arb6v,Anyone here about this?,Somebody must love you because that's a really thoughtful and lovingly generous care package.,cripplingalcoholism
6bdi2u,Video of marines finding opium and (probably a year's worth of) heron in Afghanistan,Somebody must love you because that's a really thoughtful and lovingly generous care package.,opiates
6gicm6,Harm reduction guide (pdf) on how to easily extract and IV non-gel fent patches. Anyone ever try this?,Somebody must love you because that's a really thoughtful and lovingly generous care package.,opiates
75dvdw,Fuck you deminishing returns,Somebody must love you because that's a really thoughtful and lovingly generous care package.,cripplingalcoholism
87wwg9,Favorite vendors?,Somebody must love you because that's a really thoughtful and lovingly generous care package.,kratom
