Submission_ID,Submission_Title,Submission_Text,Subreddit
7gln6q,Those of you with ongoing opiate prescriptions,"None of the above, sorry kiddo.  Haven't made up anything. I can tell you're extremely jealous though.",opiates
7m3yqw,Om nom nom,"None of the above, sorry kiddo.  Haven't made up anything. I can tell you're extremely jealous though.",opiates
7rnhf4,Script day... tons of 80s 20s Xanax valium muscle relaxers and roids... holla,"None of the above, sorry kiddo.  Haven't made up anything. I can tell you're extremely jealous though.",opiates
89alj7,I have consumed over $1 million worth of opiates,"None of the above, sorry kiddo.  Haven't made up anything. I can tell you're extremely jealous though.",opiates
