Comment_ID,Comment_Submission,Comment_Text,Subreddit
dwupjpt,"The Transporter Chief showing off the new craze, sweet potato beakstick (lipstick)",It looks quite fetching!,parrots
dwurw3f,Spinderella draws a picture while spinning on her head,Spinderella’s not a fella.,UNBGBBIIVCHIDCTIICBG
dwusg17,Beach Party Bingo,"Yeah, they all look so ... *young*. Like enormous, smooth babies waiting for a nappy change. I prefer the “shaved clean below and at the sides, leaving the front otherwise intact” look, but then I’m nearly hairless without shaving. 

And as long as they aren’t using actual babies, I don’t care. 

*Looks around* Uh ... never mind.",trashyboners
dwvx51i,"Sitting in a line of cars, when suddenly...",Didn’t the car move left because it was hit from the right rear?,dashcamgifs
dwvxcvk,"Sitting in a line of cars, when suddenly...","It’s not your fault if someone hits you and you hit another. That’s why those people who claim that a rear-ender is *always* the fault of the “behind car” are nitwits. 

It’s not your fault if you’re rear-ended and pushed forward into another vehicle.",dashcamgifs
dwvxfwc,"Sitting in a line of cars, when suddenly...",The guy you responded to said that exact thing.,dashcamgifs
dwvxxn7,Please don’t talk to her while she works.,"I don’t understand why people who are supposed to be working are compelled to come by and start yammering at me when I’m helping a customer. 

It’s rude to me, and it’s rude to the customer, who should be getting my full attention. Meanwhile, that twat from Women’s Shoes thinks the party she went to last night is soooo interesting that of course everyone wants to hear it. 

So glad I don’t work retail anymore. The coworkers are usually worse than the customers.  

/in the wrong sub",TalesFromRetail
dwvxzyi,"Sitting in a line of cars, when suddenly...","Haha, it’s ok, most of us fade out before the end of a post now and then!",dashcamgifs
dwvy321,Yes - Yours Is no disgrace live 1972 (Yessongs),"I saw him wearing it, back in the Seventies (too old to remember which show, heh).

It was glorious.",ClassicRock
dwvy8d1,Cow Lick,Dunno why you’re being downvoted. It’s obviously true — the hat is doing nothing to keep her hair dry!,happycowgifs
dwvykeq,This is going to clash with my outfit.,"Gee, I sure am glad that the medical decisions concerning chronic pain meds are being made by people who make more money by keeping pain medication scary and nearly impossible to get. 

Thanks, fucktards! Thanks, fellow stupid Americans who fall for this scaremongering bullshit about “opioids,” when most of the deaths are heroin-fentanyl related! Thanks, assholes who don’t live with crippling pain telling those who do to suck it up!

I hope you all end up suffering the way chronic pain patients do, and that you can’t get pain medication.",ChronicPain
dwvyn3x,This is going to clash with my outfit.,It shouldn’t make you laugh. It should infuriate you that fear-mongering DEA whores are managing people’s medical care.,ChronicPain
dwvys3r,This is going to clash with my outfit.,"True fact. And I’m allergic to most (yes, most!) antibiotics and classes of antibiotics. So far, we’ve found four that don’t want to kill me. 

Between that and the DEA criminalizing my other medication, I’m doomed. La de dah! ... sorry, bad mood.",ChronicPain
dwvyuj2,This is going to clash with my outfit.,Thank you for speaking the unpopular truth.,ChronicPain
dwwkgp7,"Sitting in a line of cars, when suddenly...",What a mess!,dashcamgifs
dwwp56o,TIFU when I tried to take a quick shower,"Hell, *I* don’t believe him!",tifu
dwwpd9d,TIFU when I tried to take a quick shower,That’s probably close.,tifu
dwwph8g,TIFU when I tried to take a quick shower,"And for God’s sake, clean the blood and bits of poop and anus off first!",tifu
dwxljey,Hotel Hallway,"The airline pilot who’s trying to get some sleep before her red-eye flight is not amused. 

I detest drunken twats like these, and anyone else who treats a hotel hallway like their own Romper Room. Shut up and walk quietly to your room/the bar/outside, idiots! People are trying to sleep, and other people’s lives depend on them being able to.",trashyboners
dwxw4s7,This is going to clash with my outfit.,"Thank you for understanding, and for not taking offense at my hastily formed thoughts. I’m glad you were able to get clean, and that you’re alive today. 

I don’t think addicts can just will themselves to do anything, though. You can’t will your body chemistry (or whatever) to change. For them, and whoever else wants it, by all means, Narcan that mofo! My disagreement is with the lumping in of medication with heroin, and junkies aren’t the ones doing that. This is why my medication has been nearly cut off — because the DEA want more power, and it is getting that power by making Americans think that people who take opioids (prescribed, necessary, often life-saving medication) are all worthless drug addicts who should just stop taking their medication. The people dying are heroin users who are victims of fentanyl substitution, and pain patients forced to get their medication (now with added fentanyl!) from dealers because the health care system cut them off.

Further, the U.S. is re-criminalizing its approach to drug addiction (heroin, Valium, oxycodone, whatever). This approach is bad, and it is killing people who can’t bear the pain any longer and are blowing their brains out ... because of the invented “opioid crisis.” We have a fentanyl crisis, not an “opioid crisis”!

Dang, I really need to take a pill ... lol. Sorry for ranting again!
Edit for clarity, fentanyl, and to add second sentence <3",ChronicPain
dwxwalj,This is going to clash with my outfit.,"Ah, jeez, I’m sorry for your pain.

I just ranted again, elsewhere in the thread. One-handed, because the pain in my bad shoulder is a bit intense today, so I’m letting it rest. :-)

(I swear, I’m not always like this!)",ChronicPain
dwy495a,HQ Trivia knocks out over 100k players with a question about the correct spelling of the Berenstein Bears.,"Yes, It’s Berenstain. It’s wrong in the headline because the OP enjoys messing with people..",MandelaEffect
dwy4mpn,Simone Segouin in 1944 Paris,"Honey, these shorts are doing nothing for your hips. And that color! Ugh. ... You know, a line drawn down the back of your leg with a bit of charcoal will give the illusion of stockings, regardless of the government’s rules about rationing. And for heaven’s sake, please put on a little lipstick! You’re a sniper, not a butcher’s wife. ... oh, dear God, those shoes!",wwiipics
dwy4vyl,Former U.S. Sen. Daniel Akaka Dead At 93,"Waihe‘e was state, though, not federal. Akaka was in Washington. Sen. Daniel Inouye had much more power, being the senior senator, but Akaka comported himself very well.

I had many meetings with the man, due to my job. I didn’t know him well, and won’t tell you I did, but he was always kind and courteous, and everyone knew him to be a gentleman.",Hawaii
dwy6341,[USA][SF] Slow down in the rain! Hydroplaning SUV right into center median.,"Remember this formula: 9 x SQRT {tire pressure} 

This formula works for any vehicle size — I learned it in flight school. An aerobatic instructor I knew at the time (the guy I ended up marrying the first time) was an airline pilot. When you’re flying a 777 or other passenger or cargo jet, it’s really important not to hydroplane while landing.

Your tires will hydroplane at about 9 x the square root of your tire pressure. Even for the math-deficient driver, it’s not hard to figure out. If your rear tires have 36 psi, you will hydroplane at 54 mph. (The square root of 36 is 6. Six times nine is 54. Ta-da!)

Yes, some factors will change this equation, in reality (tire tread/composition, road surface, etc.). That’s why it’s a *general* rule.

It’s not exact, but it’s close enough. If you want to be extra-careful, knock a couple of mph off. (Always err on the slower side.)

If you end up hydroplaning anyway, take your foot off the gas and keep the tires pointed in the direction of travel. Don’t do anything else until you feel solid ground. You might hit someone or something, but panicking and oversteering when you come out of it won’t help.",Dashcam
