Comment_ID,Comment_Submission,Comment_Text,Subreddit
dskwe70,Currently nodding on H,You commented somewhere you’re in nursing school.... and this is your explanation...,Drugs
dskx0lf,I know it says serving size 5 capsules but does that mean all at once or throughout the day,I always throw Kratom caps on the scale. 00 size caps weigh about .15g so you can do some quick math and see how much cause they vary a ton,opiates
dss06gu,I almost smoked a lethal amount of heroin and i didnt even know what it was.,No experience but almost OD’d.... come on with this shit,opiates
dssyl41,Supplies good enough?,"For cutting the subs I was thinking cutting the first one in 3 pieces, and the second one first cut in half take one of those half’s and cut it into 4 pieces so it would be like 3 doses of 2.7mg, 2 doses of 2mg and 4 doses of 1mg. Thoughts? Spacing tips?",opiates
dt2pncd,Not sure what’s going to happen...,I wish I knew some one to trade this dope to for subs :/ kind of a secret junky,opiates
dt3l3gf,Not sure what’s going to happen...,I did about .2 and feel like a dumbass. The guy actually takes it back cause it’s hard to find where I am so I’m giving it back in the morning. Idk what the fuck I was thinking. Just hope it’s not completely reset off of that,opiates
du7m13i,Guy claiming to be able to send via usps off craigslist?,If you can pick them up at his house do that but never pay anyone in advance,opiates
du95apk,"Well, this is it boys and girls. Every junkies worst nightmare (shit post)",Mulungu? Never heard of it,opiates
du97cgr,Can u get charged for someone's od death,This sounds really really bad dude. Lawyer up,opiates
du97ibt,Gave my drug dealer a chocolate kiss for Valentine's Day. Didn't get free bag,This is the same dude who’s worried about getting arrested for the overdose death of someone that he shot up.... no you’re not getting shit for free and you’re lucky the guy is still selling you dope,opiates
du9acep,Gave my drug dealer a chocolate kiss for Valentine's Day. Didn't get free bag,Your previous post says you did. Why would a dealer want to fuck with a kid who just killed somebody?,opiates
du9pm2n,Medication reccomendation,"I’m on 300mg a day of the XR version. A generic Bupropion anyway. I admit I started taking it before I got deep into opiates (still did some just not daily) but I used to not be able to get out of bed or have the motivation to do anything at all. It saved my life. It can make you edgy and your patience may disappear at times, at least mine does. But it does give you quite the energy boost. Apparently the instant version has even more of that effect but I haven’t tried it.",opiates
du9vph6,"Stash pic, love my baseball display case mirror",No it doesn’t. Case is pretty small when closed. But it has a giant magnet on the back strong enough to use on the underside of a car,opiates
duaowuk,"Stash pic, love my baseball display case mirror",It’s Kratom caps,opiates
duaoyjy,"Stash pic, love my baseball display case mirror",That’s what it is. Make them my self tho. Just order the “00” size capsules. Can’t drink that dirt lol,opiates
duapt71,what's it like,"I was just like that until a year ago. Decent xanax habit at the time had done a couple percs but nothin crazy. Swore I would never touch the stuff, it had just killed a friend of mine I swore up and down it wouldn’t be me. Then it was offered by a girl I had a huge crush on at the time. I did it and just loooooved the feeling. 

Worst mistake I ever made in my life. Don’t do it man. 

Just don’t. If you like xans enough to get hooked, then you’ll like H enough to get hooked. Don’t take the chance. I couldn’t be any more serious when I say NEVER touch it. Try not to associate with people who do if you are susceptible to peer pressure.",opiates
duapwvo,what's it like,"Agreed. Edibles, edibles, edibles. They work great for getting off/replacing xans. But it doesn’t work that way for H",opiates
duaq2i3,what's it like,I don’t mean to preach but I feel strongly about it. It does not feel good enough for all the bullshit it will end up causing,opiates
duaqv19,"Finally going to a psychiatrist in a few weeks (for social anxiety, depression) so just wondering how people get prescribed benzos?","Panic attacks. If you only say you have anxiety you’ll get a med that handles depression and anxiety. If you have anxiety attacks describe them in deep detail. If you don’t, just look up the symptoms and tell him that’s what happens. But the guy commenting before me was right. It’s a bandaid and you’ll become dependent quicker than you think. They’re hesitant to give out much more than Ativan but it does wonders for my attacks. I wish I had something stronger but I can’t do that kind at work. Mostly cause I’ve got some kind of opiate in my system usually and I’d be headed straight to nod city",opiates
dujd8vy,"Feeling terrible after taking a sub,",Well I opened another one cut it in half and put it Uber my tongue and 30 min later I was sleeping like a baby. Idk. Maybe I need more bupe but in the past even 1mg can get me through 12 hours and my habit hasn’t changed. I figured 4 would be straight and it was for 6 hours then felt like shit ate 2mg of the same old one..nothing. Two hours later opened that me one and I’m fine....,opiates
dujdaof,"Feeling terrible after taking a sub,",Yes 24 hours is what I usually do and it’s really smooth transition,opiates
duw3nju,Is alprazolam only meant to be taken orally? Have any of you tried it any other way?,Well we know they weren’t pressed lol. Xanax taste like shit,opiates
dvbg4lt,E8 oxycodone sweet taste?,Klonopin,opiates
dvl7ce8,Vacation tips,"I just put the subs wrapper and all in my wallet, threw it in the bin with my phone and belt and stuff never had an issue",opiates
dwr6eou,Fasting helps against urges,So you don’t use opiates but are here on an opiates sub to tell everyone that fasting helps curb urges for opiates....,opiates
