Submission_ID,Submission_Title,Submission_Text,Subreddit
7qywcq,Supplies good enough?,You commented somewhere you’re in nursing school.... and this is your explanation...,opiates
7s88dy,Not sure what’s going to happen...,You commented somewhere you’re in nursing school.... and this is your explanation...,opiates
7xlzqo,"Stash pic, love my baseball display case mirror",You commented somewhere you’re in nursing school.... and this is your explanation...,opiates
7ytt19,"Feeling terrible after taking a sub,",You commented somewhere you’re in nursing school.... and this is your explanation...,opiates
83ovsm,Need some advice,You commented somewhere you’re in nursing school.... and this is your explanation...,OpiatesRecovery
