Comment_ID,Comment_Submission,Comment_Text,Subreddit
dwxf5r7,"Men of AskMen, what is one small, silly thing that makes your day?",[Here](https://imgur.com/gallery/9W0O4) is another cute cat! I'm a bot.  *(downvote to -1 to delete this comment)*,AskMen
dwxgotq,PCSing with pets?,[Here](https://imgur.com/gallery/vgW1p) are a few other dogs! I'm a bot.  *(downvote to -1 to delete this comment)*,army
dwxgwfi,Pet thread? Pet thread,[Here](https://imgur.com/gallery/vgW1p) are a few other dogs! I'm a bot.  *(downvote to -1 to delete this comment)*,teenagersnew
dwxgx0f,My little boy Pepi. He does cute things.,[Here](https://imgur.com/gallery/9W0O4) is another cute cat! I'm a bot.  *(downvote to -1 to delete this comment)*,Eyebleach
dwxi03g,This is what happens when you Urinate on a train platform 😱😱😱😱😱😱😱😱😱,[Here](https://imgur.com/gallery/oXrkr) is some cute kittens! I'm a bot.  *(downvote to -1 to delete this comment)*,WTF
dwxipa7,Nap time,[Here](https://imgur.com/gallery/9W0O4) is another cute cat! I'm a bot.  *(downvote to -1 to delete this comment)*,cats
dwyjrps,"Dog quilt block pattern, Miniature schnauzer, Rustic home decor, Modern home decor, Instant download, Paper Piecing, Tutorial for beginners from SelenaQuilt.",[Here](https://imgur.com/gallery/ix1Pc) are some cute dogs! I'm a bot.  *(downvote to -1 to delete this comment)*,quilting
dwyju8t,Community Conversation: Video Games,[Here](https://imgur.com/gallery/9W0O4) is another cute cat! I'm a bot.  *(downvote to -1 to delete this comment)*,CasualConversation
dwykl6x,Spin frenzy for the biscuits,[Here](https://imgur.com/gallery/ix1Pc) are some cute dogs! I'm a bot.  *(downvote to -1 to delete this comment)*,Eyebleach
dwykpfm,Are hunters currently under-powered or am I doing something wrong?,[Here](https://imgur.com/gallery/9W0O4) is another cute cat! I'm a bot.  *(downvote to -1 to delete this comment)*,hearthstone
dwyl1nt,[Contest] please summon gamesterette and show love,[Here](https://imgur.com/gallery/oXrkr) are some cute kittens! I'm a bot.  *(downvote to -1 to delete this comment)*,Random_Acts_Of_Amazon
dwyl558,Somebody fell asleep while trying to stop me from playing CIV.,[Here](https://imgur.com/gallery/9W0O4) is another cute cat! I'm a bot.  *(downvote to -1 to delete this comment)*,pcmasterrace
dwyluap,Mmmmm,[Here](https://imgur.com/gallery/9W0O4) is another cute cat! I'm a bot.  *(downvote to -1 to delete this comment)*,CringeAnarchy
dwym2ro,[OC Fanart] Second time doing fanart and first time coloring eyes...,[Here](https://imgur.com/gallery/9W0O4) is another cute kitty! I'm a bot.  *(downvote to -1 to delete this comment)*,DDLC
dwym4xm,"Pay It Forward, Friday #238!",[Here](https://imgur.com/gallery/9W0O4) is another cute cat! I'm a bot.  *(downvote to -1 to delete this comment)*,neopets
dwym597,This just fills My heart!,[Here](https://imgur.com/gallery/oXrkr) are some cute kittens! I'm a bot.  *(downvote to -1 to delete this comment)*,Thisismylifemeow
dwymiwh,World of Warships: The Power of Purr,[Here](https://imgur.com/gallery/9W0O4) is another cute cat! I'm a bot.  *(downvote to -1 to delete this comment)*,SteamKiwi
dwyn64e,The portrait of my alarm clock. To turn it off you have to boop her.,[Here](https://imgur.com/gallery/ix1Pc) are some cute dogs! I'm a bot.  *(downvote to -1 to delete this comment)*,dogpictures
dwynckd,"(Fantasy, Continuation) Live By the Sword Part III, One year in!",[Here](https://imgur.com/gallery/ix1Pc) are some cute dogs! I'm a bot.  *(downvote to -1 to delete this comment)*,YouEnterADungeon
dwyo2qg,Not what I'm looking for...,[Here](https://imgur.com/gallery/9W0O4) is another cute cat! I'm a bot.  *(downvote to -1 to delete this comment)*,facepalm
dwyocfl,"To those who have Hunter boots, which do you recommend?",[Here](https://imgur.com/gallery/ix1Pc) are some cute dogs! I'm a bot.  *(downvote to -1 to delete this comment)*,AskWomen
dwyoiy0,Oh Boy! Frisbee Snow!,[Here](https://imgur.com/gallery/ix1Pc) are some cute dogs! I'm a bot.  *(downvote to -1 to delete this comment)*,gifs
dwyorip,My Airbnb has a bellhop now,[Here](https://imgur.com/gallery/ix1Pc) are some cute dogs! I'm a bot.  *(downvote to -1 to delete this comment)*,AirBnB
dwyp3u2,I guess baby will be used to kitty’s purring by the time she comes out!,[Here](https://imgur.com/gallery/9W0O4) is another cute cat! I'm a bot.  *(downvote to -1 to delete this comment)*,BabyBumps
dwypjfc,I may have found a new arg,[Here](https://imgur.com/gallery/ix1Pc) are some cute dogs! I'm a bot.  *(downvote to -1 to delete this comment)*,ARG
