Submission_ID,Submission_Title,Submission_Text,Subreddit
893weh,Test,[Here](https://imgur.com/gallery/9W0O4) is another cute cat! I'm a bot.  *(downvote to -1 to delete this comment)*,test
895q61,test!,[Here](https://imgur.com/gallery/9W0O4) is another cute cat! I'm a bot.  *(downvote to -1 to delete this comment)*,test
8968e7,test,[Here](https://imgur.com/gallery/9W0O4) is another cute cat! I'm a bot.  *(downvote to -1 to delete this comment)*,test
896cxj,Test,[Here](https://imgur.com/gallery/9W0O4) is another cute cat! I'm a bot.  *(downvote to -1 to delete this comment)*,test
89an35,test,[Here](https://imgur.com/gallery/9W0O4) is another cute cat! I'm a bot.  *(downvote to -1 to delete this comment)*,sandboxtest
89dnpy,test,[Here](https://imgur.com/gallery/9W0O4) is another cute cat! I'm a bot.  *(downvote to -1 to delete this comment)*,test
89dr48,test,[Here](https://imgur.com/gallery/9W0O4) is another cute cat! I'm a bot.  *(downvote to -1 to delete this comment)*,sandboxtest
89e5jr,test,[Here](https://imgur.com/gallery/9W0O4) is another cute cat! I'm a bot.  *(downvote to -1 to delete this comment)*,test
