Comment_ID,Comment_Submission,Comment_Text,Subreddit
dwqydxw,New Jersey cops search a man's anus and genitals for weed during traffic stop,"This went from a sexual assault articale to legalizeing pot. These officers should be charged with sexual assault, they had no right to do this to someone. It's all about the power and control with so many cops. Are these guys brothers?",news
dwqyp8j,I don’t know what I thought I saw,Idiot.,OopsDidntMeanTo
dwt5mlx,just as the post says,"His DYING WISH ASSHOLE, you're a nasty disrespectful skank.",trashy
dwt5pi7,this mess found under #younique,Is she trying to look beat up?,awfuleyebrows
dwtnvd7,Mom versus Dirty Nasty Gross,Purity creep.,JUSTNOMIL
dwtrkwy,"I told my dad last week we would go see Black Panther this week. He passed away on Monday. Today, I went with him anyway.","I'm sorry for your loss, I lost my dad in November so I know that pain.",pics
dwts7yb,Hands-free powerwasher,Our dogs did this when I was growing up(mom had poms) we used to joke about not having to wash dishes before we put them away.,powerwashingporn
dwts98t,Hands-free powerwasher,This was a running joke at my house growing up.,powerwashingporn
dwtsewv,Hands-free powerwasher,Probably OPs family.,powerwashingporn
dwtsj78,People Who Have Never Experienced Back Pain Have No Business Making Opioid Policy,"Ain't this the damn truth, doctors should also have to experience pain before they can practice as so many of them have no idea what cronic pain Is like.",ChronicPain
dwtt8y3,Is this hoovering? What game is she playing?,She sounds like a nasty piece of work and completely draining.,NarcissisticAbuse
dwtygyj,Is this hoovering? What game is she playing?,"You remembering the good parts is what she's depending on, shes hoping that will keep you off balance. You deserve better.",NarcissisticAbuse
dwu3weg,Over 2 grand right here,"Hell, in my town doctors get the DEA on them over nuroton(it's narcotic here) none of them would give these out unless you had cancer. My doctor is in another town an hour away.",opiates
dwv2jk2,"The cruel, evil, and manipulative things her faaamily did the week my sons were born and when I lost my soulmate.","It stuns me these people care nothing about you or As wishes, it's nothing but lies and bullshit. How awful of those people to do this to a grieving father, those babies would be such a comfort to you. This seems to be about control and replacing one child with your 2 babies and it makes me sick what they're doing to you. Keep up the good fight and one day those boys will be home where they belong. DNA will fix this real quick, they have no legal leg to stand on. I wish you the very best, you and those babies. I have twin girls myself and I'm telling you theirs nothing like it, I envy you're just getting started with them. Treasure every second you have with them. Keep us informed and you're in our thoughts. 
  Ask your lawyer of you could set up a go-fund-me, I think people would love to help you.",JUSTNOMIL
dwve9qx,Over 2 grand right here,I'm so sorry.,opiates
dwvehor,Is this hoovering? What game is she playing?,"They will and theirs someone out there that's not acting the part.
 This woman isn't the person she pretended to be.
 The pain will fade and you'll realise one day that your happy and she's a fleeting thought.",NarcissisticAbuse
dwves01,"The cruel, evil, and manipulative things her faaamily did the week my sons were born and when I lost my soulmate.","Something is really wrong with that woman, in her 70s and playing new mother ? If it wasn't so twisted itd be funny. Makes me wonder if they would pretend your fiance didn't even exist if the system was so screwed up they got custody. More examples of them not caring about A and her wishes.",JUSTNOMIL
dwvs3u9,"""[T]he body found near the Chattahoochee River late Tuesday [3 April 2018] night is Timothy Cunningham. Cunningham -- who worked at the Centers for Disease Control and Prevention -- left work on Feb. 12 [2018], saying he wasn't feeling well. The 35-year-old hadn't been seen since."" [Georgia, USA]",How sad. His family can grieve now and not have to set in limbo anymore.,Missing411
dwvt2cd,The Goa’uld wants to show me who’s the best cook,"""you'll never be able to make the awful shitty food I've fourced on my son,""",JUSTNOMIL
dww89ws,Is this woman in church a narc?,She sounds like a pushy asshole to me.,narcsinthewild
dww8zyp,"Apparently it's cool to leave my baby with a stranger, Pt2","""dad and I are a team"" bull fuckin shit they're a team, he's her meat shield that way she NEVER has to admit she does really fucked up things.",JUSTNOMIL
dwwnti9,Is this hoovering? What game is she playing?,"Oh honey, when people mess with our hearts and minds it leaves us stunned and in pain. I doubt they give it a second thought,  then wonder why their life completely sucks. You being happy will be the perfect revenge.",NarcissisticAbuse
dwwnwz3,"The cruel, evil, and manipulative things her faaamily did the week my sons were born and when I lost my soulmate.",Oh my bad. It sounds like neither of them are capable of taking care of 2 babies.,JUSTNOMIL
dwwo62v,"Apparently it's cool to leave my baby with a stranger, Pt2","Right!? Reminds me of how my folks operated, dad passed in November and without him mom gets called out on her bullshit and 100% rug sweeps her awful behavior.",JUSTNOMIL
dwy6rqf,MIL Claims my Twins we’re “crack babies” for “being less than 8lb like my sons”,"Yep, this bitch ain't got a clue. I also have twins(grown) and everybody was so happy with their weight, around what yours weigh. Fuck her and her delusions.",JUSTNOMIL
