Submission_ID,Submission_Title,Submission_Text,Subreddit
65nnad,My dad was just diagnosed with stage 4 lung cancer.,"This went from a sexual assault articale to legalizeing pot. These officers should be charged with sexual assault, they had no right to do this to someone. It's all about the power and control with so many cops. Are these guys brothers?",cancer
66ww8m,I meet the walrus.,"This went from a sexual assault articale to legalizeing pot. These officers should be charged with sexual assault, they had no right to do this to someone. It's all about the power and control with so many cops. Are these guys brothers?",ambien
77ffm3,USDA Housing,"This went from a sexual assault articale to legalizeing pot. These officers should be charged with sexual assault, they had no right to do this to someone. It's all about the power and control with so many cops. Are these guys brothers?",legaladvice
7cqa1w,Why is this happening so fast?,"This went from a sexual assault articale to legalizeing pot. These officers should be charged with sexual assault, they had no right to do this to someone. It's all about the power and control with so many cops. Are these guys brothers?",cancer
7elf08,My dad passed away last week.,"This went from a sexual assault articale to legalizeing pot. These officers should be charged with sexual assault, they had no right to do this to someone. It's all about the power and control with so many cops. Are these guys brothers?",legaladvice
7pk9ng,This guy like to wake up my girls with his loud truck when they were sick.,"This went from a sexual assault articale to legalizeing pot. These officers should be charged with sexual assault, they had no right to do this to someone. It's all about the power and control with so many cops. Are these guys brothers?",trashy
