Comment_ID,Comment_Submission,Comment_Text,Subreddit
do9n87p,Music shitpost,good ol' johnny hobo <3,opiates
dpclfhw,WTH?? Could be going on with me??,"I had a batch with effects comparable to this maybee 6 months ago. It was my usual fishscale guy and it had all the tell tale signs of it being amazing coke. But later in the night, I felt like i had railed sand paper. I had a very ""raw"" feeling throat if that explains? Never experienced it like that before.",Drugs
dqf3iqk,Almost no visuals on 360mics LSD?,"Take all 4 at the same time, tolerance builds up quickly with lucy.",Drugs
dqw2j5b,[Connecticut] Need last minute advice on how people think court is going to go for me [Freaking out :(],"thank for the reassurance, i appreciate it. that might be the best option",legaladvice
drcn1wy,Ambien and Xanax ?,"Ahhh good ole' zambien! I did a stupid amount of ambein in high school and I remember mixing the two. It was always a good time but i'd always end up crying over nothing. At least for me, when I mix the two I get a  very strong urge to cry about nothing.",Drugs
drcs11d,Ambien and Xanax ?,"It hurts like a fucker but it's not the worst thing i've ever snorted bad. I'd compare it to snorting molly, sting wise.",Drugs
ds73wkn,Question relating to LSD and Non Epileptic Seizures,"Just be aware acid lowers the seizure threshhold. I've had a decent amount of non-epileptic seizures; most have happened the morning after tripping or i've had one happen after a hike. I haven't really seeked any medical adivce on it other then when I was at the hospital after my seizure. What i've gathered is vitamins, proper sleep before hand, and good food in the belly usually does it for me. 

Me and your amigo could have a completely different situation just offering what i've 
learned. Hope he has a great trip :)",Drugs
dsopvfj,"Have some new stuff in my blog, if you haven't checked it out before you should now!",YES :) keep making more. glad i saw this i hit you up sometime back to tell you how fire theyare!!,opiates
dtnz8u0,Should I go back an cop again? Never know when you're getting real pharmaZ and it's annoying! [Wrong sub I kno ),no brother they're all xanax bars :) some very cute ones might i add! take some for me would yah?,opiates
duj7wg6,I couldn’t help but take a picture of the monster rock I got with this pickup,how much was the whole thing? :o i'd imagine it's a zip with the chunks in the back?,opiates
duj8p7w,I couldn’t help but take a picture of the monster rock I got with this pickup,i've seen people talk about that on here that'd throw me off x.x enjoy my friend :) stay safe,opiates
dv6idp7,Verification of carfentanyl in bags?,what about all the carfent seizures coming from china to the USA,opiates
dv6k24m,Verification of carfentanyl in bags?,"i'm confused as to what argument you're trying to hold here o.o so you want proof of carfent coming in to the US but you've done some and are aware what risks it bring. 

I think the fact there is so many analogs should be more worrysome instead of which one is in your bag. just my 2 cents",opiates
dvcab6h,"2gs of #4, quarter g of DMT, and a teenth of fire tweak :3",whats a tenth o.o expected to see a 10th of a gram and that looks wayyy more than a .1,opiates
dvcablg,"2gs of #4, quarter g of DMT, and a teenth of fire tweak :3",enjoy tho!:),opiates
dvq9gpn,"Drunk, high, but taste buds to the sky",clean your bong bro,shittyfoodporn
dwubg0l,The come up,"can't say i've ever seen rocked up h look like that before o.o how is it friend? 

also is it ecp?",opiates
dwubp9j,The come up,thank you for the knowledge :),opiates
dww21b7,Dab pens,yerp,Drugs
