Comment_ID,Comment_Submission,Comment_Text,Subreddit
dww1yzl,DXM hbr vs DXM polistrex for tolerance,So would I need to take more and/or take it earlier to get the same effect for tolerance?,opiates
dww2b5u,DXM hbr vs DXM polistrex for tolerance,Nope it just says polistrex equal to 30mg and below that it shows the hbr but no dose amount.,opiates
dww2fms,DXM hbr vs DXM polistrex for tolerance,Ohhhh I see now... the hbr is not started with a capital so it is all one thing basically. So it is saying that in 5ml is an amount of polistrex that is equal to 30mg hbr.,opiates
dww2kff,DXM hbr vs DXM polistrex for tolerance,Well still if it isn't all releasing at once I wonder if I would need to take more and/or take it earlier to compensate.,opiates
dww3e07,DXM hbr vs DXM polistrex for tolerance,So basically take it normally?,opiates
dww3p1z,DXM hbr vs DXM polistrex for tolerance,Thanks mate!,opiates
dwx1vbz,DXM hbr vs DXM polistrex for tolerance,"Yeah I use PST, so polisterix it is!",opiates
