Comment_ID,Comment_Submission,Comment_Text,Subreddit
dw8xyvd,Change my mind,Ever heard of R6S?,FortNiteBR
dw8xzei,Change my mind,Yeah I think 3 Skins for $10 would be fair.,FortNiteBR
dw8y8cg,SUPERHOT - Xbox One,I don’t know Lol. I’ve only been playing for like 20-30 minutes but so far I’m having fun and the levels get more challenging. Not sure of the plot or anything yet but it’s entertaining me.,gaming
dw8ydhk,nothing like being discreet.. thanks Dboy!! haha,"I’m on house arrest so I have to think of clever ways to run outside to the parking lot, grabbing my shit, and running back inside. Seems sketchy just jumping in the car and getting out 30 seconds later. Rather than someone seeing a kid (me) come outside with a house arrest bracelet on and hand someone money for chicken fingers, since I obviously can’t go purchase them myself. Idk. Doesn’t seem sketchy to me. But I’m open to other ideas. But about the last part, I’ve seen plenty of drug deals in public by other people that seem very obvious to me (ex-dealer, and current user) but maybe it’s not obvious to a normal person.",opiates
dw8yh0b,nothing like being discreet.. thanks Dboy!! haha,"I’ve done this before with a Jordan shoe box. He’d give me the shoebox with the drugs and I’d hand him the money. Then next time I’d hand him the box with the money and he’d hand me the drugs, which looks like I’m getting handed money to anyone who happens to see it happen. But I definitely don’t like jumping in and out of cars or just doing the deal right at the window outside of the car. Seems soooo sketchy to me.",opiates
dw8yhfm,nothing like being discreet.. thanks Dboy!! haha,"Lol, nah actually it’s Fire.",opiates
dw8yidw,SUPERHOT,Guessing you never seen the Super Hot Fire video/meme? Lol,xboxone
dw8yiuj,SUPERHOT - Xbox One,FIRE,gaming
dw8yntf,SUPERHOT,It’s worth a watch lol,xboxone
dwblgyk,Change my mind,"I wasn’t referring to the OP. Just your CSGO comment, Lol.",FortNiteBR
dwblhwf,Change my mind,"But I agree, shits crazy expensive",FortNiteBR
dwjdn19,Drug scene in USA amongst middle class “old people”,You could have all her text messages sent to her phone and your phone in real time. All you have to do is add your number to the iMessage settings.,Drugs
dwje6i3,Will they ever remake my favorite MW3 map Underground?,"Ahh, loved this map. MW3 often gets forgotten when discussing the best Call of Duty games of all time. 

Top 5 in my opinion (started with Call of Duty 2 and 3 on the original Xbox, played a Tom Clancy game online but never played Call of Duty online until Call of Duty 4: Modern Warfare) :

1. Modern Warfare 2
2. Black Ops 1
3. Call of Duty 4: Modern Warfare 
4. Modern Warfare 3
5. Black Ops 2 or Ghosts

The only games I didn’t play much were Infinite Warfare (hated it, maybe 36-48 hours played) and Advanced Warfare (3-5 days played)",WWII
dwjeb0l,"[USA][VA][OC] Idiot driver goes straight in a right turn lane, car behind them follows.","FUCK YEA, I WAS HOPING YOU SPED AHEAD OF THAT DICKHEAD",Roadcam
dwjgkb0,Has anyone played (and finished) “A Way Out”?,"No, it’s a trial download. I don’t think there is a time limit but you can only play when you are invited by someone who owns the game. You can’t play the game without being invited. So if your friend gets off, you are done as well, and can’t play until they get back on (or someone else) and invite you. 


Edit: another typo, smh",xboxone
dwjgpsl,Change my mind,"Me either tbh. Just got the game recently even though it’s like 3 years old by now. Still had to pay $40 though, surprisingly.",FortNiteBR
dwjgyfu,Has anyone played (and finished) “A Way Out”?,"It was a good storyline and was almost like watching a movie but just a little disappointed. Wish there was more of an open world after you escaped the prison. My friend and I were talking about playing it again, and switching roles, and I don’t even want to do that.",xboxone
dwjh4a1,Has anyone played (and finished) “A Way Out”?,"It’s a good ~7 hours of gameplay with a lot of movie-like cut scenes. Just know, that after the game is over, there isn’t much left to do other than switch roles, replay scenes, or go for achievements. 

Edit: typo and grammar 🤯",xboxone
dwjh8ms,Has anyone played (and finished) “A Way Out”?,"Same. 5 hour session and then stopped after I got off the plane. Then finished it, in maybe an hour and half or 2 hours the next day. I did the same thing with Mafia 2.",xboxone
dwjhfwh,"""I played Fortnite before it was cool""","Ah, yes. Started playing back in September.",FortNiteBR
dwjhlon,[Fan Art Friday] Made a polygon portrait of Melo a while back.,"Ahh, I love the polygon effect. I remember when that was popular 2-3 years ago. Haven’t seen it for a while until now.",nba
dwjhnht,rocket rode myself with new launcher and won the solos game,Wow,FortNiteBR
dwji7pq,4 Days Clean Cold Turkey.. Just Relapsed,"Thanks for the support! Plan on going on another 3-6 week binge and try again in May, in hopes of getting clean by my birthday towards the end of the month. We’ll see.",opiates
dwpseb6,My cousin has REALLY long arms,Lol that’s not my mom. Idk who that is.,confusing_perspective
dwpsg7z,My cousin has REALLY long arms,Maybe because it’s a picture? Idk lol,confusing_perspective
