Submission_ID,Submission_Title,Submission_Text,Subreddit
7xxu1n,Weird Fent High,Ever heard of R6S?,opiates
7xxwgf,Found Lil Pump’s Dad,Ever heard of R6S?,hiphopheads
7y5ag5,World Team starting lineup featuring 3 players from the 76ers,Ever heard of R6S?,nba
80ucx3,Do YOU gain weight or lose weight when using?,Ever heard of R6S?,opiates
84g116,nothing like being discreet.. thanks Dboy!! haha,Ever heard of R6S?,opiates
84lszo,What a Performance!,Ever heard of R6S?,nba
86ym5c,SUPERHOT,Ever heard of R6S?,xboxone
86ynud,SUPERHOT - Xbox One,Ever heard of R6S?,gaming
88c2f4,Has anyone played (and finished) “A Way Out”?,Ever heard of R6S?,xboxone
88c5q9,4 Days Clean Cold Turkey.. Just Relapsed,Ever heard of R6S?,opiates
88c5r6,"Has anyone played (and finished) “A Way Out”? Thoughts? Also, my opinion on the game.",Ever heard of R6S?,gaming
8965y1,My cousin has REALLY long arms,Ever heard of R6S?,confusing_perspective
