Comment_ID,Comment_Submission,Comment_Text,Subreddit
dg7dyci,Stimulants and dieting,"Best Advice: Stop worrying about it and let the stims do all the weight loss work for you. I dropped 20 pounds in a few months and I was only taking 30mg vyvanse daily.

My Advice: Go on a 2-3 day nonstop binge",Stims
dg7em5p,Is it smart to start a daily amphetamine prescription after a semi-binge?,"I saw your edit, it's difficult to say. Get tums into your body, it'll lower the excretion rate of any amph still in your body, in addition to potentiating your future doses. One 20mg might keep you from being a walking zombie, but I doubt it will get you the stimulation you want. Again, take them orally, much less tweak, longer duration.

If you **need** to wake up, and I mean you have no choice, cut one of the addys in half. Orally dose one 20mg pill. When you feel the 20mg comeup, snort half of the other addy. Keep the rest of the addy you cut for later, you might need it but I can't say for sure. [this ONLY applies if you have IR Addy, if you're on XR, pop 40mg at after taking tums and do not redose again today]",Stims
dgl2dik,"If you had $1,000,000,000 but you could only buy things that start with the first letter of your name, what would you buy?",I would but a single copy of the planet Mars.,AskReddit
dgl85se,"Smokers of Reddit, when did you start smoking and why do you smoke?","15, and I did it to fit in with a girl. I don't regret it, smoking has proven to be an introverts greatest weapon. It repels people and allows me to run away with some honor.",AskReddit
dgl899g,What's strange to do when it's dark that isn't in broad daylight?,Walking on a sidewalk in a suburban area,AskReddit
dgl8dj2,How do you want to be remembered as after you die?,"I want people to remember me as someone who made the lives around me better. I'm easily the most self destructive person I know, so I feel obligated to help people to make up for my indulgences.",AskReddit
dgl8jm2,"What have you been absolutely 100% truthful about, but everybody insists that you're lying?",I do many drugs. The first time I took acid I didn't take enough to trip balls. Everyone thinks I lied about dosing it because of how well I handled it,AskReddit
dglf985,[Serious] What is the best thing to say when a friend is feeling depressed/anxious/suicidal?,"my life involves a concoction of all three. I really just wish someone would tell me that I matter. Depression is a numbness to emotion, it's a life of ahedonia, and loneliness. At my worst I feel like I don't matter to anybody and I'm no good. I don't want to be ""needed"", but I don't want to feel like nobody wants me.",AskReddit
dh0z1pr,"Tips for keeping your mouth healthy and avoiding ""meth mouth""",we need more people like you on subs like this,Stims
dh1282w,"TIL meth is so common in North Korea that suited elites in Pyongyang restaurants offer each other a “nose” after dinner, the middle classes take it as a cold cure or remedy for back pain, and the poor take it to ease the emptiness in their stomach.","It's *kinda* true
https://www.newscientist.com/article/dn10287-speed-may-protect-the-brain-against-stroke-damage/",todayilearned
dh163gh,"You awake one morning to find you have 10 skill points to assign to your life, no one ever told you about it, what skills do you increase?","Set Intelligence to 9
Put the rest into luck
Go to Rivet City, acquire bobble head
Eventually get the Almost Perfect Perk",AskReddit
dh1h4ol,"TIL meth is so common in North Korea that suited elites in Pyongyang restaurants offer each other a “nose” after dinner, the middle classes take it as a cold cure or remedy for back pain, and the poor take it to ease the emptiness in their stomach.","to play devil's advocate, take heroin for example. Dealers cut heroin with a drug called fentanyl with the intention of killing junkies. it makes other customers think ""oh shit this is some good dope""",todayilearned
dhcaunf,popped 120mg Vyvanse with no tolerance; i don't feel shit,"You have no idea about whats about to happen to you. Vyvs take a long time to start working, and a long time to peak. Soon you're gonna have a full body orgasm",Stims
djik597,Dexedrine Tablets VS Dexedrine Spansules,"you want tabs, more control over your dosing; more control over duration (you can choose to redose if you want longer duration); easier to abuse if that's what you're into. I'm scripted dex tabs and its better than anything else ive been on",Stims
djiltgl,Dexedrine Tablets VS Dexedrine Spansules,"never had spansules but i have tried xr and ir formulations of other stims, ime ir is always better than xr

tabs wont last as long as spansules however you'll be scripted 60 tabs rather than 30 spansules, so if you want longer duration you just redose the tabs. ime the duration of tabs is satisfactory

the general rule is an xr dose is twice the dosage of the ir, meaning 15mg xr = 7.5mg ir. the drawback is you have half of the supply of pills with xr and have no control over duration. try to get 10mg ir dex because that will be more potent than 15mg xr 

dexedrine is the best pharma amph you can get (besides desoxyn) it is 25% more potent than adderall because the levo in addy is replaced by pure d-amph, (meaning 7.5mg dexedrine = 10mg adderall) imo, dexedrine feels cleaner, is more euphoric, and has much less body load than addy. the only thing adderall has over dexedrine is because of the levo, adderall has a physical stimulation that dex doesnt. if youre like me and hate the tweaky nervous effect of levo, you'll love dexedrine",Stims
dk1jtix,binding map_restart not workign,the gumballs actually do save with fast_restart it just looks like they don't,CODZombies
dmetq99,Grass Cells Under a Microscope Look so Happy,"link to the comment i stole this image from:
https://www.reddit.com/r/AskReddit/comments/6x5w22/what_is_a_deeply_uplifting_fact/dmdb9tm/",aww
ds373ov,ULPT: Wanna make a bit of extra cash? Sell beer and liquor to minors with a large markup.,r/stims is leaking,UnethicalLifeProTips
dspdh1d,"LPT: Drug users, Spotify can generate a playlist specifically for your DOC","title fixed and resubmitted, i am dummy",UnethicalLifeProTips
dsq55a2,"ULPT: Drug users, Spotify can generate a playlist specifically for your DOC","LPT didn't allow this post because of its rule against ""illegal activity.""",UnethicalLifeProTips
duiwbng,What’s the best way to study for finals?,Boof that shit,AskReddit
dvcvzg9,WELP. On that note. Time to smoke some weed.,I took a big bong rip right before this shit started cheers friend,Ice_Poseidon
dvvl55g,"Drinking or smoking, which do you prefer & why?","Smoking (weed, trying to quit the cigs). 
Nobody blacks out from smoking weed, and wakes up the next morning in bum fuck nowhere. 
Nobody gets violent after a few hits. If you like the feeling of drinking more than weed, you prefer alcohol's numbing effect over weed's more ""stabilizing"" (SUBJECTIVE) effect. I'm no stranger to addiction, and let me tell you that alcohol dependence is right up there with benzo dependence. The biggest thing for me is that I lose *all* desire to drink alcohol with a consistent weed supply, take as you will.",AskReddit
dwebrsj,"ULPT: (NSFW) ‘Accidentally’ leave some romantic, vanilla porn on your browsing history. Your SO probably knows you already watch porn, but now when they go snooping, they will be comforted into thinking you aren’t as perverted as the stuff you actually watch.",RAPE SQUAD KILLAS,UnethicalLifeProTips
dwmz4we,After 7 months I got my vyvanse prescription back! Forgot how much I liked them :) picking up some h today or tomorrow also 😍,"You can't snort vyvanse btw, because of the drug's chemistry oral is the only practical roa to use",opiates
