Submission_ID,Submission_Title,Submission_Text,Subreddit
3iqm72,[DEMO] Matt0040 | MGE | 950 Hours | Very Bad Game |,"Best Advice: Stop worrying about it and let the stims do all the weight loss work for you. I dropped 20 pounds in a few months and I was only taking 30mg vyvanse daily.

My Advice: Go on a 2-3 day nonstop binge",csgocritic
4zsc6z,So I found a fire sword mid-abyss...,"Best Advice: Stop worrying about it and let the stims do all the weight loss work for you. I dropped 20 pounds in a few months and I was only taking 30mg vyvanse daily.

My Advice: Go on a 2-3 day nonstop binge",RotMG
50it4j,House M.D. Foreshadows the Ending in the First Episode [Major Spoilers],"Best Advice: Stop worrying about it and let the stims do all the weight loss work for you. I dropped 20 pounds in a few months and I was only taking 30mg vyvanse daily.

My Advice: Go on a 2-3 day nonstop binge",FanTheories
56z08q,Idea for XP boosters,"Best Advice: Stop worrying about it and let the stims do all the weight loss work for you. I dropped 20 pounds in a few months and I was only taking 30mg vyvanse daily.

My Advice: Go on a 2-3 day nonstop binge",RotMG
5pbgpk,I was Chosen by my School to go to DC Today,"Best Advice: Stop worrying about it and let the stims do all the weight loss work for you. I dropped 20 pounds in a few months and I was only taking 30mg vyvanse daily.

My Advice: Go on a 2-3 day nonstop binge",Stims
654g3l,Landing Gear Deployed but the plane doesn't want to land,"Best Advice: Stop worrying about it and let the stims do all the weight loss work for you. I dropped 20 pounds in a few months and I was only taking 30mg vyvanse daily.

My Advice: Go on a 2-3 day nonstop binge",Stims
69vk6w,I need a real RSK to find a source,"Best Advice: Stop worrying about it and let the stims do all the weight loss work for you. I dropped 20 pounds in a few months and I was only taking 30mg vyvanse daily.

My Advice: Go on a 2-3 day nonstop binge",PKA
6xc9p6,Grass Cells Under a Microscope Look so Happy,"Best Advice: Stop worrying about it and let the stims do all the weight loss work for you. I dropped 20 pounds in a few months and I was only taking 30mg vyvanse daily.

My Advice: Go on a 2-3 day nonstop binge",aww
7qi5hi,"LPT: Drug users, Spotify can generate a playlist specifically for your DOC","Best Advice: Stop worrying about it and let the stims do all the weight loss work for you. I dropped 20 pounds in a few months and I was only taking 30mg vyvanse daily.

My Advice: Go on a 2-3 day nonstop binge",UnethicalLifeProTips
7qi79o,"ULPT: Drug users, Spotify can generate a playlist specifically for your DOC","Best Advice: Stop worrying about it and let the stims do all the weight loss work for you. I dropped 20 pounds in a few months and I was only taking 30mg vyvanse daily.

My Advice: Go on a 2-3 day nonstop binge",UnethicalLifeProTips
82rp1d,"Kyle, team up with Ice and make Japanese Bug Fights happen","Best Advice: Stop worrying about it and let the stims do all the weight loss work for you. I dropped 20 pounds in a few months and I was only taking 30mg vyvanse daily.

My Advice: Go on a 2-3 day nonstop binge",PKA
890nf1,u/Matt0040's circle,"Best Advice: Stop worrying about it and let the stims do all the weight loss work for you. I dropped 20 pounds in a few months and I was only taking 30mg vyvanse daily.

My Advice: Go on a 2-3 day nonstop binge",CircleofTrust
897kmf,u/Matt0040's circle,"Best Advice: Stop worrying about it and let the stims do all the weight loss work for you. I dropped 20 pounds in a few months and I was only taking 30mg vyvanse daily.

My Advice: Go on a 2-3 day nonstop binge",CircleofTrust
