Comment_ID,Comment_Submission,Comment_Text,Subreddit
dv25mfd,Pa,Snap me or something,opiates
dv260ae,Pa,Thanks dude just desp,opiates
dwi0zva,Greens and blues and orange tomorrow ❤️,35 for green 25 for blue in my area 80 for orange pandas tomorrow tho,opiates
dwi2u0g,Greens and blues and orange tomorrow ❤️,"Yes east coast and I can get every day my guy has an unlimited supply of m box blues and greens pretty much I’ve know him to be out once only he gets off a ton of people but about 2weeks outta a month he will have green pandas, two weeks orange, then one other lady I get a whole script of white pan tens for 14 each",opiates
dwig9o6,Greens and blues and orange tomorrow ❤️,Nah one state down bro lol,opiates
dwrihkc,Love them get for a few friends and get free shit🤷‍♀️,What do you get??,opiates
dww5a8c,Little dirty but definitely one of my faves for 10 dollars each,Only pill that makes me feel shitty when I stop every couple days,opiates
