Submission_ID,Submission_Title,Submission_Text,Subreddit
6oy2q3,Today on NPR they were referencing something that happened last night. It was big enough to cause one of the bigger shows to say that they have been biased so far and going forward will start to hear both political sides' voices. What happened and on what show?,First song I've wanted to save in awhile. I'll be leaving this tab up for awhile to re-listen.,OutOfTheLoop
6wwfpy,Tips to keep chickens out of a certain area?,First song I've wanted to save in awhile. I'll be leaving this tab up for awhile to re-listen.,BackYardChickens
8939wg,u/AquaTechFree's circle,First song I've wanted to save in awhile. I'll be leaving this tab up for awhile to re-listen.,CircleofTrust
89wpjc,Drying a couch washed by a garden hose. Should it be inside with fans or outside in the sun.,First song I've wanted to save in awhile. I'll be leaving this tab up for awhile to re-listen.,CasualConversation
