Comment_ID,Comment_Submission,Comment_Text,Subreddit
dwdkd0o,Poker face,"They're not bad, they're puns. It's different.",Badfaketexts
dwdknmk,Poker face,Haha do you? Well that's good.,Badfaketexts
dwdmj81,Another policy update: the community members have spoken!,"I don't mind pictures as much as the questions. It's kinda like dude really can you not see what this sub for? Even if I could answer your question, and I generally do if I see it and can answer, this isn't the place homie.",opiates
dwdmt6h,Another policy update: the community members have spoken!,Thank Christ.,opiates
dwdmzdu,Old timers,Love this movie. Matt Dillon is crazy convincing,opiates
dwdnbpc,Dboy b like..,"I used to do this till my new guy was like 

'wtf nigga you got me waitin lol'

I almost swerved off the road reading this as I've never not had to wait for somebody before, and was caught off guard.",opiates
dwfyyol,Does it get worse before it gets better? What did or didn't? Why?,Why do you think that is?,AskReddit
dwhuyei,What is the worst state in the United States and why?,"I know I mean we have heroin and pizza, everything else sucks. The police and govt are literally trying to kill us, with heroin and pizza",AskReddit
dwiid94,"To elaborate on the post ""what is the worst state in the United States;"" what is the most dangerous area in the United States?","South side of Chicago, West side to a lesser extent",AskReddit
dwiiinl,What are the three types of people in this world?,You have a spider on you. That is because there are spiders everywhere around us.,AskReddit
dwiiug8,"Weed smokers of Reddit, what's your trick to maximize your high?",Yea wtf I thought that was how you smoked weed,AskReddit
dwijmca,What dead music artist/s would of had the most successful or impactful career if he/she/they were still alive?,"Jim croce, Jeff Buckley, and Bradley Nowell",AskReddit
dwijyd5,Roa capable of death besides slamming,"Depends on tolerance, but don't be stupid",opiates
dwisjni,What dead music artist/s would of had the most successful or impactful career if he/she/they were still alive?,I was only using your example for best conversation starters! I JUST WANTED TO TALK!,AskReddit
dwjxq7x,"""It's happening. We're getting pulled over.""","Dude the other day I had no licence, bad plates, and dope. But since I was friendly, one of the cops was friendly ('all this shit is gonna be legal soon anyways, I think this is fucking stupid, but right now all this shit falls on us to 'get the bad guys' you understand'), and they couldn't find anything, they literally let me drive away. The dick cop wanted to take me in, but the cool one was like

 'okay buddy, you're gonna catch a huge blessing tonight. Now... I can't tell you to drive, but when we're gone, what you do is up to you.'

'no prob officer I'll have somebody pick me up.'

'right right... But I mean you can't drive. But once we can't see you it'll be hard for us to stop you.'

'gotcha. My dad will be here soon.'

'...'

It was great. I think I actually cried a little once I got back into my car. Just another stupid fucking thing I was lucky enough to get away with in the pursuit of drugs.",opiates
dwjxwau,You guys have no idea how excited I am.,Coming to this sub sick can be the fucking worst sometimes,opiates
dwjy5rn,How many of you have an accompanying mental disorder ?,"Insomnia/depression is why I started doing drugs to begin with. Although I hate to say 'i have depression' because who the hell doesn't. My insomnia has always been crazy severe though, dunno if that counts. Spent weeks and weeks in sleep labs and all that, currently untreated, not sure what I wanna do",opiates
dwjyje4,You guys have no idea how excited I am.,Eh whatcha gone do. mind if I ask your general location? East coast?,opiates
dwlf9o4,And I’m back,"haha my response was always

'but youre drunk too, chef!'

and generally i got to stay",opiates
dwlfmg9,Starting to do test bumps since I found out my bags are cut. What’s your preferring roa? Mine is boofing ofc,how does that sequin work as a mat? it may be too fabulous,opiates
dwlfvua,"10 minutes, papi",i fucking hate this. why dont you just say your waiting instead of lying to me for 2 hours sending me somewhere to get fucking rolled waiting on nothing. thankfully i usually have two or three homies so after an hour i say forget you and go else where,opiates
dwmjp0s,Starting to do test bumps since I found out my bags are cut. What’s your preferring roa? Mine is boofing ofc,I know what it is. I'm surprised it works at all,opiates
dwoe2ec,"Happy April Fool's, guys.","It was good. When I first started here with bullshit usernames long ago I always used SWIM and everybody was always like 'hey, shut up'.

You got me tho

Edet spellemg",opiates
dwold5o,Wake up,so its attached to him?,Unexpected
dwomq51,Bag please? Sourced from imgur,hello bruce!,HumansBeingBros
