Submission_ID,Submission_Title,Submission_Text,Subreddit
2ly6zm,"Black eyed children at my grandpas house, on my phone, at my door.","They're not bad, they're puns. It's different.",nosleep
2ygvyi,"I lost my bowl, and I have to smoke spliffs outside","They're not bad, they're puns. It's different.",firstworldproblems
2yn9m4,PSA from cyanide and happiness about your brain on drugs,"They're not bad, they're puns. It's different.",opiates
2yos8h,Woooo fuck yes!!,"They're not bad, they're puns. It's different.",opiates
3i0jka,Fentanyl stash porn!,"They're not bad, they're puns. It's different.",opiates
3i7swr,"Beginning a suboxone program, looking for feedback.","They're not bad, they're puns. It's different.",opiates
3lngfb,"Fenatyl porn! Just got this bitch filled at midnight. Ten beautiful, beautiful patches.","They're not bad, they're puns. It's different.",opiates
3rm59o,Found my new favorite sub. Let it begin.,"They're not bad, they're puns. It's different.",faggotsUNITE
3sezil,JJ shitting all over my morning,"They're not bad, they're puns. It's different.",opiates
3t3rv3,Fancy new packaging on these patches,"They're not bad, they're puns. It's different.",opiates
5b2jds,What do you call the phenomenon where children remember their 'past lives'?,"They're not bad, they're puns. It's different.",AskReddit
5boall,What do you call the phenomenon of children remembering their 'past lives'?,"They're not bad, they're puns. It's different.",AskReddit
5eraru,The wait is over,"They're not bad, they're puns. It's different.",opiates
5rqcx2,yet more wisdom from cyanide and happiness,"They're not bad, they're puns. It's different.",opiates
7rblf8,My new nalaxone injector,"They're not bad, they're puns. It's different.",opiates
7s1vbw,"Tried a new guy today, funny lil packages","They're not bad, they're puns. It's different.",opiates
87vpos,Does it get worse befote it gets better?,"They're not bad, they're puns. It's different.",AskReddit
87w0jy,Does it get worse before it gets better? What did or didn't? Why?,"They're not bad, they're puns. It's different.",AskReddit
