Comment_ID,Comment_Submission,Comment_Text,Subreddit
dv4pdgm,TIFU By burning my parents kitchen table during a power outage while they're out of town. [Urgent advice wanted],Burn the whole table down buy them a new 1,tifu
dv52rgu,"[Serious] Pakistanis of Reddit who had an arranged marriage, how to approach doing 'it' for the first time?",Thanks,pakistan
dvdcimr,Kushner leaves US ambassador to Mexico out of meeting with Mexico president: report,Not single thing he have done so far to make him look not an idiot,worldnews
dvm42yy,Case registered against ex-US ambassador Hussain Haqqani (red warrants to be issued) - 92 News,Would like to see the charges they r filing on him to me he seems like a very logical man I don't think military leadership liked him,pakistan
dvm655e,Case registered against ex-US ambassador Hussain Haqqani (red warrants to be issued) - 92 News,"Either give them visas n know them who's coming inn out or they can just infiltrate through the embassy or afghan border without any1 knowing so yea usa will continue to do their due diligence n we can just play the blame game n keep the public engaged in bullshit, it's a failure on the army's end but they r so holy no1 can say a word again them",pakistan
dvme23e,Case registered against ex-US ambassador Hussain Haqqani (red warrants to be issued) - 92 News,Most of Mexicans over stayed their visas n became illegal crossing border is really hard alot of them get caught or die doing so,pakistan
dvmeyo2,Case registered against ex-US ambassador Hussain Haqqani (red warrants to be issued) - 92 News,"I think u r missing the point here , I'd rather have people come over my house when I allow them or they just show up without me knowing do whatever",pakistan
dvmfhj2,Case registered against ex-US ambassador Hussain Haqqani (red warrants to be issued) - 92 News,"True that but It think some of them had a cover of working for ngos ,teachers n doctors it's not much u can do or say no to everyone, blaming haqqani was a power move by the army I think emmbasidor should not answer anyone but the foreign office n the prime minister",pakistan
dvmim04,Case registered against ex-US ambassador Hussain Haqqani (red warrants to be issued) - 92 News,"Fun cuz he worked under ppp administration, I watched his interviews he explains it  in a very  logical way soo let's c how it works out",pakistan
dvmsv2k,Case registered against ex-US ambassador Hussain Haqqani (red warrants to be issued) - 92 News,Yea they dont go to usa for spying though they go their to make money n better their lives on the other hand pakistan foreign office gave visas to us citizens without thinking ahead what could go wrong even when they for ngos n social workers,pakistan
dvus06n,We did it!!!!!,So no bonus I guess,Target
dvvy42z,Any Pakistani Christians? What's your experience been like in the country you live in?,Don't worry about the people man just keep moving forward brother,pakistan
dw1ms99,PBS documentary on kpk bomb disposal unit,Try updating ur player,pakistan
dw8gtzs,Has anyone heard of Delhiwalas? What exactly are they?,"I m 1 atleast 100 or more years worth of family lineage can b traced to Delhi , both sides of my family moved from Delhi in early days of pakistan some settled in lahore n most in karachi , food is spicy n mostly meat lol",pakistan
dw94nu2,Has anyone heard of Delhiwalas? What exactly are they?,"Who r u referring to ""she""",pakistan
dw94qe1,Has anyone heard of Delhiwalas? What exactly are they?,Good deal have u tried any of their home made food,pakistan
dw954m0,Has anyone heard of Delhiwalas? What exactly are they?,"Yea its ok to marry outside the community but the elders of the family always have this problem that we don't know their family what's gonna happen to our kid just a lazy way to get out the problem but the new generation is getting better  ,I know memon families have the same deal they always try to marry in the clan or a different memon branch",pakistan
dwg77hi,"History buffs of Reddit, what's a really shitty thing the US did that most Americans won't hear about at school?",I Currently live in tulsa area not eve ln taught in schools here ... o white people,AskReddit
dwkfzub,What do you want to know about Australia?,Steven smith should take it like a man like afridi  owned it,AskReddit
dwki832,Am I doable in the swinger world? (F23),Why yes u r,GWCouples
dwpm3ql,Outlet Mall,Simon properties website has it 2019 completion n that's all I know,tulsa
dwq97wp,Outlet Mall,"I was exited to see an outdoor mall in our area ,it sucks to drive to oklahoma city for 2 hours back n forth",tulsa
dwrqh2p,Bill Burr Was/Is a Fan of Tulsa,I was at the show its was  fantastic,tulsa
dws1ypt,Flying to Pakistan shitpost,Don't do it if u get caught in uae or pakistan u r fucked,opiates
dwxekai,Nice Shot,It's a buet,SaraJUnderwood
