Comment_ID,Comment_Submission,Comment_Text,Subreddit
db2cvqw,Hydromorphone Pill Porn,Holy hydromorphone 😍,opiates
dfebjur,"Percs, hydro morph contins(12s)/ir(2s), oxy neo 20s and some alprazolam.",nice dude. how long do you think thatll last you?,opiates
dfglmda,Man i wish i never got started.,i wish i never got started too.,opiates
dgewm7q,please give me advice for my best friend..,Thank you. I'll let her read what you replied. She doesn't want to be WDing at work because its very physically demanding but yeah for sure everyone's gotta go through WDs sometime and its almost her turn.,opiates
dhg152o,"Asking for a friend, please reply!",She had already done it when she asked me to ask :/,opiates
dhgged5,"Asking for a friend, please reply!","She's still dead set on kicking so I know she'll get back on track. And this really isn't for me, it's for my best friend. I would just say it was for me if it was.",opiates
dhggg4f,whatcha think about my new shirt? pros longsleeve cons fucked message?,That's honestly a sick ass shirt but will definitely attract negative unwanted attention or comments.,opiates
dhggks2,"Asking for a friend, please reply!",I'm really not. I have no problem asking for myself.,opiates
dhhhlm4,"Those that know, know. R.I.P. Eyedea",Oh hell yes.,opiates
dhhhwft,I. V Line,Do people actually seriously do this?',opiates
dhj1o3b,Question: why are my hands still so swollen? I have been an iv drug user since 2009. I have not used a needle since January 2016.,Swelling can indicate blood clot or water retention. I'm sure there's tons of other reasons out there but those are the 2 I know so that's what I'ma give ya. Go see a doctor.,opiates
dho1cjr,Im a spoiled brat taken care of by hard working bf who tats and barbers. We're both barbers and cod is all we have and he hates to see me sick but dope is ruining us! He's got 3 yrs.,You do what you need to do to get yourself better. You can be as selfish as you want. It's your life. You're in control. Don't let drugs ruin you. I just quit h but still haven't quit opiates and I hate myself for it so much. I understand why you're scared. Withdrawals are so shitty. I'm here if you wanna talk (:,opiates
dlwdqbx,I love mixing my pills :) (all of them are oxy),love the colors <3,opiates
dm82s9l,Note from Endo/mini stash/refil porn (opana),I really don't know too much other than here was like an outbreak of aids and hepatitis and it was associated with people trying to shoot opana er. Well I'm glad I have opana ir (oxymorphone) for now.,opiates
dm82sms,Note from Endo/mini stash/refil porn (opana),I have no idea. I'm kinda scared. Dillys would be nice.,opiates
dm82t2a,Note from Endo/mini stash/refil porn (opana),Haha that's what I'm trying to do but it's so hard.,opiates
dow6fqf,PUT ME THREW HELL BUT I GOT EM😊,so jelly. this looks amazing! how long do these last you?,opiates
dq1ebx1,PUT ME THREW HELL BUT I GOT EM😊,both i guess?,opiates
dt0ipfy,Happy Saturday everyone! I enjoyed this figured others might too lol 🤤,This is perfect.,opiates
dt0j0pk,help prepping g76 opana er for iv,Thank you I hope I get it eventually lol.,opiates
dveppsm,Promise myself this is the last time.....,This looks amazing. I don’t know if I like these more or oxymorphone (opana).,opiates
dwng5t3,SWIM 🧡 Oxymorphone. When is it gonna end?,Ahhh I didn’t catch that. Deleting. Sorry.,opiates
dwuf4o3,"SWIM loves Oxymorphone. When is it gonna end? (There, I fixed it).",It’s like 3 pills,opiates
dwuf50x,"SWIM loves Oxymorphone. When is it gonna end? (There, I fixed it).",Is this bot thing for real?,opiates
dwvrd7e,"SWIM loves Oxymorphone. When is it gonna end? (There, I fixed it).",It is dude 😞,opiates
