Submission_ID,Submission_Title,Submission_Text,Subreddit
3si835,New to Reddit but not to opiates,Holy hydromorphone 😍,opiates
4agqzr,I need Opana (Oxymorphone) information/opinions please.,Holy hydromorphone 😍,opiates
4avhqi,Need help kicking,Holy hydromorphone 😍,opiates
4b90gj,Questions about relapsing,Holy hydromorphone 😍,opiates
4e8v58,Really wanting to quit. I can't live like this.,Holy hydromorphone 😍,opiates
4eb7xd,Opana has me by the ladyballs.,Holy hydromorphone 😍,opiates
4k5lti,How many of you are functioning addicts?,Holy hydromorphone 😍,opiates
4kz65u,Snorting Opana,Holy hydromorphone 😍,opiates
4l7npo,How did you get into opiates?,Holy hydromorphone 😍,opiates
4nmowb,Some pill porn on refill day ☺❤,Holy hydromorphone 😍,opiates
4o0ke8,What can I do with these?,Holy hydromorphone 😍,opiates
4ouctg,Does this ever save some of you who snort?,Holy hydromorphone 😍,opiates
4qumol,Has anyone seen this type of naloxone injector thing?,Holy hydromorphone 😍,opiates
4qvabh,Friday afternoon dope porn :),Holy hydromorphone 😍,opiates
4t6dw8,I'm on a plane...I can't complain...,Holy hydromorphone 😍,opiates
4trfx2,"Help, please! How to prepare oxymorphone IR for shooting?",Holy hydromorphone 😍,opiates
4txczf,Just did my first shot of Oxymorphone...,Holy hydromorphone 😍,opiates
4uqnni,"How do y'all do this? (please read, really need someone..)",Holy hydromorphone 😍,opiates
4zm5fs,"Got a new brand of Opana, hard to crush 54 814...a question.",Holy hydromorphone 😍,opiates
59fsf2,Just wanting to chat...Favorite spot to nod?,Holy hydromorphone 😍,opiates
65bh8h,please give me advice for my best friend..,Holy hydromorphone 😍,opiates
6anspe,"Asking for a friend, please reply!",Holy hydromorphone 😍,opiates
6wh0zr,Note from Endo/mini stash/refil porn (opana),Holy hydromorphone 😍,opiates
7r88m4,help prepping g76 opana er for iv,Holy hydromorphone 😍,opiates
88v7ub,"SWIM loves Oxymorphone. When is it gonna end? (There, I fixed it).",Holy hydromorphone 😍,opiates
