Comment_ID,Comment_Submission,Comment_Text,Subreddit
dw2tqg9,The road never ends....,All fixed.....take a look,hitchhiking
dw9iw83,How long to hitchhike from Toronto to Vancouver?,Shouldn't take you more than 4 or 5 days.....i can cross from winnipeg mb to vancouver by myself in about 35 hours.....just stay safe and don't run once darkness hits...go get some king cans and make camp,hitchhiking
dw9qpnv,Homesick without a home.,When I'm on the road I get lonely sometimes and then after spending a few hours around people I wish I was back on the road....keep your head up pal,vagabond
dwahnj0,Question about Coach Bus USA,In Canada you can....cash up front at the station tellers and no questions asked....they will ask what name the ticket is in and tell them whatever...i had warrants in Canada and I travelled with impunity.....no one looked at me twice,vagabond
dwb15g5,What's your 'longest wait' story?,I've never waited more than 3 hours anywhere in Canada.. ...,hitchhiking
dwb7c1a,Favourite country to hitchhike in ?,CANADA!!!!!,hitchhiking
dwbox7a,Tips on route planning?,"Google maps just as a reference....plan your run properly with safety in mind....let people know where you are at....gps with your phone all the spots you camped and where the rivers are and most importantly, be safe and have some fun.....its a wide world out there",vagabond
dwbpgq7,Have you experienced this before?,"Here in Canada, I got picked up by this old guy in Brandon mb and I was going 2 hours away to winnipeg, it was winter and getting dark so I accepted the ride 30km down the road to cfb shiloh turnoff....as we approached the turnoff, he asked me if I was hurting for money and naive me thinking nothing of it said I was always hurting for money and he proceeded to ask me if , for 50$, he could watch me jerk off in the backseat...i thought he was kidding and I started laughing but this creepy old frail white guy wasn't kidding....so I told him to let me off and no thanks and all that shit and he let's me out....fast forward 6 years later and I'm thumbing West through Alberta and this same guy picks me up again and says he's going to the nearest cfb  (I forget the name) and starts asking if I'm hurting for money...i laughed and told the weirdo to fuck off.....",vagabond
dwbppk4,Have you experienced this before?,"However.....on the other side, I've been picked up by some smoking hot women before too and travel plans got delayed a few days.....i fuckin love the road",vagabond
dwcc1e2,Supplies?,Lots of diff kinds of foods you can get that's is either add heat or water or both....trail mix is your friend,hitchhiking
dwd4nae,How much are you paying for heroin where you're at?,"In Vancouver canada, I was paying 160$ for a gram of beige but there's so much dent there now that it's risky business...",opiates
dwe5yh5,Wanting to train hop Canada,"Gotta put in your own work on that, I ain't saying SHIT",trainhopping
dwe63pj,advice about train hopping from Calgary to hay river,"You would be much better off hitch hiking or finding a rideshare....trying to ride metal up north is super tricky, no one will just give up info on the subject and I wouldn't suggest your first ride be going north, inexperienced or solo....stay safe",trainhopping
dwfbti8,Do you sit in the front or back seat?,Naw....the driver will want to be able to see you and talk and feel comfortable....if you are running solo then get in the front,hitchhiking
dwidshd,Relatable addict story,Well? Did you go back for the shit or what???,opiates
dwlka98,"My roommate, 45 minutes after “Do the brownies work?”",He ain't sleeping....he dead,trees
dwll542,Agent Orange I got for 60/oz in Canada 🇨🇦😍,"Here in Canada, we got it goin on",trees
dwpcjpl,Prices in your state,160 a gram in western canada for brown and beige powder..,opiates
dwpf0oo,What do people call dope where you live?,"Down, skag....canada",opiates
dwqf7xu,Found in /trashy. While y'all striking out on Whisper this chick letting the drugs find her.,This Is my future ex wife,opiates
dwritmb,Clothing,"You want to travel light....but a few changes at least...bring socks....take care of your feet....im in Canada so if you are too, obviously wear a good parka",vagabond
dwriyp1,How Did you fall into the Vagabond lifestyle?,I was 15 and in foster care...i just wanted to see my country...21 years travelling and it was the best decision I ever made....true nomad for life,vagabond
dwrjalk,Anyone else rock a small backpack?,60L and everything is packed tightly....a little big but it works for me,vagabond
dwrowkp,"Jake, if you’re on this sub, just know you’re the absolute worst","Jake, you fucked up big time...",trees
dwsgd6k,State What the vagabond lifestyle means to you In A Couple Of Words,This is where I want to be,vagabond
