Comment_ID,Comment_Submission,Comment_Text,Subreddit
dr9xxoa,What's more potent?,"While both options contain 20mg oxycodone, for some reason I will always feel more from eating two percs vs. the 20mg oxy pill. I have no idea why and it doesn’t make sense, but I’ve talked about it on here before and several people agreed",opiates
dr9yqee,Be still my beating heart. ❤️,"You have multiple terminally ill friends?? That’s terrible, is that completely by chance? Or did you meet them in treatment for something yourself?",opiates
dr9yxcw,Qcarbo32 drink and need to UA tonight. Please give me you're honest truth,"If he doesn’t watch you, I would def sub with quick fix. Given you have the means to warm it up or have time to use the hand warmer thing that comes with it",opiates
dr9yyov,Qcarbo32 drink and need to UA tonight. Please give me you're honest truth,"Well didn’t realize this post was almost 24 hours old, guess you’ve already made it through this one way or another. Follow up?",opiates
dr9zcq7,T-minus 18 hours till PM appointment and refill. Wish me luck!,"True True, I feel the same way every month lol",opiates
dra0ckd,Is this the standard amount of dope you get in a glassine? Apple TV remote for scale,How much does that cost? I don’t get glassine bags in my area,opiates
dslpllr,Rams Head,There’s always 2019 for a self titled anniversary tour!,SayAnything
dv0nuub,How I’m enjoying Super Bowl Sunday,It has def got some wear and tear on it,opiates
dv0nylr,How I’m enjoying Super Bowl Sunday,The closed bag is like .4 and its $50. The lines are like .3,opiates
dv0o65q,How I’m enjoying Super Bowl Sunday,"Believe it or not I'm actually in a parked car in this pic. I drive an hour and a half to cop, settle in to the local Mickey D's, get high, and then after seeing how that high is going will I decide on the appropriate amount of time to chill before driving home.",opiates
dv1kdya,Goooood morning,"It's awesome, I like the butchers sandwich recipe and all his funny anecdotes",opiates
dv1q5bu,Goooood morning,What would you like to read?,opiates
dv1tayp,Goooood morning,Good choice,opiates
dv1te7n,Goooood morning,These are 15s actually. My last pic before this was ecp though. I don't get stamps where I'm at though. Just comes in 50 bags that are like .4ish,opiates
dv1tfl3,Got my taxes back and have been chipping on some ECP,Is that game good?,opiates
dvlmu48,"What horrid secrets do your parents have, and are oblivious to you being aware of?","What time period was this that your dad was selling bars? I always thought xanax was a modern era drug. At least in terms of ""bars"". Or maybe you're just a lot younger than I'm imagining.",AskReddit
dvlnh21,"What horrid secrets do your parents have, and are oblivious to you being aware of?",Ahh gotcha. Well cool story!! Thanks for sharing,AskReddit
dwk9b69,It’s a panda night. One down two to go.,These are tens. I paid 15 for em. I only know one guy that gets them so they are only around once a month. So I def try to grab a few when he gets them.,opiates
dwk9d72,It’s a panda night. One down two to go.,Oh duh lol that makes sense,opiates
dwkbvdc,It’s a panda night. One down two to go.,Haha yeah I love him,opiates
dwkbx0n,It’s a panda night. One down two to go.,Yeahhh I wanted to but I have to save money for my dr appointment next week. Trying to be smart lol,opiates
dwkbxbe,It’s a panda night. One down two to go.,WOOOOOO!!!,opiates
dwkrr3r,It’s a panda night. One down two to go.,Correct,opiates
dwkrwio,It’s a panda night. One down two to go.,Who are you asking about 30s?,opiates
dwks8qj,It’s a panda night. One down two to go.,Many moons ago you would use hose clamps to shave down the original OxyContins. I still use them for pandas because the pill is a similar texture and doesn’t just immediately crush into a fine powder like say roxi’s would.,opiates
