Submission_ID,Submission_Title,Submission_Text,Subreddit
61pvc0,Hollandaise,"While both options contain 20mg oxycodone, for some reason I will always feel more from eating two percs vs. the 20mg oxy pill. I have no idea why and it doesn’t make sense, but I’ve talked about it on here before and several people agreed",AskCulinary
67p0nh,Residential Trainee Program,"While both options contain 20mg oxycodone, for some reason I will always feel more from eating two percs vs. the 20mg oxy pill. I have no idea why and it doesn’t make sense, but I’ve talked about it on here before and several people agreed",IBEW
67p3cj,IBEW Residential trainee program,"While both options contain 20mg oxycodone, for some reason I will always feel more from eating two percs vs. the 20mg oxy pill. I have no idea why and it doesn’t make sense, but I’ve talked about it on here before and several people agreed",electricians
6guqk5,Six six six lyric,"While both options contain 20mg oxycodone, for some reason I will always feel more from eating two percs vs. the 20mg oxy pill. I have no idea why and it doesn’t make sense, but I’ve talked about it on here before and several people agreed",SayAnything
6gvx6k,"What do you think the line ""unimpressed by the symmetry of death"" from Say Anything's Six Six Six means?","While both options contain 20mg oxycodone, for some reason I will always feel more from eating two percs vs. the 20mg oxy pill. I have no idea why and it doesn’t make sense, but I’ve talked about it on here before and several people agreed",AskReddit
7ed0lz,Baltimore dates,"While both options contain 20mg oxycodone, for some reason I will always feel more from eating two percs vs. the 20mg oxy pill. I have no idea why and it doesn’t make sense, but I’ve talked about it on here before and several people agreed",SayAnything
7k0aq1,"[REQ] ($150) - (Mechanicsville, MD, USA), (Repay $180 Jan 16), (Paypal)","While both options contain 20mg oxycodone, for some reason I will always feel more from eating two percs vs. the 20mg oxy pill. I have no idea why and it doesn’t make sense, but I’ve talked about it on here before and several people agreed",borrow
7k0d1q,"[REQ] ($150 ) - (#Mechanicsville, MD, USA), (Repay $180 on 1/16), (PayPal)","While both options contain 20mg oxycodone, for some reason I will always feel more from eating two percs vs. the 20mg oxy pill. I have no idea why and it doesn’t make sense, but I’ve talked about it on here before and several people agreed",borrow
7q1g5l,Rams Head,"While both options contain 20mg oxycodone, for some reason I will always feel more from eating two percs vs. the 20mg oxy pill. I have no idea why and it doesn’t make sense, but I’ve talked about it on here before and several people agreed",SayAnything
7v92vz,How I’m enjoying Super Bowl Sunday,"While both options contain 20mg oxycodone, for some reason I will always feel more from eating two percs vs. the 20mg oxy pill. I have no idea why and it doesn’t make sense, but I’ve talked about it on here before and several people agreed",opiates
8163ez,Goooood morning,"While both options contain 20mg oxycodone, for some reason I will always feel more from eating two percs vs. the 20mg oxy pill. I have no idea why and it doesn’t make sense, but I’ve talked about it on here before and several people agreed",opiates
88foop,It’s a panda night. One down two to go.,"While both options contain 20mg oxycodone, for some reason I will always feel more from eating two percs vs. the 20mg oxy pill. I have no idea why and it doesn’t make sense, but I’ve talked about it on here before and several people agreed",opiates
