Comment_ID,Comment_Submission,Comment_Text,Subreddit
dw45xdb,I met this girl on tinder and she looked nothing like her pics and brought some...surprises.,"Exactly. That's making me think this whole entire story is either buckshit or maybe OP is just a bit too trusting and they didn't want to share. 
Edit: *bullshit fuckin spellcheck",Drugs
dw4w205,I met this girl on tinder and she looked nothing like her pics and brought some...surprises.,His whole account is buckshit. It exists solely to promote one dumb video on a hundred different subs in a hundred different ways. He's really spamming the drug subs.,Drugs
dw4wy56,I met this girl on tinder and she looked nothing like her pics and brought some...surprises.,His whole account is buckshit. It exists solely to promote one dumb video on a hundred different subs in a hundred different ways. He's really spamming the drug subs.,Drugs
dw5eyq3,How much butane does it take to knock out 4 Windows in an explosion in a 60m² apartment?,300 ml,AskScienceDiscussion
dw5f1ah,How much butane does it take to knock out 4 Windows in an explosion in a 60m² apartment?,"thank you very much. the butane cans were standard 300ml aerosolized cans. there were two rooms. the whole thing is so weird because we're usually only ever in the bedroom but the whole damage is in the kitchen/livingroom and we're never there, only the windows are broken in the bedroom.",AskScienceDiscussion
dw5v2j9,How much butane does it take to knock out 4 Windows in an explosion in a 60m² apartment?,Thanks so much for your help guys. If all these conversion are correct and the explosion was anything like the video it seems the butane was more than enough to take out the Windows. It's also very lucky they didn't take out her :( I guess that's something to be grateful for. The next question I suppose is why the hell did they explode at all.,AskScienceDiscussion
dw5x48a,12.8 gram bud,One of the first nice buds I've seen on this sub and I'm in the land of good weed be proud of yourself sir!,weed
dw5xvxw,Best legal RC that's like 2cb?,Pretty sure that one is dangerous (didn't it kill a bunch of people?) and nasty. It may have been other stuff sold as that though. Was it bromo-dragonfly sold as 2cbfly?,researchchemicals
dw62epv,How much butane does it take to knock out 4 Windows in an explosion in a 60m² apartment?,Thanks for your response. Seems like it was lucky that she wasn't hurt worse and none of the other apartments were affected.,AskScienceDiscussion
dw6a2dn,How much butane does it take to knock out 4 Windows in an explosion in a 60m² apartment?,"Well if you Google butane cans the pack of twelve I bought shows right up, seems to be pretty popular. I bought them just because they were cheap and I figured I'd never need butane again. I can link it if you want. This is the question though, was the explosion from these cans or was it a gas leak. Yes btw we have a heater with gas and a stove/oven with gas. The only other thing it could have been was these butane cans. And yes, the authorities are looking into it but no arrests or anything of the sort was made. There is no way she would have been making butane hash oil or anything like that if that's what you were thinking. Was she smoking something? I don't know, it's impossible to find out, I wasn't there the fire dept apparently knows nothing and she just can't communicate. Over the phone right after it happened she said she didn't know what happened anyways. About her burns, some or all of them were caused by her clothes catching on fire. I doubt she was hit by the explosion.",AskScienceDiscussion
dw6advm,How much butane does it take to knock out 4 Windows in an explosion in a 60m² apartment?,"The thing is, if this was a gas leak then the situation is very different and it would really suck because the landlady locked me out for 'health season's saying she needs to draw up an agreement to hold her harmless for any injuries resulting from reentering the apartment and she hasn't done that, it's been a week. I know they're going in there as I checked my mail and they were going in apparently for no reason. I'm really starting to worry that there was a leak and they've now fixed whatever was broken. I should mention as far as I could tell there was no damage whatsoever either to the heater or the stove (I was only in there for a few minutes though and pretty in shock)",AskScienceDiscussion
dw7aazc,How much butane does it take to knock out 4 Windows in an explosion in a 60m² apartment?,"Dude, I said there was NO way she was making BHO. Theres also no mention of any kind in the fire report of that. I bought these cause they were cheap end of story. I only use medically and have nothing to do with the manufacturing side, I only buy from legal shops. Are you seriously accusing my girlfriend of blowing herself up just because we had a certain kind of butane? Really kind of pissing me off. This could have happened to anyone.",AskScienceDiscussion
dw7abog,How much butane does it take to knock out 4 Windows in an explosion in a 60m² apartment?,"The fire dept and police took some stuff, they may have taken those.",AskScienceDiscussion
dw7bfel,12.8 gram bud,"thats why i said one. but if you live in california and have access to some of the finest buds in the world you're a bit spoiled. yk what Ill post what i picked up today as I wont be able to in a long time and I have something that looks real good. I'll even post macros, I have a minute. If you don't think it's nicer than this then I guess I don't know shit.",weed
dw7c0qv,How much butane does it take to knock out 4 Windows in an explosion in a 60m² apartment?,"Omfg. We have a lawyer on retainer and I wanted him right away to get me in but my parents said we shouldn't have him spend his hours on this. It's been a week now, at this point they could have fixed any broken valve. They claim a policeman said it was unsafe(no evidence of this of any kind) and that's why they have to get a agreement to hold them harmless from any injuries related to reentering. Seems reasonable but it's been 7 days and they still haven't drawn up their dumb contract or responded to my email except one time and it's obvious they lawyered up already.",AskScienceDiscussion
dw7vr30,12.8 gram bud,https://imgur.com/a/cCVdn,weed
dw8sa8e,Some good cali weed,Good job! Biscotti,weed
dw8sb1q,Some good cali weed,Biscotti by connected cannabis. Way too expensive.,weed
dwaevrx,Some good cali weed,"Yeah it is for sure def the nicest thing I've smoked in a while bag appeal and terps wise. Bred by jigga of the cookiefam and grown by connected cannabis co, this stuff is a cross of gelato#33 and Florida og I believe. Nothing comes close to alienlabs when it comes to bag appeal and terps though. Their dosido and wedding cake at emerald cup this year, out of this world. Sadly their prices too :(   But I always keep some zkittlez armostound for the terps. In case you don't know it it's the delicious tasting fruity strain around, comparatively mild to this stuff but got kinda ugly buds sometimes. Hmu if you ever go to emerald cup or any norcal events I'll show you the best booths.",weed
dwavwiz,Some good cali weed,"Are you in cali or a legal state? If you like good hash oil there is some stuff you have to try. Do you know about diamonds and sauce? Check out gold nugget extracts, involved extracts, icy extracts, nectar collective. Look em up on histogram. You can dm me to find out where in cali it's available, obviously no sourcing. You should check out pics those guys have the most beautiful (and delicious) sauces and diamonds. Uuuuuugh if I could get into my apt i could take pics of the stuff but there was an explosion. Check my post history and if you have more than one can of butane or a broken torch throw that shit away right now cause it could explode at any minute and leave your  gf in critical condition at any time apparently. I mean she could die. all we had at The house was some tane to refill our torches. Sorry for rambling it's just with all.that's happened I'm warning all frequent dabbers to  be super careful and only have one can of.butane at the house and keep it super safe. That shit took out all the Windows and destroyed my appt and she was using everything correctly so BE REALLY CAREFUL WITH BUTANE THE DUMB PIECES OF SHIT ARE NOT SAFE AT ALL JUST CAUSE THEYRE SOLD EVERYWHERE.",weed
dwc972z,12.8 gram bud,"Oooohhh England! You can be twice as proud as I thought. I thought you were in a legal state. This is some good work dude if you're the grower. Good pickup if you're not the grower, if you are come to cali, learn just a bit more and you'd be a great grower. What strain is this anyway?",weed
dwca6vc,12.8 gram bud,"I've had K2 in the dam, was okay stuff. Nothing compared to the stuff here in cali though. But this bud looks real nice! I wonder if the terps are there too",weed
dwfvf7c,Carfentanil,How is the fentalogue market doing rn? DM me your best sources,fentanyl
dwuux1v,"I'm Eric Hafner, I'm running for U.S. Congress in Portland, Oregon (OR-3). I want to legalize all drugs, including opiates, but offer ibogaine therapy too, and free drugs for addicts via prescription.","In my city in Germany we have heroin assisted treatment. Pure free heroin is provided to addicts over twenty five who have failed.more.than three treatment programs and are are still injecting. Heroin isn't handed out like candy like at a needle exchange but it is given to those who truly can't do without and I.think we barely have a few hundred injectors in one.of the largest cities. It is cheaper than having heroin addicts break.In every where stealing stuff and helps these people get.their life on track.as there are also counseling and housing services on sight and they make sure no one OD's. Not too expensive, do you still have a problem with it?",opiates
dwv43x7,NEED DETOX ADVICE ASAP,Don't do timberline. It feels like codeine and every dose you take will kick your tolerance up by 20%. After a week I needed way more subs than before. I'd leave that one shit fent is better for tolerance,opiates
