Submission_ID,Submission_Title,Submission_Text,Subreddit
4xg88h,Cuboid- lock resistance,"Exactly. That's making me think this whole entire story is either buckshit or maybe OP is just a bit too trusting and they didn't want to share. 
Edit: *bullshit fuckin spellcheck",Vaping101
4z258f,How do you guys keep your stations clean?,"Exactly. That's making me think this whole entire story is either buckshit or maybe OP is just a bit too trusting and they didn't want to share. 
Edit: *bullshit fuckin spellcheck",CannabisExtracts
5jgres,Thought loops,"Exactly. That's making me think this whole entire story is either buckshit or maybe OP is just a bit too trusting and they didn't want to share. 
Edit: *bullshit fuckin spellcheck",researchchemicals
5k3r0q,Snortable psych with short duration (preferably trypt),"Exactly. That's making me think this whole entire story is either buckshit or maybe OP is just a bit too trusting and they didn't want to share. 
Edit: *bullshit fuckin spellcheck",researchchemicals
5k7ghe,Which 4-substituted tryptamine has the shortest duration?,"Exactly. That's making me think this whole entire story is either buckshit or maybe OP is just a bit too trusting and they didn't want to share. 
Edit: *bullshit fuckin spellcheck",researchchemicals
5tw0tx,Favourite extract companies/products in Bay area?,"Exactly. That's making me think this whole entire story is either buckshit or maybe OP is just a bit too trusting and they didn't want to share. 
Edit: *bullshit fuckin spellcheck",dailydabbers
5zk71t,Meetings sidebar,"Exactly. That's making me think this whole entire story is either buckshit or maybe OP is just a bit too trusting and they didn't want to share. 
Edit: *bullshit fuckin spellcheck",leaves
614bzp,butyrfentanyl solubility in water,"Exactly. That's making me think this whole entire story is either buckshit or maybe OP is just a bit too trusting and they didn't want to share. 
Edit: *bullshit fuckin spellcheck",researchchemicals
6a6sqg,4-AcO-DMT amphetamine ?,"Exactly. That's making me think this whole entire story is either buckshit or maybe OP is just a bit too trusting and they didn't want to share. 
Edit: *bullshit fuckin spellcheck",researchchemicals
6gmyzg,Sovereign citizen Logic?,"Exactly. That's making me think this whole entire story is either buckshit or maybe OP is just a bit too trusting and they didn't want to share. 
Edit: *bullshit fuckin spellcheck",amibeingdetained
6v9sn4,Opiate treatment for anxiety and other mental health issues,"Exactly. That's making me think this whole entire story is either buckshit or maybe OP is just a bit too trusting and they didn't want to share. 
Edit: *bullshit fuckin spellcheck",opiates
6wcc0v,Opioids for mental health problems,"Exactly. That's making me think this whole entire story is either buckshit or maybe OP is just a bit too trusting and they didn't want to share. 
Edit: *bullshit fuckin spellcheck",Drugs
6wjhbo,I am currently receiving opiates for anxiety and OCD. Ask me anything!,"Exactly. That's making me think this whole entire story is either buckshit or maybe OP is just a bit too trusting and they didn't want to share. 
Edit: *bullshit fuckin spellcheck",AMA
7lncew,Do you get flagged or put in some sort of system when you go on suboxone?,"Exactly. That's making me think this whole entire story is either buckshit or maybe OP is just a bit too trusting and they didn't want to share. 
Edit: *bullshit fuckin spellcheck",opiates
7m4nn4,Using opiates responsibly,"Exactly. That's making me think this whole entire story is either buckshit or maybe OP is just a bit too trusting and they didn't want to share. 
Edit: *bullshit fuckin spellcheck",opiates
7p455b,How quickly does a Tianeptine tolerance develop?,"Exactly. That's making me think this whole entire story is either buckshit or maybe OP is just a bit too trusting and they didn't want to share. 
Edit: *bullshit fuckin spellcheck",QuittingTianeptine
7q7c2c,Suboxone for physical and mental tianeptine addiction,"Exactly. That's making me think this whole entire story is either buckshit or maybe OP is just a bit too trusting and they didn't want to share. 
Edit: *bullshit fuckin spellcheck",QuittingTianeptine
7qhtzy,Home made controlled release fentalogue contraptions,"Exactly. That's making me think this whole entire story is either buckshit or maybe OP is just a bit too trusting and they didn't want to share. 
Edit: *bullshit fuckin spellcheck",fentanyl
7qorsl,How to clear digital tracks,"Exactly. That's making me think this whole entire story is either buckshit or maybe OP is just a bit too trusting and they didn't want to share. 
Edit: *bullshit fuckin spellcheck",opsec
7reuad,Good movies to watch about drugs/while on drugs,"Exactly. That's making me think this whole entire story is either buckshit or maybe OP is just a bit too trusting and they didn't want to share. 
Edit: *bullshit fuckin spellcheck",MovieSuggestions
7ydxum,SMART meetings,"Exactly. That's making me think this whole entire story is either buckshit or maybe OP is just a bit too trusting and they didn't want to share. 
Edit: *bullshit fuckin spellcheck",leaves
83xwhj,Shaky hands/arms,"Exactly. That's making me think this whole entire story is either buckshit or maybe OP is just a bit too trusting and they didn't want to share. 
Edit: *bullshit fuckin spellcheck",u_LSDkiller
86iqbw,How much butane would it take to knock out 4 windows in a 60 square meter apartment?,"Exactly. That's making me think this whole entire story is either buckshit or maybe OP is just a bit too trusting and they didn't want to share. 
Edit: *bullshit fuckin spellcheck",askscience
86ish6,How much butane does it take to knock out 4 Windows in an explosion in a 60m² apartment?,"Exactly. That's making me think this whole entire story is either buckshit or maybe OP is just a bit too trusting and they didn't want to share. 
Edit: *bullshit fuckin spellcheck",AskScienceDiscussion
86uez9,Some good cali weed,"Exactly. That's making me think this whole entire story is either buckshit or maybe OP is just a bit too trusting and they didn't want to share. 
Edit: *bullshit fuckin spellcheck",weed
