Submission_ID,Submission_Title,Submission_Text,Subreddit
69fx56,Any way to check neighboring cities hot areas? And other noob questions,"Can't speak for any other stores/non Google Express. 

But the stock available to buy is probably the nearest physical store to your location. Google Express is all about shipping you stuff from the actual store that has Google Express asap. So if you pick target as the store there are employees literally picking up your items off the shelf at the store,ringing them up, boxing them and mailing them out to you, so they may/are often limited to the available stock in a store in the area near you.",postmates
6a1v8b,"Sold my car, the person I sold it too never registered it in their name, got in an accident and pretended to be my step mom who owned the car previously [California]","Can't speak for any other stores/non Google Express. 

But the stock available to buy is probably the nearest physical store to your location. Google Express is all about shipping you stuff from the actual store that has Google Express asap. So if you pick target as the store there are employees literally picking up your items off the shelf at the store,ringing them up, boxing them and mailing them out to you, so they may/are often limited to the available stock in a store in the area near you.",legaladvice
6am1zv,Any walkers in Oakland or Berkeley?,"Can't speak for any other stores/non Google Express. 

But the stock available to buy is probably the nearest physical store to your location. Google Express is all about shipping you stuff from the actual store that has Google Express asap. So if you pick target as the store there are employees literally picking up your items off the shelf at the store,ringing them up, boxing them and mailing them out to you, so they may/are often limited to the available stock in a store in the area near you.",postmates
6amrd5,This delivery is no longer available?,"Can't speak for any other stores/non Google Express. 

But the stock available to buy is probably the nearest physical store to your location. Google Express is all about shipping you stuff from the actual store that has Google Express asap. So if you pick target as the store there are employees literally picking up your items off the shelf at the store,ringing them up, boxing them and mailing them out to you, so they may/are often limited to the available stock in a store in the area near you.",postmates
6ayrg6,Anyone work mother's day last year? Busy or slow?,"Can't speak for any other stores/non Google Express. 

But the stock available to buy is probably the nearest physical store to your location. Google Express is all about shipping you stuff from the actual store that has Google Express asap. So if you pick target as the store there are employees literally picking up your items off the shelf at the store,ringing them up, boxing them and mailing them out to you, so they may/are often limited to the available stock in a store in the area near you.",postmates
6bai76,Anyone rent a scooter?,"Can't speak for any other stores/non Google Express. 

But the stock available to buy is probably the nearest physical store to your location. Google Express is all about shipping you stuff from the actual store that has Google Express asap. So if you pick target as the store there are employees literally picking up your items off the shelf at the store,ringing them up, boxing them and mailing them out to you, so they may/are often limited to the available stock in a store in the area near you.",postmates
6i0q62,Anyone work stunts/effects? Anyone know how a one arm lift and choke is done?,"Can't speak for any other stores/non Google Express. 

But the stock available to buy is probably the nearest physical store to your location. Google Express is all about shipping you stuff from the actual store that has Google Express asap. So if you pick target as the store there are employees literally picking up your items off the shelf at the store,ringing them up, boxing them and mailing them out to you, so they may/are often limited to the available stock in a store in the area near you.",Theatre
6my9jt,Anyone else sign up for the e-bike pilot program?,"Can't speak for any other stores/non Google Express. 

But the stock available to buy is probably the nearest physical store to your location. Google Express is all about shipping you stuff from the actual store that has Google Express asap. So if you pick target as the store there are employees literally picking up your items off the shelf at the store,ringing them up, boxing them and mailing them out to you, so they may/are often limited to the available stock in a store in the area near you.",postmates
6oj7r2,No pending deposits?,"Can't speak for any other stores/non Google Express. 

But the stock available to buy is probably the nearest physical store to your location. Google Express is all about shipping you stuff from the actual store that has Google Express asap. So if you pick target as the store there are employees literally picking up your items off the shelf at the store,ringing them up, boxing them and mailing them out to you, so they may/are often limited to the available stock in a store in the area near you.",postmates
6oltr5,Wtf is going on with step 2?,"Can't speak for any other stores/non Google Express. 

But the stock available to buy is probably the nearest physical store to your location. Google Express is all about shipping you stuff from the actual store that has Google Express asap. So if you pick target as the store there are employees literally picking up your items off the shelf at the store,ringing them up, boxing them and mailing them out to you, so they may/are often limited to the available stock in a store in the area near you.",whatisthisthing
6zh6w9,Anyone had the restaurant worker add their own tip?,"Can't speak for any other stores/non Google Express. 

But the stock available to buy is probably the nearest physical store to your location. Google Express is all about shipping you stuff from the actual store that has Google Express asap. So if you pick target as the store there are employees literally picking up your items off the shelf at the store,ringing them up, boxing them and mailing them out to you, so they may/are often limited to the available stock in a store in the area near you.",postmates
6zxm6a,Anyone going to the SF show tonight?,"Can't speak for any other stores/non Google Express. 

But the stock available to buy is probably the nearest physical store to your location. Google Express is all about shipping you stuff from the actual store that has Google Express asap. So if you pick target as the store there are employees literally picking up your items off the shelf at the store,ringing them up, boxing them and mailing them out to you, so they may/are often limited to the available stock in a store in the area near you.",AgainstMe
71kpsg,How closely do you guys watch the pick up orders?,"Can't speak for any other stores/non Google Express. 

But the stock available to buy is probably the nearest physical store to your location. Google Express is all about shipping you stuff from the actual store that has Google Express asap. So if you pick target as the store there are employees literally picking up your items off the shelf at the store,ringing them up, boxing them and mailing them out to you, so they may/are often limited to the available stock in a store in the area near you.",postmates
758oxw,Anyone get paid today?,"Can't speak for any other stores/non Google Express. 

But the stock available to buy is probably the nearest physical store to your location. Google Express is all about shipping you stuff from the actual store that has Google Express asap. So if you pick target as the store there are employees literally picking up your items off the shelf at the store,ringing them up, boxing them and mailing them out to you, so they may/are often limited to the available stock in a store in the area near you.",postmates
7b713o,Broke off a 31 gauge needle in my arm???,"Can't speak for any other stores/non Google Express. 

But the stock available to buy is probably the nearest physical store to your location. Google Express is all about shipping you stuff from the actual store that has Google Express asap. So if you pick target as the store there are employees literally picking up your items off the shelf at the store,ringing them up, boxing them and mailing them out to you, so they may/are often limited to the available stock in a store in the area near you.",opiates
7exc0d,Oaklahoma city(PBS YouTube) [1:43:00],"Can't speak for any other stores/non Google Express. 

But the stock available to buy is probably the nearest physical store to your location. Google Express is all about shipping you stuff from the actual store that has Google Express asap. So if you pick target as the store there are employees literally picking up your items off the shelf at the store,ringing them up, boxing them and mailing them out to you, so they may/are often limited to the available stock in a store in the area near you.",Documentaries
7hf2j9,Any crafting based mmorpgs/games in general?,"Can't speak for any other stores/non Google Express. 

But the stock available to buy is probably the nearest physical store to your location. Google Express is all about shipping you stuff from the actual store that has Google Express asap. So if you pick target as the store there are employees literally picking up your items off the shelf at the store,ringing them up, boxing them and mailing them out to you, so they may/are often limited to the available stock in a store in the area near you.",AndroidGaming
7hhksi,Hustling suggestions?,"Can't speak for any other stores/non Google Express. 

But the stock available to buy is probably the nearest physical store to your location. Google Express is all about shipping you stuff from the actual store that has Google Express asap. So if you pick target as the store there are employees literally picking up your items off the shelf at the store,ringing them up, boxing them and mailing them out to you, so they may/are often limited to the available stock in a store in the area near you.",opiates
7jtr5i,Mother fucking direct deposit,"Can't speak for any other stores/non Google Express. 

But the stock available to buy is probably the nearest physical store to your location. Google Express is all about shipping you stuff from the actual store that has Google Express asap. So if you pick target as the store there are employees literally picking up your items off the shelf at the store,ringing them up, boxing them and mailing them out to you, so they may/are often limited to the available stock in a store in the area near you.",opiates
7k83nj,"Bart, medical emergency Powell closed","Can't speak for any other stores/non Google Express. 

But the stock available to buy is probably the nearest physical store to your location. Google Express is all about shipping you stuff from the actual store that has Google Express asap. So if you pick target as the store there are employees literally picking up your items off the shelf at the store,ringing them up, boxing them and mailing them out to you, so they may/are often limited to the available stock in a store in the area near you.",sanfrancisco
7lp5k7,JJ is real!,"Can't speak for any other stores/non Google Express. 

But the stock available to buy is probably the nearest physical store to your location. Google Express is all about shipping you stuff from the actual store that has Google Express asap. So if you pick target as the store there are employees literally picking up your items off the shelf at the store,ringing them up, boxing them and mailing them out to you, so they may/are often limited to the available stock in a store in the area near you.",opiates
7ooy0l,Any good games (non emulated) that run on pi 3?,"Can't speak for any other stores/non Google Express. 

But the stock available to buy is probably the nearest physical store to your location. Google Express is all about shipping you stuff from the actual store that has Google Express asap. So if you pick target as the store there are employees literally picking up your items off the shelf at the store,ringing them up, boxing them and mailing them out to you, so they may/are often limited to the available stock in a store in the area near you.",raspberry_pi
7wzby7,Is getting the aws sysops administrator cert a realistic path to getting a job in the it industry? and other noob questions.,"Can't speak for any other stores/non Google Express. 

But the stock available to buy is probably the nearest physical store to your location. Google Express is all about shipping you stuff from the actual store that has Google Express asap. So if you pick target as the store there are employees literally picking up your items off the shelf at the store,ringing them up, boxing them and mailing them out to you, so they may/are often limited to the available stock in a store in the area near you.",aws
837o5m,Fent in tar warning SF/TL I Just oded!,"Can't speak for any other stores/non Google Express. 

But the stock available to buy is probably the nearest physical store to your location. Google Express is all about shipping you stuff from the actual store that has Google Express asap. So if you pick target as the store there are employees literally picking up your items off the shelf at the store,ringing them up, boxing them and mailing them out to you, so they may/are often limited to the available stock in a store in the area near you.",opiates
84jqg4,any way to broadcast from android version of the game?,"Can't speak for any other stores/non Google Express. 

But the stock available to buy is probably the nearest physical store to your location. Google Express is all about shipping you stuff from the actual store that has Google Express asap. So if you pick target as the store there are employees literally picking up your items off the shelf at the store,ringing them up, boxing them and mailing them out to you, so they may/are often limited to the available stock in a store in the area near you.",baldursgate
