Comment_ID,Comment_Submission,Comment_Text,Subreddit
dv3k5d2,I am so glad I’m not a vendor anymore,Thats what im thinking,Drugs
dv3lj8i,Safest ways to get high,I stand corrected,Drugs
dv86obx,My parents saw track marks all over my arms. IV heroin,Why are you even on this subreddit lol,opiates
dvbba9n,Can you get prescribed adderall along with benzos?,"Yes, 60 30mg adds along with 90 2mg xanax",benzodiazepines
dvez7mh,Opinions on Ativan vs Xanax?,Exact same for me,benzodiazepines
dw4e72w,Which drug do you wish you could experience for the first time again?,"honestly weed, done a lot of shit but nothing ever felt like that stuck feeling smoking weed first gave me",Drugs
dw4fti9,Favorite high legal and illegal,"Legal: nicotine (or alcohol if that counts) 
Illegal: Weed, LSD",Drugs
dw4g2rq,Im having the munchies and need healthy sneak asap lool,apple slices or oranges or green grapes are really good choices imo,Drugs
dw4idm6,just prescribed klonopin how much to get high,1.5-3mg depending on tolerance,benzodiazepines
dw5sqnl,Weed as an anti-depressant,in terms of effectiveness for eliminating anxiety and nothing else i dont think its the best but its p good as an anti-depressant,Drugs
dw5wled,do you feel dumber since using drugs?,yeah,Drugs
dw60zwt,Treating my depression with meth,definitely setting yourself up for trouble,Stims
dwjiazd,[M/s] I think my son knows about my sexual relationship with my nephew - Update,try it,incest
dwk4f7a,How much do you guys pay for Xanax?,"0, but they sell for $3.50-5",Drugs
dwlde3v,Nazi’s,yeah germany used pervitin (basically early Desoxyn) often and yes it was in tablets,Stims
dwlqpdu,Forbidden tic tac,yum,forbiddensnacks
dwo6ewi,Took Tramadol yesterday and it was surprisingly strong but cant relly understand why anyone would enjoy taking it.,i like mixing it with xanax and weed when im chilling alone,Drugs
dwrw48h,What is the most adderall you’ve ever taken in a 24 hour period?,"150mg 
never really liked adderall",Stims
dwszgtm,Ok fellow users it's test time to see how your use has altered your personality and view on life.,ISTP-T,Drugs
dwtcx6w,Why does dope have such a bad stigma?,..lol,opiates
dwtu05c,Does your high self ever hate your sober self?,im usually the other way around lmao,Drugs
dwtvq6w,Ativan,no to the last thing,Drugs
dwwuqhp,My mind's logic when it comes to food...,Bulimia,offmychest
dwwv00c,My mind's logic when it comes to food...,"In the most polite way possible, your parents are right and You need to seek professional help so they can explain to you why they’re right and that no its not normal at all nor does it make sense",offmychest
dwwvaub,My mind's logic when it comes to food...,"No, but the long term effects will. Like I said, if you really think you’re right speak to a professional so they can tell you why exactly you’re wrong.",offmychest
