Submission_ID,Submission_Title,Submission_Text,Subreddit
6zkau6,Reunited at last - Clonazepam,Thats what im thinking,benzodiazepines
7d506t,Most effectiv way to take benzos,Thats what im thinking,benzodiazepines
7fs8u2,Od?,Thats what im thinking,Drugs
7l5j5z,Pharma Bars Only,Thats what im thinking,benzodiazepines
7wddft,Pill porn in my lap,Thats what im thinking,benzodiazepines
80mtnn,Two for the road 🤤 will taking one more an hour later boost the high?,Thats what im thinking,opiates
8ad7ek,Possible Prison,Thats what im thinking,offmychest
