Submission_ID,Submission_Title,Submission_Text,Subreddit
525vcl,Heroin is amazing.,Use a straw to defeat the system!,Drugs
561fi9,"New to veganism, i have a Question",Use a straw to defeat the system!,vegan
58nlwi,"I think heroin is overrated, quite pleasant, and not as bad as most people believe.",Use a straw to defeat the system!,unpopularopinion
59qax9,ASA - Nää sanat ei tehny tätä laulua (These words didn't make this song) [Hip Hop],Use a straw to defeat the system!,Music
59ygvk,TIFU by ending up in the hospital because of a bad exam.,Use a straw to defeat the system!,tifu
5lcajs,Preparation of New Year's Fireworks in Iraq,Use a straw to defeat the system!,ImGoingToHellForThis
5pz3sn,[Long] Deathly taste from hash pipe,Use a straw to defeat the system!,Drugs
5pzept,Deathly taste from hash pipe,Use a straw to defeat the system!,Drugs
6qj8fh,Me_ira,Use a straw to defeat the system!,me_ira
6ry6fc,Unsatisfactory heroin hits when smoking.,Use a straw to defeat the system!,opiates
6uhi2j,me_ira,Use a straw to defeat the system!,me_ira
7r5uv7,An open question to the community.,Use a straw to defeat the system!,poop
844vxv,Has anyone heard of this H preparation?,Use a straw to defeat the system!,opiates
