Comment_ID,Comment_Submission,Comment_Text,Subreddit
dw0muta,MMAF?,I might be getting ripped off lol,fentanyl
dw1fqjt,"Not sure if I am having opiate withdrawals still or something else, day 8?","I'm on day 8 today still have stomach cramps and haven't slept more than 2 hours any night that's my biggest problem going crazy

 hope you stuck with it as I hope to as well",Opiatewithdrawal
dw1ftjz,Analogues and drug testing,Was replying to wrong post my bad,fentanyl
dw1fu3w,MMAF?,Let's see if it lands,fentanyl
dw1fut4,MMAF?,Yes pretty sure,fentanyl
dw1fw80,MMAF?,I feel like it's the same supplier for everyone so I hope it's just as good hope mine makes it,fentanyl
dw1fx7x,MMAF?,What is the dosage in milligrams they said 2mg is high is that true?,fentanyl
dw4bzmf,Is there an A+ book that will allow me to read the material along with Prof Messer's videos?,"It's FREE?  

I see he sells the PDF full of notes.. but all his videos are free?",CompTIA
dw4dqbt,Is there an A+ book that will allow me to read the material along with Prof Messer's videos?,"unreal! no reason we don't each get 3 certs or more :P Starting A+ next week! Ordered Mike Meyer's book.

See you guys at the office!!!",CompTIA
dw4e8aw,Failed net+ 3 times,you have to get out you don't want to hate what you're doing. Do it today or regret it till you do make the change. Or maybe apply IT to something you do like.,CompTIA
dwa6jme,With Regards To The Recent Subreddit Bans,Hundred percent our days are numbered there is a Reddit on the onion Network I think it's called dread I like your wishful thinking but they are Banning anything drug-related specially Fentanyl let's be realistic here if you have contacts here I suggest you get Anonymous email and share some data and hopefully we can all meet on that Reddit on the onion Network I have yet to check it out but it's our last hope clear web talking about illegal activities is dead also to the man who created this be the first to create the same Reddit on the onion Network consistency baby good luck to all hope to see you on the other side sad day for all of us,fentanyl
dwgejr4,With Regards To The Recent Subreddit Bans,"Get TOR check out Dread its Reddit on the Darkweb

http://dreadecomdopooda.onion/",fentanyl
dwgejw1,With Regards To The Recent Subreddit Bans,"Get TOR check out Dread its Reddit on the Darkweb

http://dreadecomdopooda.onion/",fentanyl
dwgep41,3-Methylmethoxyacetylfentanyl,"I need a supplier!,! The-Wired is having issues and can't get me any fent!!


HELP!!!",fentanyl
dwges1f,"I have found a new analogue for sale on a clear net site, 2 different ones to try, would like to get a GC/MS",40 a gram damn that's why i fucks with China 10-15g however my source is out :(,fentanyl
dwgezy3,3-Methylmethoxyacetylfentanyl,"how was it so good then so bad explain, please!",fentanyl
dwhew2a,With Regards To The Recent Subreddit Bans,I agree its best here! but they are going crazy on any type of drugs and Darkweb talk,fentanyl
dwhf9bx,With Regards To The Recent Subreddit Bans,whats the backup plan an email or something to find out where we go if worst case? The darkweb is better because you can source I hate to  hear how great new stuff is and then I can't ask for it lol my source is gone so now I'm just living via your stories :(,fentanyl
dwl6fup,Day 19 clean withdrawal symptoms back,I took a Cialis and a vriligy two nights ago I wonder if it has something to do with it,opiates
dwlay5c,Day 19 clean withdrawal symptoms back,Unfortunately marijuana sends me into a ridiculous mental state where I think I have to go to the hospital the entire time for example last time I smoked I ate a bag of hot chips and sore on my mouth is going to fall off they weren't even Honestly Hot,opiates
dwldxv0,Day 19 clean withdrawal symptoms back,It's the strongest substance that ever taken for me and I've tried just about everything. Unreal how high I get,opiates
dwlgm0z,Day 19 clean withdrawal symptoms back,Good to know I was freaking out. really bad day this shall pass thank you for the support,opiates
dwlpuow,Day 19 clean withdrawal symptoms back,A lot of people do tell me the paranoia goes away once you build tolerance but the first few times smoking is so horrible,opiates
dwlpvx4,Day 19 clean withdrawal symptoms back,"It was solid till today first time it straight water explosive dangerous I just popped 10 Imodium they helped me through my first three days

The first 3 days I took 10 Imodium each morning and it really helps with the withdrawals I haven't taken any till today again",opiates
dwyuxqn,Backpage seized by FBI,"They use to have a few mirror sites, anyone, find them know them??",backpage
