Comment_ID,Comment_Submission,Comment_Text,Subreddit
dwhegi8,20 Year Old Fatally Electrocuted While Frolicking with Friends in Fountain,"Could be my own stupidity, but wouldn’t everyone in the water be electrocuted if there was electricity running through the water enough to kill their friend?",watchpeopledie
dwhfgge,20 Year Old Fatally Electrocuted While Frolicking with Friends in Fountain,"Ok, but he also touched his friend as well. I would think that would have been close enough. Im not trying to be a smart ass, I’m just really curious as to why no one else got electrocuted.",watchpeopledie
dwhkni0,20 Year Old Fatally Electrocuted While Frolicking with Friends in Fountain,Maybe we should find one to let us know exactly what’s going on?? IS ANYONE IN THE HOUSE AN ELECTRICAL ENGINEER? Or stayed at a holiday inn??,watchpeopledie
dwii68e,20 Year Old Fatally Electrocuted While Frolicking with Friends in Fountain,:-),watchpeopledie
dwjkoqh,They Were Going To Leave Him Alone .Until He SAID THE 'N WORD!!,"I don’t agree with how he handled the situation, but what the hell are the cops gonna do for saying the “n” word??? Uh oh, 5 mins lock up.",tooktoomuch
dwpgzfu,The Bouncing Bow (Arrows now bounce off of surfaces/floors),Good old Gauntlet!,ItemShop
dwqvajx,What is this circle of trust I’m just noticing?,I’ve been a redditor for years and I’m just noticing this circle of trust in the top right hand corner of my home page. I’ve never saw it or noticed it before and there’s no info on the side bar of the sub. I’m on mobile and only use mobile if that makes a difference.,AskReddit
dwrzgpp,Wanna get high??,You mean [like this?](https://youtu.be/4NBDVOPMe00),trees
dws00r4,"Jake, if you’re on this sub, just know you’re the absolute worst","CL personals are down for good. Even missed connections. I used to love reading them :-( Sorry there are huge asshole out there. I hope he gets what’s coming to him as well. If you live near SE PA and need a frient,  PM me.",trees
dws66ig,So close,Holy shit that had to hurt!,yesyesyesno
dwscn9k,Wanna get high??,"So do I, I just haven’t had the opportunity to  try it yet. But when I do, I’ll be making sure to catch it all on video as well!",trees
dwsst97,"Jake, if you’re on this sub, just know you’re the absolute worst","I stand corrected, missed connections is under community not personals, so they were in fact not taken down. Thank you for informing me.",trees
dwsutwc,Hands-free powerwasher,"Looks clean enough to eat off of. In fact, I think I will!",powerwashingporn
dwvwivd,Woman Tries To Drive Her Child Home While High On Drugs,That’s gotta be fucking horrible to watch your mom like that. Thank god she was to fucked up to take off.,tooktoomuch
dww8nm3,Apple should allow to you tap an icon on your lock screen to retry Face ID,"This would be an excellent idea! It usually happens when I wear certain sunglasses or like you said, don’t fully look at the screen before it scans your face. I tried pin vs screen off and pin is definetly faster. Other then that, Face ID works amazing 95% of the time. They really do just need to put in that damn button.",iphone
dww8r8p,Apple should allow to you tap an icon on your lock screen to retry Face ID,Thanks for pointing out my bad spelling.,iphone
dwwafyu,"Glass is pretty ubiquitous, but I hardly ever see ceramic pieces so I thought I'd share some of my recent work!",[How it’s Made - Plumbus](https://youtu.be/eMJk4y9NGvE),Pieces
dwx63it,Bear tweaking,"That bear is wigging out man. Someone get him some ludes to come down on, quick!",tooktoomuch
dwx66zt,I have never done any opiates. I've been browsing this sub for ~2 hours now.,"From someone who let in run their life, DONT FUCKING DO IT! It’s not worth it, even if it gave you a 5 hour long orgasm every time you took something, DONT do it.",opiates
dwxs4zx,Do I have a risk of dependence doing this?,"Doubtful. 20mg in reality once a week is nothing. I mean, ya, there’s obviously not a 100% chance you won’t become addicted, but the percent is so small, I really wouldn’t worry. Just don’t let it become “oh just one more day”, then “only 30mg this one time”. Believe me, it doesn’t work no matter how strong willed you are and will start becoming more and more till your in some back alley with a needle hanging out your arm trying to suck dick for your next fix (being sarcastic, but if it scares you enough not to do it, then ya, absolutely that will happen).",opiates
dwxsdx5,"First time OxyContin, how long before i feel shit lol","Bro, 60mg and no tolerance. No bueño my friend. Eat stuff that’s high in carbs and salt. It helps with the nausea, at least for me, and usually helps me to stop feeling it so much. Salt and vinegar chips were my go to. Don’t be so careless next time though. Know your limit, and if you don’t know it, start small, not guns blazing.",opiates
dwxtqqh,Volvo 240 that plays Toto’s Africa as the door open chime.,"Yes, I’d have an entire box in the trunk with door chimes with different music like I used to have the visor holder for all my cd’s.",Autos
dwxu4fn,Bubble Boy.,Can we get a source? I want to see more.,asianpeoplegifs
dwy1jla,Straight Outta College,"YOUR TEARING ME APART LISA!!!! 


(Btw, I hate you because I have to hear these quotes every day from my gf, ESPECIALLY the one you said)",Badfaketexts
dwy1lcv,Straight Outta College,"Stupid, but I still chuckled.",Badfaketexts
