Submission_ID,Submission_Title,Submission_Text,Subreddit
6k49rv,Then who's joint is it? (Caution: dramatic ending),"Could be my own stupidity, but wouldn’t everyone in the water be electrocuted if there was electricity running through the water enough to kill their friend?",weed
6ut7fx,He's definetly not the cops. (Redditor for 167 days),"Could be my own stupidity, but wouldn’t everyone in the water be electrocuted if there was electricity running through the water enough to kill their friend?",beetlejuicing
6vufp4,Grapist (Sorta NSFW),"Could be my own stupidity, but wouldn’t everyone in the water be electrocuted if there was electricity running through the water enough to kill their friend?",videos
6zvlqh,My boss cut this out of the newspaper and gave it to me at work today.,"Could be my own stupidity, but wouldn’t everyone in the water be electrocuted if there was electricity running through the water enough to kill their friend?",Stretched
70w8m4,[X-Post from /r/Trashy] Not something I use my guaged ears for.,"Could be my own stupidity, but wouldn’t everyone in the water be electrocuted if there was electricity running through the water enough to kill their friend?",Stretched
71jehf,"Been smoking for forever, but never rolled a blunt till yesterday. I think I did pretty good for my first time.","Could be my own stupidity, but wouldn’t everyone in the water be electrocuted if there was electricity running through the water enough to kill their friend?",trees
74rj8m,White dove at funeral gets hit by truck.,"Could be my own stupidity, but wouldn’t everyone in the water be electrocuted if there was electricity running through the water enough to kill their friend?",videos
77vih7,ULPT: Return a lost receipt item for store credit. Then buy something more than double the amount of the store credit and use that and cash to pay for it. Return that item. Most stores will pay you back completely in the tender that was the majority of what paid for the item.,"Could be my own stupidity, but wouldn’t everyone in the water be electrocuted if there was electricity running through the water enough to kill their friend?",UnethicalLifeProTips
7j095v,"Since its that time of year. FleetPlow, snow removal for truck & trailer roofs.","Could be my own stupidity, but wouldn’t everyone in the water be electrocuted if there was electricity running through the water enough to kill their friend?",specializedtools
7jlr2h,[Help] Looking to buy an iPhone from private seller online and need some help.,"Could be my own stupidity, but wouldn’t everyone in the water be electrocuted if there was electricity running through the water enough to kill their friend?",iphone
7njjoc,"N.J. Teen killed parents, sister, family friend in brutal New Year's Eve shooting, police allege.","Could be my own stupidity, but wouldn’t everyone in the water be electrocuted if there was electricity running through the water enough to kill their friend?",MorbidReality
7ns0r1,Woman almost dies after bar serves her a shot of liquid nitrogen.,"Could be my own stupidity, but wouldn’t everyone in the water be electrocuted if there was electricity running through the water enough to kill their friend?",MorbidReality
7o6m3y,Passenger killed when SUV crashes into SEPTA train in middle of snowstorm.,"Could be my own stupidity, but wouldn’t everyone in the water be electrocuted if there was electricity running through the water enough to kill their friend?",MorbidReality
7rzwc2,Crashing issues with new iPhone X.,"Could be my own stupidity, but wouldn’t everyone in the water be electrocuted if there was electricity running through the water enough to kill their friend?",iphone
7uwo0d,"Girl on my GF’s FB. If there was a sixhead sub, I’d debate on putting these there.","Could be my own stupidity, but wouldn’t everyone in the water be electrocuted if there was electricity running through the water enough to kill their friend?",Fiveheads
7xugq3,St. Vincent - Pills [Alternative],"Could be my own stupidity, but wouldn’t everyone in the water be electrocuted if there was electricity running through the water enough to kill their friend?",Music
7yeun8,Amazing Cake Decorating,"Could be my own stupidity, but wouldn’t everyone in the water be electrocuted if there was electricity running through the water enough to kill their friend?",videos
7z1h4s,He wants her to watch,"Could be my own stupidity, but wouldn’t everyone in the water be electrocuted if there was electricity running through the water enough to kill their friend?",AnimalsBeingJerks
7z1vor,He wants her to watch,"Could be my own stupidity, but wouldn’t everyone in the water be electrocuted if there was electricity running through the water enough to kill their friend?",CatsAreAssholes
83jzdr,The way these boxes are lined up,"Could be my own stupidity, but wouldn’t everyone in the water be electrocuted if there was electricity running through the water enough to kill their friend?",oddlysatisfying
841ef6,Just spent the last two hours cleaning out my Davinci Ascent,"Could be my own stupidity, but wouldn’t everyone in the water be electrocuted if there was electricity running through the water enough to kill their friend?",trees
858gpv,"Red, White, & Blue. The true American way.","Could be my own stupidity, but wouldn’t everyone in the water be electrocuted if there was electricity running through the water enough to kill their friend?",opiates
86y143,Aramingo Shuffle (Philly),"Could be my own stupidity, but wouldn’t everyone in the water be electrocuted if there was electricity running through the water enough to kill their friend?",tooktoomuch
89h3jj,What is this circle of trust I’m just noticing?,"Could be my own stupidity, but wouldn’t everyone in the water be electrocuted if there was electricity running through the water enough to kill their friend?",AskReddit
8adnw1,Volvo 240 that plays Toto’s Africa as the door open chime.,"Could be my own stupidity, but wouldn’t everyone in the water be electrocuted if there was electricity running through the water enough to kill their friend?",Autos
