Comment_ID,Comment_Submission,Comment_Text,Subreddit
dwcj5md,QUESTION:,"Aww shucks, you caught me!",opiates
dwckvyh,Why do people smoke?,"It feels good. Not even the chemicals but just the act of smoking. Having it fill your lungs and then being able to slowly blow it all out in a cloud. Or gathering it in you mouth, letting it go out in a ball and inhaling it through your nose feels very nice and warm",TooAfraidToAsk
dwcl1rd,QUESTION:,"Thanks for your answer and advice, it was just the stuff I was wondering. I hope you are doing well right now and I wish you the best of luck with your future.",opiates
dwcl63f,Ryan stop pissing off ladies,"“Imitation is the sincerest form of flattery”

“IDENTITY THEFT IS NOT A JOKE JIM, MILLIONS OF FAMILIES SUFFER EVERY YEAR!”

“Michael!”

“Oh, that’s funny... Michael!",memes
dwd5368,QUESTION:,Thanks so much for that! You are like a detective noticing signs of opiate use in that guy 👌 did you just straight up ask the deliverer for opiates?,opiates
dwdc7xx,QUESTION:,"That’s so awesome, if only we were all that lucky",opiates
dwdg2sz,I already posted a meme...,F,memes
dwdzowp,Serious Heroin Questions/Want Advice!,"Finally, an informative one other than saying “don’t do it”",opiates
dwe6f6t,How do you find stuff?,DNM,opiates
dwi0wv2,Nitrous + Etizest + Kratom + 11pm = blackout,True true,Drugs
dwi1441,Nitrous + Etizest + Kratom + 11pm = blackout,"Yes, it was. I took 1mg etiz, then 2, then 3, and so on. It’s quite the redose drug. Then it made me just wanna do whatever I had. I’m going to hide my etiz next time for sure",Drugs
dwprc38,Question about overdose information I found in article + question about snorting heroin <3,Thanks so much for the explanation. I’m still a newbie so his helps a ton and releases some worry 😄,opiates
dwpriw4,Question about overdose information I found in article + question about snorting heroin <3,Lol good to know! I’ve seen a few OD videos but they were all shooting up so I thought maybe snorting it would produce a different OD,opiates
dwprja2,Overdose,"Shit, glad you’re ok",opiates
dwprs8k,Overdose,"U-47700 is a nightmare. Luckily, I have never come across it, but some scumbag dealers don’t give a fuck about their clients.

That’s great that you’ve never had laced dope, there are too many stories of death because of it.",opiates
dwprt7u,Question about overdose information I found in article + question about snorting heroin <3,"Great to know, thank you so much!",opiates
dwpsl4h,Overdose,"I’m definitely not trying that then. I would do the same with reposing. I have thought about it, but never acted on it",opiates
dwpsqr5,Overdose,"That is really shitty, I’m sorry for your loss. At least it was a peaceful way to go.",opiates
dwpt2v2,What are some improvements you want in Minnesota?,We need to get Dwight up in here,minnesota
dwqgxww,Overdose,"Wow, you’re wife is awesome! I’m glad you’re ok, that’s scary",opiates
dwqh1pm,Overdose,"I’m so sorry for your losses, that’s really hard to go through.

As for the carfent, that’s absolutely insane. I can’t understand what would go through the mind of a dealer or maker to put carfent in it. Are they just trying to kill their customers",opiates
dwr6ggu,Overdose,"Never mind about the dealer being bad then, that was really nice of him to help you out",opiates
dwr6hlz,Overdose,"I have never heard a survival story from carfent tho, so you guys got real lucky",opiates
dwre624,Overdose,"Well, I’m really glad you guys are ok. I reread the part about Narcan and I really need to get that. I just think it would cause suspicion from my parents. And if I buy it, wouldn’t the medical field know and suspect something. I may seem paranoid, but I’d hate for anyone to find out.",opiates
dwrei8x,Kiss vs Pizza Girl,That must be Alfredo’s Pizza Cafe,BetterEveryLoop
