Submission_ID,Submission_Title,Submission_Text,Subreddit
7uuxgc,Only 16 year olds can comment on this thread,"Aww shucks, you caught me!",teenagers
7v1p9d,MASSTHREAD (for curiosity purposes),"Aww shucks, you caught me!",kratom
7vucm5,New news regarding the FDA,"Aww shucks, you caught me!",kratom
7zj2wq,Nodding,"Aww shucks, you caught me!",opiates
7zsymj,Why tho?,"Aww shucks, you caught me!",mildlyinfuriating
819hhw,Please Help (F16),"Aww shucks, you caught me!",Anxiety
81kgj4,Your favorite/funniest drug story,"Aww shucks, you caught me!",Drugs
827954,How do I [16F] not act weird around brother’s [22M] girlfriend [22F]?,"Aww shucks, you caught me!",relationships
82rb2r,Fasting for 4 days out of the week,"Aww shucks, you caught me!",nutrition
83kgvg,I have an interesting question...,"Aww shucks, you caught me!",opiates
83kjyw,Opiates take away all my anxiety,"Aww shucks, you caught me!",opiates
83ljhq,What happens with expired medication that people bring in to be disposed of?,"Aww shucks, you caught me!",pharmacy
86ry7o,*Help* Testing etizest-1,"Aww shucks, you caught me!",researchchemicals
87fku6,QUESTION:,"Aww shucks, you caught me!",opiates
87nl1e,A speck of heroin,"Aww shucks, you caught me!",opiates
885iqn,Nitrous + Etizest + Kratom + 11pm = blackout,"Aww shucks, you caught me!",Drugs
89797n,Question about overdose information I found in article + question about snorting heroin <3,"Aww shucks, you caught me!",opiates
899s17,Overdose,"Aww shucks, you caught me!",opiates
