Comment_ID,Comment_Submission,Comment_Text,Subreddit
dwryhbb,Holy fuck I just watched a movie and it was so much better high [10],The life aquatic with steve zissou. You will thank me later.,trees
dwt5cpn,I’m addicted to being high because I don’t feel anything when I’m sober.,"This hit home. I'm in the same place right now and have been for a while. For me it's pot and heroin. Before, I used alcohol but it became too hard on my body. Every day I feel less and less like a person and more and more like a husk. The only pleasure I get is from smoking pot or heroin. I don't know the way out, though most would probably say to start with quitting. To me though right now that's not really an option, because without my drugs I'm just not even me.",Drugs
dwt5ou8,What do you think the government or society could do to minimize the deaths related to the opioid epidemic?,Legalize other medical treatments like marijuana,opiates
dwtnwv7,Thanks doc,How?,opiates
dwtnzgg,My snack ate itself,"Taqis count as a meal, not a snack!",mildlyinteresting
dwto970,Freddy from ICarly looks more like rob mcelhenney than rob mcelhenney,"He really needs to start cultivating some mass, though.",IASIP
dwtoc39,Far cry 3 or Red dead,Far cry 3 blood dragon dlc. Best 10 hours of my life,gaming
dwtok5l,My snack ate itself,The best part is that slight tang once the heat starts to wear off,mildlyinteresting
dwtpek5,All Dogs Go To Heaven,"I love/hate when Futurama ends an episode with the feels. I think it's the only adult cartoon thats made me rethink my life. Well that and the scene in Rick and Morty where Rick tries to commits suicide after his breakup with unity. Such feels, so tears!",memes
dwtsz08,My snack ate itself,Betcha can't eat just one.... Bag!,mildlyinteresting
dwtude8,"""As fuck"" has become a universal unit of measurement",It's almost equivalent to a fuck ton,Showerthoughts
dwtufof,Is anyone else sober and live with people that get high?,You could just start getting high with everyone,opiates
dwtuy3u,Is anyone else sober and live with people that get high?,"Yeah, i understand. I'm a drug user so I've never really been in your position. I would recommend getting yourself out of the situation as soon as possible honestly. Anyone who uses is going to be on an emotional Rollercoaster. That can be very hard for anyone around them",opiates
dwtv0uw,Is anyone else sober and live with people that get high?,"You said you're in the middle of nowhere right, one of the most peaceful things I've ever found is taking a walk in the woods, maybe when shit gets too hard to handle at home just bounce out and go for a walk",opiates
dwty0z8,"""As fuck"" has become a universal unit of measurement",Amateurs. Everyone knows it's 2.694 x 10,Showerthoughts
dwtyi3m,Is anyone else sober and live with people that get high?,"Yeah I didn't mean to be a clown, sorry I guess it's how I deal with facing myself in the mirror. I guess I'm seeing your post and realizing some things about myself. Look, I wish I was on your side of the tracks and not my own. Save your money. Get out of there as soon as humanly possible. Call your brother once a month and buy him lunch. He probably isn't eating if he's like most of us scumbags and it'll mean the world to him. Just don't give him money when he asks, buy him a beer instead. He gets his peace and you know you didn't give 20$ to heroin. Plus you get to meet him in a neutral location. Until that day comes don't get bogged down in their bullshit. They're going to take everything out on you because you are a normal person with emotions that they know they can manipulate. Your brother isn't going to get sober until he wants to which may be never. Prepare for that reality.",opiates
dwu2upn,This is my favorite frog picture,You cant trick me. That's a sad rock!,trees
dwu2wxk,Is one or two beers max okay with Xanax ?,You'll be fine,Drugs
dwu3kaw,Is one or two beers max okay with Xanax ?,Take the xans then start drinking to get you up to when they hit. By the time the Xanax hit I promise 2 beers won't mean shit. They'll totally trump. You'd have to drink a six pack or more at that point to really even realize you're drinking too,Drugs
dwu3nm9,Is one or two beers max okay with Xanax ?,I mix bars weed and alcohol all the time and by the end of the night the Xanax high overpowers everything else,Drugs
dwu3tiv,I found a ridiculously large chair at work today,This chair has some secrets.,funny
dwu40yi,Who are these 2 characters on my r&m tapestry?,The first one is crocubot from the vindicators. Hard to tell who the second is,rickandmorty
dwu443k,Who are these 2 characters on my r&m tapestry?,Oh the second is one of the rick less mortys from the school at the citadel.,rickandmorty
dwu4nq4,Who are these 2 characters on my r&m tapestry?,Could be pencilvester,rickandmorty
dwu4rd5,Who are these 2 characters on my r&m tapestry?,I'm now 95% positive it is pencilvester after looking it up,rickandmorty
