Comment_ID,Comment_Submission,Comment_Text,Subreddit
dwqzmvq,239gang,"down at the old people’s home we got a gang called the cookie diddlers, the initiation was the worst thing I’ve ever done.. I haven’t ever told anybody what I had to do. I had to cover myself in *CoOkIE DoUgH AnD hAve ThE oLd LaDiEs LiCk iT oFf*",CircleofTrust
dwr06kg,u/edwinnum's circle,"I was always different than everybody else growing up.. people would stare and take pictures at me with there old blackberry phones. See when I was in my moms womb my dad had left the testosterone out, it was a cream. My mom didn’t know what it was so she used it before I was born as lotions. My dick at the age of 1 was around 8 inches long. At 5 my dick was a whopping 13 inches long.. and at 14 I surpassed the world record dick length of 19 inches.. it kept growing and at 15 my dick was 36 inches long. I was referred to as “the 3rd legged monster” 

lemme get a key for my struggles",CircleofTrust
dwrf7gz,The pain,r/nofap,depression
dwrjdce,"16 and emo af, destroy my self esteem",*aspirins in the bathroom.. with the bathtub*,RoastMe
dwrjexz,"16 and emo af, destroy my self esteem",Cringy faggot begone!,RoastMe
dwrljoz,Remember: an unoriginal roast is a insult to yourself,careful bro it’s funny and then it’s not.,RoastMe
dwrls0c,Roast my friend,"Looks like he goes fishing just to beat the fish on the ground in anger, over his mom going out to meet “new people” at night",RoastMe
dwromez,Menu available on wickr,Shill,DarkNetMarketz
dwroz6w,How do you enter the deep web on iphone? Can anyone please tell me?,"Download tob it’s not illegal to view anything, well almost anything. If you’re iPhone is up to date on the firmware and you don’t have anyway else to go on there, try it out.",deepweb
dwrp3zd,Is it possible to access safely via mobile (iPhone 5s),Download tob all you had to do is look on the App Store bro,deepweb
dwt8850,Crack cocaïne in the EU?,To get the crack with lmao,darknet
dwt8ksw,(pgp) newbie Question with orderings ( pgp),"People on this sub suck cock, you need to download a pgp program preferable on you’re computer. Theirs some android and Apple apps that probably do work, you can also access say dream from your iPhone using the Tob app.",darknet
dwt9cqi,Well...on a call we got stuck in the elevator. Heroes came to rescue us!,The real tragedy here is that flip phone,ProtectAndServe
dwtlvh5,My favorite class is...,L,AskOuija
dwtlyn3,Nicotine addiction,remember when we were in school and the the teachers told everyone that nicotine was more addictive than heroin lmao,electronic_cigarette
dwtm5mj,Nicotine addiction,"I was addicted to opiates last year, after 2 weeks of taking a oxy 20mg IR everyday and I would wake up in a literal pool of sweat, wanting to unplug my brain.",electronic_cigarette
dwtmibd,Nicotine addiction,"seems to be, I’ve seen people lose their shit over not having a cigarette but not really as much with vaping. I’ve heard that the additives could be addictive in there own sense with the squares.",electronic_cigarette
dwtmrn1,Nicotine addiction,"A while man it was like, I was fighting myself if that makes sense. I was tapering for a month or two and then my brother told me about something called kratom. Kratom acts on the opiate receptors similar to classic opiates but it’s not nearly as intense I guess you could say, it helped me get off the Oxys however and I’m grateful.",electronic_cigarette
dwtmxe4,Yes! Girls my age all love ______!,I,AskOuija
dwtn0e7,Dank nation and xanax cartel,“SpEaCh”,deepweb
dwtolb6,18 in the mood for a good laugh. Hit me with your best shot,the guy who gets caught smelling new shoes at the local mall,RoastMe
dwtovrw,A Kurd and an Arab walk into a bar...,*Everythings bLoWiN’ up MuhaHouse*,RoastMe
dwu7ntw,cat.,*cat.*,catssittingdown
dwv00t3,"Around 200 pressed busses, just woke up from a long blackout",Deep web,opiates
dwv0dmj,Physical work,"Opiates fuck testosterone in the long run do they not, less testosterone equals less pumps. Correct me if I’m wrong.",opiates
