Submission_ID,Submission_Title,Submission_Text,Subreddit
7am82w,ProtonMail Mobile PgP,"down at the old people’s home we got a gang called the cookie diddlers, the initiation was the worst thing I’ve ever done.. I haven’t ever told anybody what I had to do. I had to cover myself in *CoOkIE DoUgH AnD hAve ThE oLd LaDiEs LiCk iT oFf*",ProtonMail
7kgunx,VapeWild E-juice,"down at the old people’s home we got a gang called the cookie diddlers, the initiation was the worst thing I’ve ever done.. I haven’t ever told anybody what I had to do. I had to cover myself in *CoOkIE DoUgH AnD hAve ThE oLd LaDiEs LiCk iT oFf*",electronic_cigarette
7kh0ds,"The guys watched as the girls fought, soon ________ popped out and made there day","down at the old people’s home we got a gang called the cookie diddlers, the initiation was the worst thing I’ve ever done.. I haven’t ever told anybody what I had to do. I had to cover myself in *CoOkIE DoUgH AnD hAve ThE oLd LaDiEs LiCk iT oFf*",AskOuija
7r36oq,These wet dreams are messed up,"down at the old people’s home we got a gang called the cookie diddlers, the initiation was the worst thing I’ve ever done.. I haven’t ever told anybody what I had to do. I had to cover myself in *CoOkIE DoUgH AnD hAve ThE oLd LaDiEs LiCk iT oFf*",NoFap
84jen6,*kill meeee*,"down at the old people’s home we got a gang called the cookie diddlers, the initiation was the worst thing I’ve ever done.. I haven’t ever told anybody what I had to do. I had to cover myself in *CoOkIE DoUgH AnD hAve ThE oLd LaDiEs LiCk iT oFf*",dankmemes
87p5nr,3 are better than 1,"down at the old people’s home we got a gang called the cookie diddlers, the initiation was the worst thing I’ve ever done.. I haven’t ever told anybody what I had to do. I had to cover myself in *CoOkIE DoUgH AnD hAve ThE oLd LaDiEs LiCk iT oFf*",dankmemes
87ybul,Dank nation and xanax cartel,"down at the old people’s home we got a gang called the cookie diddlers, the initiation was the worst thing I’ve ever done.. I haven’t ever told anybody what I had to do. I had to cover myself in *CoOkIE DoUgH AnD hAve ThE oLd LaDiEs LiCk iT oFf*",deepweb
88nkum,Skidely do doo,"down at the old people’s home we got a gang called the cookie diddlers, the initiation was the worst thing I’ve ever done.. I haven’t ever told anybody what I had to do. I had to cover myself in *CoOkIE DoUgH AnD hAve ThE oLd LaDiEs LiCk iT oFf*",memes
899ht2,Downloading something on iOS 11.3 is similar to using Apple Pay.,"down at the old people’s home we got a gang called the cookie diddlers, the initiation was the worst thing I’ve ever done.. I haven’t ever told anybody what I had to do. I had to cover myself in *CoOkIE DoUgH AnD hAve ThE oLd LaDiEs LiCk iT oFf*",Futurology
89l2f9,CGMC Referal code,"down at the old people’s home we got a gang called the cookie diddlers, the initiation was the worst thing I’ve ever done.. I haven’t ever told anybody what I had to do. I had to cover myself in *CoOkIE DoUgH AnD hAve ThE oLd LaDiEs LiCk iT oFf*",DarkNetMarketz
89uinj,Nicotine addiction,"down at the old people’s home we got a gang called the cookie diddlers, the initiation was the worst thing I’ve ever done.. I haven’t ever told anybody what I had to do. I had to cover myself in *CoOkIE DoUgH AnD hAve ThE oLd LaDiEs LiCk iT oFf*",electronic_cigarette
8a0udp,Extra potent kratom?,"down at the old people’s home we got a gang called the cookie diddlers, the initiation was the worst thing I’ve ever done.. I haven’t ever told anybody what I had to do. I had to cover myself in *CoOkIE DoUgH AnD hAve ThE oLd LaDiEs LiCk iT oFf*",kratom
