Comment_ID,Comment_Submission,Comment_Text,Subreddit
dqmhwqw,50$ ETH to 36$ BTC .. INSANELY HIGH FEES!,Shapeshift rapes you with fees.,shapeshiftio
drg96uy,Cardman is quitting - End of an Era,"Ew axxo 700mb rips.
Worst viewing experience ever.",Piracy
drnu5de,BTC to XMR transfer HELP,Your fee was probably too low. BTC fees are stupid high right now and even 200sat/byte aren't even confirming.,shapeshiftio
drravy2,How do I make these snortable? Lol they gel up,Don't you have to scrape the coating off then bake them? Something like that.,opiates
dsth2p0,Bitconnect is officially dead,9 dollars currently. Holy shit. We all saw it coming.,btc
dtctdfc,Knife at my work that's halfway gone from sharpening,As someone who works in the knife sharpening business i see this all the time,mildlyinteresting
du318jd,First and probably only experience with A-PvP. I get it.,I liked his former partner Alice 😉,researchchemicals
du36own,First and probably only experience with A-PvP. I get it.,Snap outta what? I'm gravy. Chill troll!,researchchemicals
dug186j,NEW award winning dapp just launched - Introducing Axie Infinity,soooo crypto kitties+,ethtrader
duuzrhn,Ryan Reynolds In Deadpool Costume Walking Down A Scary Hallway,Damn he's getting old!,gif
duxgf2x,#3 heroin fesh out the package straight from The Netherlands!!,So your fucking heroin makes it through but my ketamine doesn't? Life's so unfair,opiates
duxoqfu,#3 heroin fesh out the package straight from The Netherlands!!,"My first pack actually made it.
the second one is a no show with no LL. bleh",opiates
dvws8jw,Drugs that makes you gayer than usual.,"If you ever IV'd that shit oh my fuck do anything to me.

Kills your veins though",researchchemicals
dw4c6q9,So when do we leave Reddit?,"You're right man. Reddit has been trash since they started banning subreddits. I used to love saying I was a redditor, now I bow my head in shame.
There seems to be a couple voat-things concerning the recent bans.",researchchemicals
dw4pqnd,Recent issues,"don't forget /r/fatpeoplehate

voat may be the new contender.",fentanyl
dw6m8uw,My lazy Sunday spot,The real reason for split keyboards,pcmasterrace
dw6t5n4,Club of Odd Volumes,Sounds cool but I'm definitely not smart enough for that club,boston
dwkuv2n,Such a long shot but emergency passport favor in Kyoto,Boston? Excellent transit? Don't make me laugh!,JapanTravel
dwmleh6,Mmmmm 😈💦,Bth? I assume?,opiates
dwmswzn,Wonder if it’s next door to Bob’s Burgers? Heard that slot was open again.,There's a legit one of these in a small town in S.E MA,BobsBurgers
dwoqgln,What all rcs have you tried vaping in pg,"YUP

Bought a half G of A-PHP IV'D  3 or 4 shots and after the fourth dumped that shit because I know I would have kept doing it all night and into the next day.

Fuck pyrrolidines",researchchemicals
dwq0e9b,Aaron Homoki vs Lyon 25,"grab


the grab

it's unlegit /s",skateboarding
dwr9t8w,Couple of tricks from the Easter sesh,Hubba Hubba!,skateboarding
dwt0tr8,Skillz,That dance is stupid af,whitepeoplegifs
dwwldwn,Skillz,Its probably a mix of a terrible song and how silly it is. I recently saw some usher do it and it looked half decent (on reddit somewhere) compared to the garbage I saw on YT.,whitepeoplegifs
