Submission_ID,Submission_Title,Submission_Text,Subreddit
3dh48c,My collection of boards!,Shapeshift rapes you with fees.,longboarding
3sm6p2,"I feel like this is Tinas favorite sub, booty smack",Shapeshift rapes you with fees.,NSFW_GIF
3ui1rd,I'm sick of this fuck boy shorted bag shit.,Shapeshift rapes you with fees.,opiates
4c6ljn,What are you wearing this Easter malefashionadvice,Shapeshift rapes you with fees.,malefashionadvice
6gxfrj,Block explorer saying I spend coin but I haven't,Shapeshift rapes you with fees.,siacoin
6gxhzi,I'm missing SC and what are these .6 transactions I'm not doing?,Shapeshift rapes you with fees.,siacoin
7bg7rl,Bout to dump my eth if goes below 285,Shapeshift rapes you with fees.,ethtrader
7c3b32,Shapeshift(ing) is expensive,Shapeshift rapes you with fees.,btc
7flb28,What Exchanges to use to withdraw USD in the US,Shapeshift rapes you with fees.,btc
