Comment_ID,Comment_Submission,Comment_Text,Subreddit
dv8q1hn,"After scouring yelp, I'm still in need of food and nightlife recommendations.",Thank you so much! The Wilmington yelp leaves a lot to be desired. I appreciate your specific responses.,Wilmington
dv9sfxt,"After scouring yelp, I'm still in need of food and nightlife recommendations.","We actually normally vacation there twice a year, but we decided to give Wilmington a second try. It's hard finding things to do online, so I'm very thankful for the help of Wilmington's reddit.",Wilmington
dvd70js,"After scouring yelp, I'm still in need of food and nightlife recommendations.","Thank you for that tidbit. I love my food, but enjoy my company more and pretty much hate over-loud restaurants.",Wilmington
dvpeckm,"After scouring yelp, I'm still in need of food and nightlife recommendations.",Wow. Thanks for that priceless advice. A+. Exactly what I was looking for.,Wilmington
dwpjwj9,"Best places to eat past 12? Dine-in, take out, or delivery.",Thanks!,Wilmington
dwplzn8,"Best places to eat past 12? Dine-in, take out, or delivery.",Thank you so much!,Wilmington
dwpm02w,"Best places to eat past 12? Dine-in, take out, or delivery.",Thank you!,Wilmington
dwqh7w2,"Best places to eat past 12? Dine-in, take out, or delivery.",That's the point. Go on vacation to be a Gremlin for a few days.,Wilmington
dwqhace,"Best places to eat past 12? Dine-in, take out, or delivery.",Thanks for that info!,Wilmington
dwqkbrl,"Best places to eat past 12? Dine-in, take out, or delivery.",Thanks!,Wilmington
dwrgkia,Info on these beauty's anybody ?me and a few friends had the weekend.. bangers in my opinion but anybody else had these ?👌,"I have these and the test straight to very dark purple. Haven't taken them, however.",MDMA
dwrhdjy,Really anxious my second roll won't live up to the first.,"Thank you! I think I'm better prepared this time so maybe my second will be better, too.",MDMA
dwriqje,Really anxious my second roll won't live up to the first.,"That's really great advice, actually. Last time it took three hours to kick in so I was getting pretty skeptical. This time, I'm skeptical going in the situation anyway.",MDMA
dwrjfzz,Husband can't take ecstasy with me. Which drug would be the best for him to take to enjoy the night as well?,"He's on an SNRI. The last time he rolled he refrained from his medication for a week but was absolutely miserable until the molly. So, so not worth it to him or me.",MDMA
dwrk4ex,Husband can't take ecstasy with me. Which drug would be the best for him to take to enjoy the night as well?,Pristique,MDMA
dwrk6wc,Really anxious my second roll won't live up to the first.,Thank you for the reassurance!,MDMA
dwrm081,Husband can't take ecstasy with me. Which drug would be the best for him to take to enjoy the night as well?,"He usually tires out of lsd after 6 hours or so and sleeps. Is meth a drug that enhances music or tactile appreciation, though? The closest we've come to meth is adderal which I suppose is pretty close, but it just seemed to make things clearer and more friendly-- a functional drug instead of a party one.",MDMA
dwrm34y,Husband can't take ecstasy with me. Which drug would be the best for him to take to enjoy the night as well?,"Also, we got good shrooms only once. After that our luck ran out with what we consider the most fun drug.",MDMA
dwrw6re,Husband can't take ecstasy with me. Which drug would be the best for him to take to enjoy the night as well?,That's a research chemical? I'll have to look into it.,MDMA
dwvr8xv,"Best places to eat past 12? Dine-in, take out, or delivery.",Thank you!,Wilmington
dwvra05,"Best places to eat past 12? Dine-in, take out, or delivery.",Thank you!,Wilmington
dwvrg97,Husband can't take ecstasy with me. Which drug would be the best for him to take to enjoy the night as well?,"He decided that he's definitely going to do the 2b next time. It's a little expensive and the practical, finance-minded side of him says we have way too much lsd to not use it this trip. 

Thank you so much for the suggestion! We would have never stopped and looked at 2b.",MDMA
dwvxhpk,What does a starter dose of supposed #4 heroin look like?,"That was not the vendor but the market.

I take hydros at 15-20mgs once a week or so. My husband doesn't do many opiates.",opiates
dwvyaq3,What does a starter dose of supposed #4 heroin look like?,"We can buy a scale, but don't own one. Does that dose look like a match head approximately?",opiates
dwvydfo,What does a starter dose of supposed #4 heroin look like?,Thank you and will do!,opiates
