Submission_ID,Submission_Title,Submission_Text,Subreddit
58jjkl,Has anyone noticed some of the non-premium seats being more narrow than others?,Thank you so much! The Wilmington yelp leaves a lot to be desired. I appreciate your specific responses.,canes
5bb7gl,Anyone ever spied a player out and about town?,Thank you so much! The Wilmington yelp leaves a lot to be desired. I appreciate your specific responses.,canes
5c9jq1,"Whatever it takes, right?",Thank you so much! The Wilmington yelp leaves a lot to be desired. I appreciate your specific responses.,canes
5ch4ax,Need advice on the Backyard Bistro Canes Corner next Thursday,Thank you so much! The Wilmington yelp leaves a lot to be desired. I appreciate your specific responses.,canes
5ch6no,Need some late night dining advice,Thank you so much! The Wilmington yelp leaves a lot to be desired. I appreciate your specific responses.,raleigh
5dp7on,Weird light in the SE sky last night.,Thank you so much! The Wilmington yelp leaves a lot to be desired. I appreciate your specific responses.,raleigh
5lfxmq,Anyone mad the Hollywood sign prankster didn't do Hollywoo instead?,Thank you so much! The Wilmington yelp leaves a lot to be desired. I appreciate your specific responses.,BoJackHorseman
5p76r4,Spotted in Myrtle Beach,Thank you so much! The Wilmington yelp leaves a lot to be desired. I appreciate your specific responses.,canes
5qq4ca,"Couldn't enter the ticket giveaway, but here's my cat Buffy using cat magic to keep herself upright.",Thank you so much! The Wilmington yelp leaves a lot to be desired. I appreciate your specific responses.,canes
5riptm,Prince Aho of Carolina,Thank you so much! The Wilmington yelp leaves a lot to be desired. I appreciate your specific responses.,canes
5rj24z,Where do you consider to be the best section in which to view a game?,Thank you so much! The Wilmington yelp leaves a lot to be desired. I appreciate your specific responses.,canes
5s58cc,Elite Sniper Ron Hainsey,Thank you so much! The Wilmington yelp leaves a lot to be desired. I appreciate your specific responses.,canes
5ss9qy,Prince Aho of Carolina,Thank you so much! The Wilmington yelp leaves a lot to be desired. I appreciate your specific responses.,sebastianaho
5upmen,Who's ready for Swagbastian Aho?,Thank you so much! The Wilmington yelp leaves a lot to be desired. I appreciate your specific responses.,canes
61bf5s,Anyone ever taken a camera in PNC?,Thank you so much! The Wilmington yelp leaves a lot to be desired. I appreciate your specific responses.,canes
61bfzp,Neighborhoods to explore on foot or by car,Thank you so much! The Wilmington yelp leaves a lot to be desired. I appreciate your specific responses.,raleigh
828lcx,"After scouring yelp, I'm still in need of food and nightlife recommendations.",Thank you so much! The Wilmington yelp leaves a lot to be desired. I appreciate your specific responses.,Wilmington
898ag6,"Best places to eat past 12? Dine-in, take out, or delivery.",Thank you so much! The Wilmington yelp leaves a lot to be desired. I appreciate your specific responses.,Wilmington
89k0nx,Really anxious my second roll won't live up to the first.,Thank you so much! The Wilmington yelp leaves a lot to be desired. I appreciate your specific responses.,MDMA
89kbtr,Husband can't take ecstasy with me. Which drug would be the best for him to take to enjoy the night as well?,Thank you so much! The Wilmington yelp leaves a lot to be desired. I appreciate your specific responses.,MDMA
8a54tx,What does a starter dose of supposed #4 heroin look like?,Thank you so much! The Wilmington yelp leaves a lot to be desired. I appreciate your specific responses.,opiates
8aem5z,An idiot needs help with pgp,Thank you so much! The Wilmington yelp leaves a lot to be desired. I appreciate your specific responses.,DreamMarket3
