Comment_ID,Comment_Submission,Comment_Text,Subreddit
dw1mef3,"Travelers if Reddit, what place made you think, ""I have made a huge mistake by coming here?""","Lol dont actually go to new delhi, especially alone as a white european traveler, when i studied abroad most of of the sexual harrassment from the trip happened there",AskReddit
dw481dr,Elon Musk wins approval for 'staggering' pay deal with potential $55bn bonus,"10%? From an engineering standpoint BEST CASE SENARIO, nothing goes wrong, if thats your best case senario, they are simply one catastrophic failure (recall, successful sue/suit, unfortunate death of a needed employee) from not even having a chance to make it. I give it like a 1 or 2 %",news
dw9n5yz,Feeling the urge to pee the moment you lie down in bed is the human equivalent of attemptig to shut down a computer with applications still running.,THANK GOD NOT THE ONLY ONE,Showerthoughts
dwd8lgz,"This woman’s family spent two weeks searching for her, before finding her body trapped behind a bookcase in her bedroom. She’d become stuck while plugging an electric cord in, and had been there the entire time.","Aint lean, no promethazine in her system unless it was the lame ass just codiene syurp, most likely she was popping Tylenol 3's",MorbidReality
dwdbb9g,"This woman’s family spent two weeks searching for her, before finding her body trapped behind a bookcase in her bedroom. She’d become stuck while plugging an electric cord in, and had been there the entire time.","Anti sezuire medication really, but yes",MorbidReality
dwdiyyz,"This woman’s family spent two weeks searching for her, before finding her body trapped behind a bookcase in her bedroom. She’d become stuck while plugging an electric cord in, and had been there the entire time.","On its own there is no abusable benefit, when combined with an opiate like codiene, its a potentiator and it increases euphoria, length, and makes you sleepy (like an allergy pill). Infact you can take benadryl with opiates as well and itll have the same effect, it also removes itchyness. It prevents seziures but in large doses.. causes sezuires",MorbidReality
dwf9k4e,I am the thing that goes thump in the night,A++++ TITLE,rs2vietnam
dwgxxyk,Blank prescription from Google images + 2 mins of photoshop = buying all the Xanax I want in Italy,"Ya lmao there was a gas station across the street in Cancun from my resort, and attached to the motherfucking gas station, is a doctor and pharmacy lmao",Drugs
dwh0gpy,What type of engineers travel the most?,"I thought so do, got into a consulting gig straight out of college. What they dont tell you about free trips to mexico, india, poland etc.. is that when you visit you're visiting factories, not the area by the beach, or the museums or even good resturants often. You will literally work 10 12 14 hour days frpm 5am to 7pm, contractors and consultants dont work for the company that they are at, so you often get immense pressure from your customer and dont even get me started on the field service guys, terrible family situations from being gone 24/7, and alcoholism, just get a good job and travel on your own often",AskEngineers
dwh4bnc,Second man sentenced for role in ‘life-shattering’ rape on St. Paul’s Harriet Island,Lol okay medical professional,news
dwhbzrx,Blank prescription from Google images + 2 mins of photoshop = buying all the Xanax I want in Italy,"Uhhh, i hope your buddy can speak english better than you spell since that might be why lol",Drugs
dwhfk71,Blank prescription from Google images + 2 mins of photoshop = buying all the Xanax I want in Italy,Ya in cancoon,Drugs
dwhpqk8,"Well, we have all been in this predicament.....","Lmao kid never has faked a drug test, not hard just bring a baby thermometer in with you dumbass",opiates
dwhuj14,"Well, we have all been in this predicament.....","I was clean for 58 days and still pissed dirty for thc, give me an option, i got an engineering job and rip drugs still fuck off, im prescribed lean and norcos so i could test dirty with opiates anyway",opiates
dwhxtgt,"Well, we have all been in this predicament.....","Read my fucking post you ding wit, i GET OPIATES PERSCRIBED. and yes i drank fucking water lol i was going on 7 years of smoking with the longest break no more then 36 hours",opiates
dwif1dk,"Well, we have all been in this predicament.....","Thanks for making fun of my debilitating allergies asshole,  good on you!",opiates
dwiyu13,"Well, we have all been in this predicament.....","I cant get allergy shots i get a reaction, im also allergic to all gluten, soy, rice, amd corn (corn syurp as well), ontop of cats, dust mites (literally dust), mold (the kind in shitty housing) so you have no idea what the fuck you are talking about and it makes me laugh at your ignorance",opiates
dwj131r,I do this 2-3 times a week..,"Child care in the US can cost 10k to 30k a year, sometimes if your partner only makes can make (30k-45k) and then after taxes (20-33k) barely covers the care, and dont get started on gas etc",AdviceAnimals
dwjaalf,I do this 2-3 times a week..,">My son is in one of the more expensive day cares in our city.  It's about $1200 a month.  I.e., if one spouse worked at McDonald's theyd still have cash left over after paying for this day care.  Day Care is pretty cheap.

Lemme get this straight you pay 1200 a month, so thats $14,400 a year and if you make minimum wage at mcdonalds but work full time (ill be generous even and give 10/hr at 40 hours a week which is honestly impossible at mcdonalds) that amounts to $22,400 a year before taxes after taxes its (14,918.40) but we'll say its 15k. That leaves you with 600$ a year for all other expenses, about 1.64 CENTS a day. I hope you take a good look at your finances and make sure you understand them.

And i also hope you start a nest egg for your children's educational future, god knows your parents didn't.",AdviceAnimals
dwjhwjf,I do this 2-3 times a week..,"Yes thank you, and to DiscoTut, no i didnt prove your point you still have to drive/bus/bike/walk  to work and no one is doing that on 1.64 a day",AdviceAnimals
dwjkq8e,The Road To 1.08 And The ARVN,Spine critical shots?! Yes momma,rs2vietnam
dwjkv2t,"Should the ""splat"" noise when you hit an enemy be in the game?","Exactly, i like knowing that my spray of bullets into a forest where i saw a muzzle flash actually did something",rs2vietnam
dwk3ctm,"Well, we have all been in this predicament.....","nah im prescribed lean because i get asthmatic attacks and can't breath and it helps me relax my throat and numb it since i cough so hard i occssionaly cough pieces of my throat tissue, but yeah thanks man lol",opiates
dwoa8pn,What is your most terrifying animal encounter?,"Or coyotes, boars, bobcat, occasionally bears who have eaten people",AskReddit
dwtblt5,"Did Anyone Get Their Tax Refund Money yet? I did at 4 Am. At 4:05 i called the dboy. Didnt spend a lot, trying to cut down and save $",It wont lol,opiates
