Submission_ID,Submission_Title,Submission_Text,Subreddit
1m9e2f,"Clean, fresh, yummy .","Lol dont actually go to new delhi, especially alone as a white european traveler, when i studied abroad most of of the sexual harrassment from the trip happened there",trees
1o3fqo,Kush comaaa,"Lol dont actually go to new delhi, especially alone as a white european traveler, when i studied abroad most of of the sexual harrassment from the trip happened there",trees
1wf9yr,Repping that good perpppp,"Lol dont actually go to new delhi, especially alone as a white european traveler, when i studied abroad most of of the sexual harrassment from the trip happened there",trees
7dnkn1,"Item Stuck in ""Thank you for your Purchase""?","Lol dont actually go to new delhi, especially alone as a white european traveler, when i studied abroad most of of the sexual harrassment from the trip happened there",Grailed
