Comment_ID,Comment_Submission,Comment_Text,Subreddit
dtxgyun,13 of the 15 highest rated passers in Super Bowl history won their games. The only two who lost: Matt Ryan last year and Tom Brady this year,"idk i feel like in today’s football, offense has been winning championships. The Eagles won because of their offense, we were torching their defense and vise versa. And we won because of our offense against the Falcons, and Super Bowl XLIX was a offensive Super Bowl too, but in the end our defense won us that game (Malcom Butler)",nfl
dtxhfrn,"With Greg Schiano remaining at Ohio State, it is expected that Brian Flores will succeed Matt Patricia as the Patriots' defensive coordinator.",wait... are you saying Kyle Van Noy is horrendous?? he stepped up big time when Hightower went out,nfl
dtxi8kc,Super bowl 53 predictions.,there’s no underdogs in the Super Bowl!!!,nfl
dtxj0cd,"Which team will be the ""surprise"" team that miraculously makes the playoffs after virtually no one saw this team making it","i think the Cardinals will make the playoffs. They’ll be getting a top 5 RB David Johnson back, they have the 2018 Sack leader in Chandler Jones. Larry Fitzgerald still looks really good too. They got a Top 3 CB in Patrick Peterson, and a Top 5 FS in Tyrann Mathieu. Damn the Cardinals have some good ass players.",nfl
dtxk9d3,13 of the 15 highest rated passers in Super Bowl history won their games. The only two who lost: Matt Ryan last year and Tom Brady this year,i agree. we’re also not even in the game against the Hawks or Falcons without Brady lol. Who had to make double digit comebacks in both those Super Bowls?... Tom Brady.,nfl
dtxmvhs,13 of the 15 highest rated passers in Super Bowl history won their games. The only two who lost: Matt Ryan last year and Tom Brady this year,"yeah the defense did win yalls SB in 2015, and no offense but Manning sucks in cold weather and he’s statistically just not good in the postseason, so y’all were bound to lose that game lol. I mean Brady beat that exact same team in the Super Bowl that next year (2014)
 Brady also beat the 2nd best overall, and #1 passing defense in the AFCCG, so.",nfl
dty49zd,"Source says agent Bob LaMonte, who represents Josh McDaniels, Colts GM Chris Ballard and many other coaches/execs, is terminating his relationship with McDaniels.","i love seeing that Colts flair. this is so awesome, let the hate run through you.",nfl
dty96ps,"Bob Quinn when asked if, after last night, there was any fear that Patricia would back out: “absolutely none”","are you talking about the Super Bowl or something lol? bc i’m not salty about that. Brady had a great game and furthered his legacy, so i’m satisfied. #GOAT",nfl
dtyb6pv,"Source says agent Bob LaMonte, who represents Josh McDaniels, Colts GM Chris Ballard and many other coaches/execs, is terminating his relationship with McDaniels.",i doubt his agent firing him is a big deal. he’ll just get another one lol,nfl
duca7w7,Tom Brady becomes last player from 2000 draft with his team,what?? Brady looked amazing in that game. i’m just gonna have to disagree with this whole comment man.,nfl
dunq9nh,Good or Bad,"go astros lmao, nice bro",opiates
dv5snei,"Me and my art, 6 years apart.",!remindme 6 years,pics
dvj4i2e,New best friend.,you ruined it,aww
dvj783g,New best friend.,"idk you just did. i read your comment, and it just... ruined it.",aww
dvj94nl,New best friend.,wow you’re actually frustrated lol.,aww
dvkpc9q,"[Schefter] Cardinals expected to release RB Adrian Peterson today, per source. Peterson has a $750,000 bonus due on the third day of league year, Friday, so Arizona saves money. But Peterson still could return to Arizona later, per source.",no way he did that last one lol,nfl
dvn06kv,"The Ravens are releasing RB Danny Woodhead, source said, for cap reasons. A gritty dude hits the market and is up for another payday.",“black guy pointing at head” lmao 😂😂😂,nfl
dvoihg9,I’m told Jordy Nelson knew he was being released and that he was already targeting the Patriots as a potential suitor. Makes a ton of sense,"yeah but Brady has more SB wins than any other QB ever, soooo i’m okay with it :) :) :)",nfl
dvug52l,is this pill a percocet??? N 6/3,he ded,opiates
dvxic05,"Breaking - Reports out of Oakland, recurring guest WR Cordarrelle Patterson expected to be traded to the Patriots per sources. Please credit",two totally different special team responsibilities. Slater doesn’t return,nfl
dvxt9di,"A new study on the personal values of Trump supporters suggests they have little interest in altruism but do seek power over others, are motivated by wealth, and prefer conformity. The findings were published in the journal Personality and Individual Differences.",lol i love this comment 😂,science
dw1v7h4,Adrian Peterson says Houston would be 'a perfect landing spot',douche,nfl
dw3ug6f,John Lynch admits Kyle Shanahan's initial 'master plan' was to get Kirk Cousins ... #49ers,this lol,nfl
dwn71v7,"I am Dwayne ""The Rock"" Johnson, here to answer all your jabroni questions about RAMPAGE and what I was cooking this whole time. AMA",where are the questions??????,movies
dwwhq7y,Learned this the hard way,what?...,opiates
