Submission_ID,Submission_Title,Submission_Text,Subreddit
644h5e,"Picture i took while i was on vacation in Portland, Oregon. Such a beautiful place to be. Overcast and rainy everyday, my favorite weather!","idk i feel like in today’s football, offense has been winning championships. The Eagles won because of their offense, we were torching their defense and vise versa. And we won because of our offense against the Falcons, and Super Bowl XLIX was a offensive Super Bowl too, but in the end our defense won us that game (Malcom Butler)",pics
644hic,"cool smoke spot while i was on vacation in Portland, Oregon. Such a beautiful place!","idk i feel like in today’s football, offense has been winning championships. The Eagles won because of their offense, we were torching their defense and vise versa. And we won because of our offense against the Falcons, and Super Bowl XLIX was a offensive Super Bowl too, but in the end our defense won us that game (Malcom Butler)",trees
64qd7a,i'm about to fly United right now (booked the flight before all this happened) and guess what?,"idk i feel like in today’s football, offense has been winning championships. The Eagles won because of their offense, we were torching their defense and vise versa. And we won because of our offense against the Falcons, and Super Bowl XLIX was a offensive Super Bowl too, but in the end our defense won us that game (Malcom Butler)",unitedairlines
65nmpk,"picture i took while hiking in Selinsgrove, Pennsylvania.","idk i feel like in today’s football, offense has been winning championships. The Eagles won because of their offense, we were torching their defense and vise versa. And we won because of our offense against the Falcons, and Super Bowl XLIX was a offensive Super Bowl too, but in the end our defense won us that game (Malcom Butler)",pics
65nnx7,"Shikellamy State Park. Union, Pennsylvania. [OC] [1080 x 1920]","idk i feel like in today’s football, offense has been winning championships. The Eagles won because of their offense, we were torching their defense and vise versa. And we won because of our offense against the Falcons, and Super Bowl XLIX was a offensive Super Bowl too, but in the end our defense won us that game (Malcom Butler)",ruralporn
65npcv,"Cannon Beach, Oregon. [OC] [8302 x 1794]","idk i feel like in today’s football, offense has been winning championships. The Eagles won because of their offense, we were torching their defense and vise versa. And we won because of our offense against the Falcons, and Super Bowl XLIX was a offensive Super Bowl too, but in the end our defense won us that game (Malcom Butler)",EarthPorn
65nr8e,"My buddy's pretty dog, Luna. She loves to play all the time. How could you say no to that face?","idk i feel like in today’s football, offense has been winning championships. The Eagles won because of their offense, we were torching their defense and vise versa. And we won because of our offense against the Falcons, and Super Bowl XLIX was a offensive Super Bowl too, but in the end our defense won us that game (Malcom Butler)",dogpictures
65ntxo,Luna always wants to play. I can't say no to that face.,"idk i feel like in today’s football, offense has been winning championships. The Eagles won because of their offense, we were torching their defense and vise versa. And we won because of our offense against the Falcons, and Super Bowl XLIX was a offensive Super Bowl too, but in the end our defense won us that game (Malcom Butler)",aww
65zwte,"Shikellamy State Park. Union, Pennsylvania.","idk i feel like in today’s football, offense has been winning championships. The Eagles won because of their offense, we were torching their defense and vise versa. And we won because of our offense against the Falcons, and Super Bowl XLIX was a offensive Super Bowl too, but in the end our defense won us that game (Malcom Butler)",pics
6dp4tr,[Help] My puppy chipped his tooth!,"idk i feel like in today’s football, offense has been winning championships. The Eagles won because of their offense, we were torching their defense and vise versa. And we won because of our offense against the Falcons, and Super Bowl XLIX was a offensive Super Bowl too, but in the end our defense won us that game (Malcom Butler)",dogs
6ir58v,My best friend Milo overflowing with happiness. He loves being with Dad in the truck.,"idk i feel like in today’s football, offense has been winning championships. The Eagles won because of their offense, we were torching their defense and vise versa. And we won because of our offense against the Falcons, and Super Bowl XLIX was a offensive Super Bowl too, but in the end our defense won us that game (Malcom Butler)",aww
6th3dj,i hit the junkie lottery today. 4mg Dilaudid,"idk i feel like in today’s football, offense has been winning championships. The Eagles won because of their offense, we were torching their defense and vise versa. And we won because of our offense against the Falcons, and Super Bowl XLIX was a offensive Super Bowl too, but in the end our defense won us that game (Malcom Butler)",opiates
6trb9p,picked up again from same dude as yesterday. only this time i got 20 for $20. so in all i got 50 dilly 4mg for $50. i'm a lucky ass dude lmao 😂,"idk i feel like in today’s football, offense has been winning championships. The Eagles won because of their offense, we were torching their defense and vise versa. And we won because of our offense against the Falcons, and Super Bowl XLIX was a offensive Super Bowl too, but in the end our defense won us that game (Malcom Butler)",opiates
6xo9hv,so is sn the way to go right now?,"idk i feel like in today’s football, offense has been winning championships. The Eagles won because of their offense, we were torching their defense and vise versa. And we won because of our offense against the Falcons, and Super Bowl XLIX was a offensive Super Bowl too, but in the end our defense won us that game (Malcom Butler)",PoppyTea
6ypbra,SN is backk!!,"idk i feel like in today’s football, offense has been winning championships. The Eagles won because of their offense, we were torching their defense and vise versa. And we won because of our offense against the Falcons, and Super Bowl XLIX was a offensive Super Bowl too, but in the end our defense won us that game (Malcom Butler)",PoppyTea
79j0fz,is SN any good right now?,"idk i feel like in today’s football, offense has been winning championships. The Eagles won because of their offense, we were torching their defense and vise versa. And we won because of our offense against the Falcons, and Super Bowl XLIX was a offensive Super Bowl too, but in the end our defense won us that game (Malcom Butler)",PoppyTea
7a5m2j,just got SN 7/25 and...,"idk i feel like in today’s football, offense has been winning championships. The Eagles won because of their offense, we were torching their defense and vise versa. And we won because of our offense against the Falcons, and Super Bowl XLIX was a offensive Super Bowl too, but in the end our defense won us that game (Malcom Butler)",PoppyTea
7a6qeq,ever since the drought.,"idk i feel like in today’s football, offense has been winning championships. The Eagles won because of their offense, we were torching their defense and vise versa. And we won because of our offense against the Falcons, and Super Bowl XLIX was a offensive Super Bowl too, but in the end our defense won us that game (Malcom Butler)",PoppyTea
7e4xc1,"im rollin on some really pure MDMA and kinda want to chat lol, anybody down to chat with me in the comments?....","idk i feel like in today’s football, offense has been winning championships. The Eagles won because of their offense, we were torching their defense and vise versa. And we won because of our offense against the Falcons, and Super Bowl XLIX was a offensive Super Bowl too, but in the end our defense won us that game (Malcom Butler)",Drugs
7fsxjk,"i want to stop, but it's so hard...","idk i feel like in today’s football, offense has been winning championships. The Eagles won because of their offense, we were torching their defense and vise versa. And we won because of our offense against the Falcons, and Super Bowl XLIX was a offensive Super Bowl too, but in the end our defense won us that game (Malcom Butler)",opiates
7g23tq,"guys i need some advice, please.","idk i feel like in today’s football, offense has been winning championships. The Eagles won because of their offense, we were torching their defense and vise versa. And we won because of our offense against the Falcons, and Super Bowl XLIX was a offensive Super Bowl too, but in the end our defense won us that game (Malcom Butler)",opiates
7j813x,"Mini Pill Porn! :) Got these 4mg Dilly's for $5 a piece, pretty good deal i'd say. how are my bropiates doing tonight??","idk i feel like in today’s football, offense has been winning championships. The Eagles won because of their offense, we were torching their defense and vise versa. And we won because of our offense against the Falcons, and Super Bowl XLIX was a offensive Super Bowl too, but in the end our defense won us that game (Malcom Butler)",opiates
7j8r4p,"those diluadids i got today have me nodding suuuupeer hard. i haven't actually nodded out in quite awhile, my pupils are super pinned too ! it literally took me 30 minutes to type this out guys.","idk i feel like in today’s football, offense has been winning championships. The Eagles won because of their offense, we were torching their defense and vise versa. And we won because of our offense against the Falcons, and Super Bowl XLIX was a offensive Super Bowl too, but in the end our defense won us that game (Malcom Butler)",opiates
7kazia,"this is the best coke ive gotten since i started using. you can't really tell in the pic, but it's pretty scaly.","idk i feel like in today’s football, offense has been winning championships. The Eagles won because of their offense, we were torching their defense and vise versa. And we won because of our offense against the Falcons, and Super Bowl XLIX was a offensive Super Bowl too, but in the end our defense won us that game (Malcom Butler)",cocaine
7w8gyr,how’s the seed situation right now? haven’t been in the game for a little while.,"idk i feel like in today’s football, offense has been winning championships. The Eagles won because of their offense, we were torching their defense and vise versa. And we won because of our offense against the Falcons, and Super Bowl XLIX was a offensive Super Bowl too, but in the end our defense won us that game (Malcom Butler)",PoppyTea
