Comment_ID,Comment_Submission,Comment_Text,Subreddit
dtarbur,Tennessee man flips car five times after letting 'Jesus take the wheel',"I came here to say that even a public defender will get that charge dropped, it's ridiculous.",atheism
dtark2p,Tennessee man flips car five times after letting 'Jesus take the wheel',I think pot isn't schedule II there but schedule I. The coke is for sure schedule II but any lawyer will get that dropped to possession.,atheism
dtasxmw,You can fit 60 grams of sugar into a 50 gram gummy bear,"Exactly, gummie bears are superior in every way possible to the worms. Why even discuss the worms?",facepalm
dtcpj0l,Houston stand up show- Absolute nightmare,You didn't comment because you saw people who shared your opinion getting down voted? Is a down vote that serious?,JoeRogan
dtdz1pf,What is something you can do that feels instantly great?,Thumb only has one interphalangeal joint and one metacarpal-phalangeal joint. The others two IP and one mp. The one you are popping on the thumb is the carpal-metacarpal joint though.,AskReddit
dtoymax,Joe Rogan Experience #1072 - Joey Diaz,Joey is so full of shit sometimes with his stories. He talks about the step dad making a phone call to put his jersey number in the number running lottery thing. Right after says the dude never used the phone or spoke next to a phone and use paper to do his numbers and would swallow it if cops were near. I like to listen to his stories and try to figure what percentage is bs. I'm thinking it's about 50% total.,JoeRogan
dtr1eze,"[/r/the_best_nsfw_gifs] guilty women, prisoner","Nope, close, Audry botoini (can't spell it)",porn
dtt9ef4,"[/r/the_best_nsfw_gifs] guilty women, prisoner",Wow. I get them confused if I can't see the face usually but I was almost positive it was Audry. Audrey has a much better face imo.,porn
du58yk6,German court rules Facebook use of personal data illegal,It's crazy to tell Facebook to fuck off when they say they want to mine (harvest?) your personal information?,worldnews
duw19t4,Do you believe in the buddhist hell as a physical realm ?,You should be read the book my short stay in hell. It really gets you thinking when it come to something lasting an eternity or just a really long time. There are amounts of time shorter than eternity that are fucking long.,Buddhism
dv50gcp,Redditors who only upvote and never comment: Why?,This post is a great way to get a good upvote to comment ratio if it can attract the people that it addresses.,AskReddit
dv50n8y,Redditors who only upvote and never comment: Why?,Someone has already responded with what I wanted to say because I always sort by hot and best and stuff like that instead of new which is usually total shit.,AskReddit
dva766a,"What is your “Oh shit, I’m an asshole.” moment?","Asking someone who is limping what is wrong with their foot doesn't make you an asshole unless you already knew why. You knew her enough to know her name so maybe if her limping isn't something new and she always did it then you asking that way is assholeish. Just asking though, that's far from being asshole and in way shows concern. I guess knowing someone enough to know their name but not notice they have cerebral palsy is self-centered enough to make you an asshole though if that helps.",AskReddit
dvzy1ig,All Dark Souls Bosses suddenly follow real world rules. Who's the hardest to beat?,Arrows destroy bone.,whowouldwin
dw8jthn,Captain America (MCU) vs Geralt of Riva,"Sans Thor? Did you mean to say ""everyone/anyone sans Thor"" or am I missing something?",whowouldwin
dw8p7fo,What do you have NO patience for?,Reenforce or enforce? I'm genuinely curious and may have a secondary question.,AskReddit
dwcddnc,"TIL there’s a type of honey called ""mad honey,"" which causes hallucinations. Honey hunters in Nepal make dangerous vertical climbs to harvest it since it sells for $60-80 a pound","It actual made me cry. It's a great episode committed to any episode of any show. I've used it to judge girlfriends to determine if they were heartless, cold, sociopaths or not.",todayilearned
dwdccru,"The super-rich have fast cars, private jets, many large homes, exclusive designer fashion, live-in chefs, original artworks, and the same phone as you.",Cathinones (if that's how you spell it) are the not same as the synthetic coke I believe. I think bath salts and the synthetic coke are based off of different chemicals.,Showerthoughts
dwqqp1e,Gunpowder pricing?,Tar in NY? Seems rare. I thought it was all ECP in NY?,opiates
dwrl6sl,An unpopular opinion: Weed is not that great and healthy,Where are you located? I've never heard the term leaf as a measurement.,Drugs
dwtnoyx,Anybody know what app is doing this? It just started and I haven't installed any new apps.,Es file explorer. It took me a while before I took the time to disable that stupid feature,androidapps
dwvzx9x,Protester holding sign,"I'm not a republican, spoiled or (very) greedy and I don't like being told what to do unless I'm very lazy and I'm being told what to do in every aspect like in boot camp for example. I think it's pretty normal not to like being told what to do because people like freedom and dislike being in slavery. Don't get me wrong there is some sort of feeling of being free (I guess freedom from having to make decisions) when you are told what to do with yourself and every decision made for you. Boot camp really was nice in that regard and was very meditative for me. I believe that's kinda the way the Soto school of Zen Buddhism operates for their monks. Although it might be Rinzai because I get the two confused but I think Rinzai is the one with koans and sudden enlightenment and all that jazz. So that's my very long response that was only meant to say that most people do not like being what to do no matter how much better they are than Republicans.",pics
dww41bq,Protester holding sign,You might not be because Louisiana isn't last in educational finding so other data on that poster may also be wrong but I haven't looked into it.,pics
dwwd4or,Anon smokes a joint,Typically a roach is the end of a joint or blunt and not the filter if you even add one. I doubt anyone is saying they smoke only resin soaked paper.,4chan
dwxr5mj,I feel like giving away some free silver...,I'm a Navy Vet that served for just shy of 6 years and was deployed twice in support of OIF. Once to Iraq and once to Qatar. I had a fine time in the Navy and I'll have a fine time if I win this silver.,Silverbugs
