Submission_ID,Submission_Title,Submission_Text,Subreddit
5s3mi8,Is there a anonymous way to check if a pistol you are buying is stolen?,"I came here to say that even a public defender will get that charge dropped, it's ridiculous.",guns
5sawf3,Question about a pistol brace,"I came here to say that even a public defender will get that charge dropped, it's ridiculous.",guns
5zw9xf,Making a jpeg appear as raw.,"I came here to say that even a public defender will get that charge dropped, it's ridiculous.",photography
63jidn,I'm making the dboy wait for me tomorrow,"I came here to say that even a public defender will get that charge dropped, it's ridiculous.",opiates
67mgy0,Can't find new s6 edge+,"I came here to say that even a public defender will get that charge dropped, it's ridiculous.",GalaxyPhones
681cup,S6 edge plus case,"I came here to say that even a public defender will get that charge dropped, it's ridiculous.",GalaxyS6
6dsv9x,Xpost from /r/travel,"I came here to say that even a public defender will get that charge dropped, it's ridiculous.",shittyHDR
6g6a7e,I need help finding the title to a story,"I came here to say that even a public defender will get that charge dropped, it's ridiculous.",Lovecraft
6s79r1,"Orange pill, maybe Facebook, that I can't identify.","I came here to say that even a public defender will get that charge dropped, it's ridiculous.",MDMA
6v8iv7,So my girlfriend and I can do shows and do basically whatever.,"I came here to say that even a public defender will get that charge dropped, it's ridiculous.",BitcoinGoneWild
6v9n5l,Cam shows,"I came here to say that even a public defender will get that charge dropped, it's ridiculous.",BitcoinBums
7210ul,Music singles on comedy specials,"I came here to say that even a public defender will get that charge dropped, it's ridiculous.",BillBurr
76lsct,Middle shit post,"I came here to say that even a public defender will get that charge dropped, it's ridiculous.",opiates
7803o9,Hairsytle name,"I came here to say that even a public defender will get that charge dropped, it's ridiculous.",malehairadvice
7b7fnm,Cheap 8 pin tubular pick/impressioning tool,"I came here to say that even a public defender will get that charge dropped, it's ridiculous.",lockpicking
7edtb5,Living in SE Asia,"I came here to say that even a public defender will get that charge dropped, it's ridiculous.",opiates
7eozbf,Triangular 2 pin vending machine lock,"I came here to say that even a public defender will get that charge dropped, it's ridiculous.",lockpicking
7jruuc,Medical? I'm an OIF Navy Veteran with PTSD and depression w/ an upcoming obstacle. I'm going to do something to make it though and experience more of life in an adventureus way. Just sharing would help.,"I came here to say that even a public defender will get that charge dropped, it's ridiculous.",Charity
7jthvo,Medical? I'm an OIF Navy Veteran with PTSD and depression w/ an upcoming obstacle. I'm going to do something to make it though and learn more about life in an adventureus way. Just sharing would help.,"I came here to say that even a public defender will get that charge dropped, it's ridiculous.",gofundme
7jtnfg,Medical? I'm an OIF Navy Veteran with PTSD and depression w/ an upcoming obstacle. I'm going to do something to make it though and learn more about life in an adventureus way. Just sharing would help.,"I came here to say that even a public defender will get that charge dropped, it's ridiculous.",Assistance
7na6mb,Arcade games in Lafayette,"I came here to say that even a public defender will get that charge dropped, it's ridiculous.",Acadiana
7p83cv,Greenwald mighty mini pick is supposed to defeat Ace in and possibly ace flex tubular locks but with knowing how it works I'm skeptical about purchasing. Does have info on how it works because can't find any?,"I came here to say that even a public defender will get that charge dropped, it's ridiculous.",lockpicking
7rgb9t,Would this technique work to defeat an ace ii or ace flex?,"I came here to say that even a public defender will get that charge dropped, it's ridiculous.",lockpicking
7stsqi,Request,"I came here to say that even a public defender will get that charge dropped, it's ridiculous.",sleepwithme
7udbaz,"Small, odd transcription for g.i.o. episode 815 at one hour 9 minutes and about 38 seconds. What is that phrase that the caller says?","I came here to say that even a public defender will get that charge dropped, it's ridiculous.",Loveline
