Comment_ID,Comment_Submission,Comment_Text,Subreddit
dvxazhd,"[Post Game Thread] #9 Kansas State defeats #16 UMBC, 50-43",The rarest of rare puppers,CollegeBasketball
dvxjf4t,Edward Snowden: Facebook is a surveillance company rebranded as 'social media',"I agree that corporate data collection has a lot of positive traits, and it isn't inherently bad. You said you believe the issue is when companies don't anonymize the data. I would argue that the norm is for these companies to pass that responsibility onto the consumer, and with so many interconnected profiles linked to our real identities, staying anonymous is near impossible. Consciously or not the majority of people give up their anonymity for the sake of convience.",worldnews
dw4s2fk,Eagles sign Mike Wallace,Corey Clement,nfl
dw4sda1,Eagles sign Mike Wallace,As is tradition in Philly. The past year has been.....surreal,nfl
dw7wt75,Young Jeezy - Seen It All (feat. Jay Z),Now the nets a stone's throw***,hiphopheads
dw88gmq,Been meaning to say something about this a long time. Vein in my inner right arm had been slightly puffy like this for a while. Doesn’t hurt or anything and no visible track marks. Not trolling but anyone else have this/should I be concerned?,I have that. Its scar tissue. Try rotating injection sites. I'm pretty sure its harmless but I'm not exactly a bastion of good health. you might want to not hit there for a while to let it heal.,opiates
dwbd2ba,Opiates or a girlfriend,Opiates. Every single time. Without hesitation or second thought. I Wonder why I'm single.,opiates
dwcamzr,Post game thread: WHO UP! FULTZ IS FINALLY BACK AND THE SIXERS WIN THEIR 7TH IN A ROW AGAINST THE DENVER NUGGETS,WE'RE BUZZIN BOIS!! Such an incredible atmosphere tonight. How can you not love this team,sixers
dwf2zzp,RIP OldRapGroup,.,opiates
dwk8p2d,First time help me please! :),I wouldnt suggest trying opiates and I absolutley wouldnt suggest driving while high. Especially your first time. 15 mg should be a good first dose tho. Also Norco not narco. Good luck OP,opiates
dwmwjse,Do y'all prefer taped stamps (no Ziploc) or untaped bags with the Ziploc double-baggie?,Absolutley hate taped bags. I can never open them quickly. Where I'm at its all mini ziplocs and I can open them instantly. Trying to fuck around with a taped bag while in severe wds is a fickle bitch. The extra layer of Ziploc is a godsend on the snow or rain too.,opiates
dwnblou,I think I'm the only one who wants fenty-dope,"Oh contraire! Fent will not save you money and quickly reaches a point of diminishing returns. It wears off super fast, causing you to redose frequently while also making your tolerance skyrocket. Also a fent high isn't very euphoric and its just kind of an overwhelming tiredness with nausea in my experience. If all of that wasnt shitty enough Its so fucking deadly. To each their own but fent is the absolute worst and I hate how much it has fucked up the game. All for a worse high too.",opiates
dwnbqep,Policy Change regarding human consumption,Kicker. Please say April fools.,opiates
dwnidsp,What's everybody doing for Easter?,Just laying around thinking about what a piece of shit I am.,opiates
dwnifdf,What's everybody doing for Easter?,BAN ME THEN AUTOMOD YOU WONT,opiates
dwol7mu,Put on naltrexone for fibromyalgia... is this going to fuck my relapse,"Wow that REALLY sucks. Obviously I'm no doctor just a junkbox on the internet but if you plan on continuing using opiates, you cant take naltrexone or it will fuck you up BAD. If memory serves they(doctors) make you wait 7-10 days after your last dose before you can even start naltrexone. Sorry OP.",opiates
dwply2b,[Post Game Thread] #1 Villanova defeats #3 Michigan 79-62 to win the National Championship,Happy cake day!,CollegeBasketball
dwplz6q,[Post Game Thread] #1 Villanova defeats #3 Michigan 79-62 to win the National Championship,Ouch,CollegeBasketball
dwpmdgg,The 1% grabbed 82% of all wealth created in 2017,Time to revolt fellow peasants!,worldnews
dww7zuh,"I need to quit, at least for awhile. What has worked for you?","Kratom probably is available to you OP. Check the Kratom sub. Xanax has always helped me with the sickness. Just get high on benzos and weed for a week and your in the clear With minimal pain. That's what works for the sickness in my expirenece. With the mental part, working out, playing xbox and surrounding yourself with friends, if possible. I mean...I dont have any friends but it sounds like it would help lmao",opiates
dwwd4f6,Feelsgoodman.jpg,Be careful OP thats such a dangerous combo. BUT GODDAMN DO I LOVE IT! POP XANS SHOOT DOPE TILL I MUTHAFUCKIN DIE (which is hopefully soon),opiates
dwwddqm,Fentanyl transdermal system 100 micrograms an hour for 72 hours,"Agreed. The fentanyl high is trash anyway, by far the least euphoric opiate I've ever done. With no tolerance it'll probably just make you super sick/puke a bunch. and probably kill you. that's not even hyperbole. Fent has killed SO many people, people with years and years of tolerance and harm reduction knowledge. Do NOT take it. Trade it. The person above me is 100% right. I just had to second what he said to reiterate that fentanyl in any form is not to be fucked with in any place that isnt a hospital.",opiates
dwwr4hd,Is making the jump from prescription pills to heroin really as big of a deal as it's made out to be?,Agreed. And the jump to the needle will speed up that downward spiral exponentially as well. But nosecandiez how are you doing? Are things still going well?,opiates
dwwr8r0,Appearing in court tomorrow for sentencing on first and only possession charge...,As your junkbox internet lawyer I would advise against that. Tell them what they want to hear or dont say anything at all. Now is not the time to protest.,opiates
dwx6eep,2-mcf? Fentanyl analog..proper disposal?,Mail it to me.... Ill dispose of it properly,opiates
