Submission_ID,Submission_Title,Submission_Text,Subreddit
5d1tpt,"A long time lurk I'm finally trying to join the r/opiates fam, and a question regarding opiophile",The rarest of rare puppers,opiates
6sfmm1,The best day of my life: the ultimate come up,The rarest of rare puppers,opiates
6sr2jg,The Ultimate come up part 2: Shit gets real in suburbia,The rarest of rare puppers,opiates
6t3pru,Burnt for my freedom: just call me sicky minaj,The rarest of rare puppers,opiates
76fw1a,Dopefiend type longreads/blogs?,The rarest of rare puppers,opiates
7dwqed,is it plausible/legal to livestream my addiction,The rarest of rare puppers,opiates
7nv13u,So frustrating trying to get to treatment,The rarest of rare puppers,opiates
7o5wi7,I'm still not in rehab....... Update from yesterday,The rarest of rare puppers,opiates
82rpyv,Just fell into the toilet,The rarest of rare puppers,opiates
