Submission_ID,Submission_Title,Submission_Text,Subreddit
6k1vor,Are there any PvM clans that would take me?,"I am currently on methadone (4.5mg after 3 years) and have a script for valium for my anxiety. 

The doc said its a benzo free clinic unless you need a valium taper (for benzo withdrawal) but i went through extensive tests to get diagnosed with anxiety and my is finally cracked. I did have all my take home but i guess the rule is (could be different by the clinic) thst if you have a benzo script, you are only allowed three take homes max.",2007scape
6suq93,905???,"I am currently on methadone (4.5mg after 3 years) and have a script for valium for my anxiety. 

The doc said its a benzo free clinic unless you need a valium taper (for benzo withdrawal) but i went through extensive tests to get diagnosed with anxiety and my is finally cracked. I did have all my take home but i guess the rule is (could be different by the clinic) thst if you have a benzo script, you are only allowed three take homes max.",xanax
712aem,Methadone dose is too low. Need some suggestions,"I am currently on methadone (4.5mg after 3 years) and have a script for valium for my anxiety. 

The doc said its a benzo free clinic unless you need a valium taper (for benzo withdrawal) but i went through extensive tests to get diagnosed with anxiety and my is finally cracked. I did have all my take home but i guess the rule is (could be different by the clinic) thst if you have a benzo script, you are only allowed three take homes max.",Drugs
73nhd9,Question - Kratom and opiate withdrawal,"I am currently on methadone (4.5mg after 3 years) and have a script for valium for my anxiety. 

The doc said its a benzo free clinic unless you need a valium taper (for benzo withdrawal) but i went through extensive tests to get diagnosed with anxiety and my is finally cracked. I did have all my take home but i guess the rule is (could be different by the clinic) thst if you have a benzo script, you are only allowed three take homes max.",kratom
7569gv,Ello druggit,"I am currently on methadone (4.5mg after 3 years) and have a script for valium for my anxiety. 

The doc said its a benzo free clinic unless you need a valium taper (for benzo withdrawal) but i went through extensive tests to get diagnosed with anxiety and my is finally cracked. I did have all my take home but i guess the rule is (could be different by the clinic) thst if you have a benzo script, you are only allowed three take homes max.",Drugs
756rra,Posted earlier need help (check esrlier post),"I am currently on methadone (4.5mg after 3 years) and have a script for valium for my anxiety. 

The doc said its a benzo free clinic unless you need a valium taper (for benzo withdrawal) but i went through extensive tests to get diagnosed with anxiety and my is finally cracked. I did have all my take home but i guess the rule is (could be different by the clinic) thst if you have a benzo script, you are only allowed three take homes max.",Drugs
7dxezs,Powder heroin,"I am currently on methadone (4.5mg after 3 years) and have a script for valium for my anxiety. 

The doc said its a benzo free clinic unless you need a valium taper (for benzo withdrawal) but i went through extensive tests to get diagnosed with anxiety and my is finally cracked. I did have all my take home but i guess the rule is (could be different by the clinic) thst if you have a benzo script, you are only allowed three take homes max.",opiates
7hd847,Smoking a nicotine patch?,"I am currently on methadone (4.5mg after 3 years) and have a script for valium for my anxiety. 

The doc said its a benzo free clinic unless you need a valium taper (for benzo withdrawal) but i went through extensive tests to get diagnosed with anxiety and my is finally cracked. I did have all my take home but i guess the rule is (could be different by the clinic) thst if you have a benzo script, you are only allowed three take homes max.",Drugs
7l1vc5,This sub is so interesting to me (ex fentanyl user),"I am currently on methadone (4.5mg after 3 years) and have a script for valium for my anxiety. 

The doc said its a benzo free clinic unless you need a valium taper (for benzo withdrawal) but i went through extensive tests to get diagnosed with anxiety and my is finally cracked. I did have all my take home but i guess the rule is (could be different by the clinic) thst if you have a benzo script, you are only allowed three take homes max.",fentanyl
7liz5x,White Pfizer X2 bars,"I am currently on methadone (4.5mg after 3 years) and have a script for valium for my anxiety. 

The doc said its a benzo free clinic unless you need a valium taper (for benzo withdrawal) but i went through extensive tests to get diagnosed with anxiety and my is finally cracked. I did have all my take home but i guess the rule is (could be different by the clinic) thst if you have a benzo script, you are only allowed three take homes max.",Drugs
7nr8xs,Pathetic,"I am currently on methadone (4.5mg after 3 years) and have a script for valium for my anxiety. 

The doc said its a benzo free clinic unless you need a valium taper (for benzo withdrawal) but i went through extensive tests to get diagnosed with anxiety and my is finally cracked. I did have all my take home but i guess the rule is (could be different by the clinic) thst if you have a benzo script, you are only allowed three take homes max.",2007scape
7qc6l9,Green Xanax S 90 3,"I am currently on methadone (4.5mg after 3 years) and have a script for valium for my anxiety. 

The doc said its a benzo free clinic unless you need a valium taper (for benzo withdrawal) but i went through extensive tests to get diagnosed with anxiety and my is finally cracked. I did have all my take home but i guess the rule is (could be different by the clinic) thst if you have a benzo script, you are only allowed three take homes max.",Drugs
7vzwps,Blow,"I am currently on methadone (4.5mg after 3 years) and have a script for valium for my anxiety. 

The doc said its a benzo free clinic unless you need a valium taper (for benzo withdrawal) but i went through extensive tests to get diagnosed with anxiety and my is finally cracked. I did have all my take home but i guess the rule is (could be different by the clinic) thst if you have a benzo script, you are only allowed three take homes max.",Drugs
80g0hs,12mg hydromorph continue (beads),"I am currently on methadone (4.5mg after 3 years) and have a script for valium for my anxiety. 

The doc said its a benzo free clinic unless you need a valium taper (for benzo withdrawal) but i went through extensive tests to get diagnosed with anxiety and my is finally cracked. I did have all my take home but i guess the rule is (could be different by the clinic) thst if you have a benzo script, you are only allowed three take homes max.",opiates
84g93e,Weird imprint on a pill,"I am currently on methadone (4.5mg after 3 years) and have a script for valium for my anxiety. 

The doc said its a benzo free clinic unless you need a valium taper (for benzo withdrawal) but i went through extensive tests to get diagnosed with anxiety and my is finally cracked. I did have all my take home but i guess the rule is (could be different by the clinic) thst if you have a benzo script, you are only allowed three take homes max.",opiates
