Comment_ID,Comment_Submission,Comment_Text,Subreddit
dwslyii,Kratom Recall?,"Very well could be just one vendor. Im actually on a job site so didn't really have time to do any further research on it. Elliot in the morning certainly made it sound serious. ""This is a huge blow to the Kratom market, right?"" Wasn't really sure about he details.",opiates
dwsv6gl,Kratom Recall?,"Have waaaay to many personal examples of this lmao. Had to stop doing anything in excess of like a quarter of a 2mg bar. That much helps with anxiety, anything over that and who knows where I'll wake up.",opiates
dwwrixn,"Went to bed super high, woke up not feeling so hot",This happens to me constantly. Always wonder if it's an opiate hangover or just dehydration or what.,opiates
dwxsukh,"Went to bed super high, woke up not feeling so hot","Yeah ive taken to drinking a few bottles of water throughout the evening and one before bed, but if I try to fall asleep via nod then I usually wake up with a headache no matter what . Pretty damn annoying",opiates
