Comment_ID,Comment_Submission,Comment_Text,Subreddit
dwajgrg,CONSENSUS 2018,What is that?,BytecoinBCN
dwajyza,Why do the devs refuse to coin burn.,"The coins will be totally mined in probably 1-2 years and there's also the issue of coins being lost forever, etc.",BytecoinBCN
dwak5zh,Denied Oxycodone by Physician,"yeah man, its ok. as soon as I left I went and got a gram of heroin to cure my depression.

fucking doctors think they're some kind of gatekeeping gods of opiates.  guess what? they're fucking not.

i got high anyways. so fuck em all.",opiates
dwdcse9,44 Hours Since Last Use: STILL Not Dopesick!,"I'm not complaining or anything.  I'm gonna just ride this out and see if I even get sick.  Maybe I won't get sick this time (yeah, right!) but if I don't get sick I'm just gonna use this as a golden opportunity to quit.  But, really, I should be sick asf right now.",opiates
dwddmsw,44 Hours Since Last Use: STILL Not Dopesick!,"I use everyday. Now, I was just doing overpriced Roxy's and the weeks and days prior to using the h so I'm an everyday user and I'm still not sick.. I usually get dope sick or begin to get Dope Sick within 8 hours of my last use",opiates
dwdh6mv,44 Hours Since Last Use: STILL Not Dopesick!,"I've been awake for a couple hours now and still don't feel the slightest hint of withdrawal.  I want to use, obviously, out of habit but I feel *fine*.  Strange.",opiates
dwdmf0h,44 Hours Since Last Use: STILL Not Dopesick!,Still not feeling the slightest hint of withdrawals 47 hours out.  I go as far to say is I still feel a little Dopey.,opiates
dwdykwt,44 Hours Since Last Use: STILL Not Dopesick!,I'm ~50 hours out and feel nothing.  WTF?  I was looking forward to the withdrawal so I had a reason to get high.,opiates
dwe4how,44 Hours Since Last Use: STILL Not Dopesick!,I keep thinking I'm feeling sick but I'm really not.  I'm a masochist and like getting dope sick because it feels so nice to get well after you are desperately ill.,opiates
dwebeih,44 Hours Since Last Use: STILL Not Dopesick!,"30-60mg a day, snorted.  I'm starting to yawn a bit and have minor, occasional muscle aches but I'm 55+ hours out now and still feel ""OK"".  Strange.",opiates
dwf0bxu,44 Hours Since Last Use: STILL Not Dopesick!,"Well, I began to feel a bit of withdrawal around 8PM.  I slept OK last night considering.  Withdrawal isn't too bad.  A little nausea and some chilll bumps but nothing insane.  Last time I used was Sunday around 4pm.  So from the time from last use until first feeling of withdrawal was ~53 hours.  I definitely got a bit of gagging/hacking and chill bumps and watery eyes this morning (basically day 3 now) but honestly I could handle this if I wanted to.

I'm gonna try and get high today.  Might not happen but I'm gonna try anyway.",opiates
dwf54fl,Bytecoin is up 15%!,No idea.,BytecoinBCN
dwl0jjz,Is Garlicoin dead/dying?,Selling off your mined coins may be one reason the price is dropping.,garlicoin
dwl2vw3,"10 minutes, papi",Did you get your dope yet?,opiates
dwls5ux,"10 minutes, papi",I *HATE* motherfuckers like that!!!,opiates
dwnh32z,Direct mining VS Browser Miner - Which is better?,The browser miner transparently exchanges XMR for GRLC on the fly.,garlicoin
dwnkh7g,Direct mining VS Browser Miner - Which is better?,I use XMRig but haven't tried mining GRLC with it yet.  Been mining BCN and Aeon.,garlicoin
dwnmuce,Sick on easter,Not me!  Wasted asf atm,opiates
dwnn0v4,My Buddy Claims This Was Half a Point - He's Retarded as FUCK,How much does this look like?,opiates
dwnn2i4,My Buddy Claims This Was Half a Point - He's Retarded as FUCK,I drove my friend to pick up a point and he gave this to me saying he saw his buddy weigh it out and that it was at least a .04 if not a .05!  I hate deceitful motherfuckers trying to lure me out as a ride to get fucked over.,opiates
dwnnfvd,My Buddy Claims This Was Half a Point - He's Retarded as FUCK,It's just the camera.  It's really brownish-tan IRL.  I took a close-up of the line but it's really small in person.  It really doesn't look like anything near half a point.  Look at the penny for size reference.,opiates
dwpjtwz,"Everyone wants to moon but no one votes , shame on you",Votes from non-verified emails will not be counted.,BytecoinBCN
dwpmu2f,3gs of the best black tar in the whole city 🎱,Have you tried to make monkey water out of some of it??,opiates
dwtt5ty,Is anyone else missing payments from Bytecoin Party?,I haven't had any issues with bytecoin.party sending payments to me in the last few days.  Hopefully you have the hash from the transactions in question.  Check the blockchain.  Make certain your wallet is sync'd up to the latest block (or at least the block where your payments are).  Also make sure that the address was correct for those payments.  I'll take a look at the blockchain if you post the Tx hash.,BytecoinBCN
dwwynl2,Looking to mine Bytecoin again.,"I concur.  Bytecoin.party allows me to mine 50 BCN a day on my i7 4770.  Minergate, on the other hand, only allowed me to mine 20 BCN every 2 days.  Huge difference, same hardware.b",BytecoinBCN
