Submission_ID,Submission_Title,Submission_Text,Subreddit
80twqn,Send Me Bytecoin,What is that?,BytecoinBCN
80tysc,It's a Doge eat Doge world out there,What is that?,dogecoin
811iar,Bytecoin Price Predictions??,What is that?,BytecoinBCN
81uacq,Things that you do only when you're high?,What is that?,opiates
82cu9w,GRLC Web Miner Broken?,What is that?,garlicoin
84ypng,Things you do when dope sick?,What is that?,opiates
859cp9,Shit St. Pat's Day,What is that?,opiates
85dyfh,Is Aeon dead/dying? Serious question!,What is that?,Aeon
85xf52,"Was dope sick, just got high!",What is that?,opiates
86hrwi,What if the entire planet was made of pure oxycodone?,What is that?,opiates
86mfgi,Oxycodone is the greatest thing mankind has ever created,What is that?,opiates
86tfra,Denied Oxycodone by Physician,What is that?,opiates
87juxi,44 Hours Since Last Use: STILL Not Dopesick!,What is that?,opiates
87s9cn,Bytecoin is up 15%!,What is that?,BytecoinBCN
883dmf,I'm about to snort some dope,What is that?,opiates
88eu1c,Is Garlicoin dead/dying?,What is that?,garlicoin
88tddq,Mining Bytecoin & Payment Threshold Amounts,What is that?,BytecoinBCN
88v9jo,Direct mining VS Browser Miner - Which is better?,What is that?,garlicoin
88vzus,My Friend Said This Was Half a Point. He's Mentally Challenged asF,What is that?,opiates
88w1ax,My Buddy Claims This Was Half a Point - He's Retarded as FUCK,What is that?,opiates
899pty,I don't care. Wanna know why?,What is that?,opiates
89pmon,Nothing like waking up sick with a hit just waiting,What is that?,opiates
89vnca,Come drop by the Official Bytecoin IRC Channel!,What is that?,BytecoinBCN
89wc29,What Happens To BCN Price When BCN is 100% Mined?,What is that?,BytecoinBCN
8a30qw,Afternoon treat! A fat point! And I'm so sick (not for long!),What is that?,opiates
