Comment_ID,Comment_Submission,Comment_Text,Subreddit
djozvuw,Poppies! Poppies will put them to sleep...sleeeeeep,"Wow this is a great photo thanks for sharing,, maybe not fall asleep in the poppy field or you will wake up with a head ache lol",opiates
djp0ito,Successful and Opiate User?,"So I already had a college degree and a decent office job that involves being on a computer every day when I started daily use. I would consider myself successful for being mid twenty something male in the US.. (own a home, car, all bills paid, no excessive credit card debt, no kids, social life and many friends.. etc..) but not as happy as I once was. Chasing the high has become extremely old and my dependency won't let me away.  

Unlike you I just liked to party and get fucked up so I had no real business taking oxy and then dope when the pills ran out, so only myself is to blame. 

I do think that it is possible to be successful and achieve your goals but it will be challenging. Make sure you keep yourself a backup stash so you can get well on days you are out and need to work. Maintain a healthy diet. Exercise regularly. Do not isolate yourself from friends and family. Keep your work routine the same (don't start showing up late, leaving early, long lunch breaks).

Just know that it is possible to do, and if you can get a job programming or any type of computer gig you should be able to maintain pretty well.

Good luck I hope you can manage your pain successfully and just know that if you ever feel like the opis are getting out of control that there are people who care and will help. You're not in this alone.",opiates
djquhm7,I'm off to detox,"That's awesome man, sounds like you'll be having a dope last night.

Probably shouldn't be sneaky during detox. I always think that getting clean isn't only about not using, but also being honest and considerate. 

But if you like to keister stash then by all means, jam that Kratom in there.

By the way, do you happen to know the difference between jam and jelly?",opiates
djqyn5e,I'm off to detox,"Ahh I see, well in that case I can totally see why you would want to bring that.

Jam as in ""Oliver jammed that ball right in the hole.""

But the joke is..
""hey do u know the diff btwn jam & jelly?""
""no, wtf you talking about?""
""...I can't jelly my dick right up your ass!""

Kinda lame but I just got 2 bricks and a ball so weeeeee, happy and safe night y'all!",opiates
djrmx6a,Galaxy Hat Press Settings,"Between 325 and 350 degrees
15 seconds firm pressure

Let the transfer cool down before you peel it off, if you peel hot it can pick up the edges of the print.

That should work, good luck!",SCREENPRINTING
dkcsrrn,"hi, its me, one post then im gone, it gets alot worst for vae","I'm so sorry for your loss. I've always enjoyed reading your posts man. You are a good guy. Things will get better, just keep pushing man.. you got this. We are all on your side.
.",opiates
dkcswgr,"Homeless Heroin addict and all around degenerate does AMA on /r/opiates, fellow junkies give him shit for being a deadbeat dad",RIP,Drama
dkolapk,Now that is a speeeedballl. 8 bag shot + 1/4 g coke,"Wow that's definitely a speeeedballl. Be safe man I enjoy reading your posts here!

I am curious to know how many reddit accounts you have by now. What happens to them? Do you just forget the password and make a new one? Hehe",opiates
dmc8mgy,"hey guys. i just wanted to introduce the newest addition to my family! 😍 my boyfriends daughter named HIM Bubbles lol..?! (she's 5) so my bf and I decided we will call him Bubz. although i've started calling him Bubzy, bc it's way cuter heheh :)",Is he a tuxedo style? I adopted two tuxedo brothers from the shelter and they are literally the greatest. Congrats!,opiates
dmh812o,Frank is an old guy and is missing more than a few teeth and often ends up with a blep,Wow this just made my day thank you. Frank is such a good boy,Blep
dod1n7s,"Today is Saturday, October 14th. Do you want to water the plant today?",No,takecareofmyplant
dod1t63,"The download code card that I got with a record I bought had wildflower seeds imbedded in it. If you plant it, they will actually grow!",Today I fell in love with a plant named Jeff,mildlyinteresting
dp1q6na,"What's better than dope? Eating like a king AND dope😍 (I'm a big fan of fruit, and you all should be too.) P.S.: nothing helps withdrawals quite as much as eating fresh fruit as soon as you can keep it down. P.P.S.: ain't nobody tryna fuck wit scurvy, mate","Wow those are literally ALL of my fav. fruits right there. 
Blackberries, strawberries, raspberries, and blueberries. If only that was a pepperoni style lunchable it would be 10/10. 

Hey man nice shot, what a good shot man.",opiates
dp2m370,Loaded a bunch of emulators and ROMs on my phone,"Nice that's pretty cool. I'm surprised a phone is able to run N64 emu/roms. What phone do you have?

I used to do that stuff on my phone too.. had the Pokémon gameboy games.. my phone would get so hot it was crazy. 

Anyways these days I've moved onto raspberry pi 3, running Retro Pie. It's an Ubuntu based operating system (Linux) that makes running multiple emulators super simple. Now I have almost every game for all the classic systems, NES, SNES, All Gameboy except 2/3 DS, Sega Genesis, PlayStation, and SOME N64 games work. 

Definitely check it out if you're into that kinda stuff, so much fun.. I'm about to go play some Gunstar Heroes on Sega or maybe CTR on PlayStation.

There's tons of options out there now for emulators if you ever move past the phone setup.",opiates
dp2m5rc,Loaded a bunch of emulators and ROMs on my phone,LOL I just posted about Retro Pie hahah didn't even see you posted this! I'm sure there are so many of us it would be legit,opiates
dp4gdng,"Eric Erlandson of the band Hole talks about Hole, Kurt Cobain and Courtney Love ""deep down inside courtney is a sweet little kitten"" (from 2012 but interesting read that i just dug up)",Hmmm this isn't about Hole or Kurt,opiates
dp8644h,Advice on klonopin + vicodin?,"I wouldn't man... low tolerance plus what you described might just put you to bed. If you do decide to, remember less is more. You can always add more, but once you ingest it, you can't go back. Also consider having someone sober/not as fucked up to be there with you.",opiates
dp872v4,Advice on klonopin + vicodin?,"Right he would be fine, but he'll probably fall asleep though and waste it? Just an opinion",opiates
dpbhe8w,Advice on klonopin + vicodin?,Ahh sorry didn't mean to assume your gender!,opiates
dqurofn,I might die in a fire today.,Good luck I hope you all make the right decision and get out of there!!,opiates
dwnps5b,"Happy April Fool's, guys.",Wow was just telling my friend about the new changes.. whipped out my phone to show the AutoMod. msg... and damn... got me good.. right in front of my homie...,opiates
dwnpvzg,How to tell my dealer I'm pregnant?,100% April fools joke... come on people wake up,opiates
