Comment_ID,Comment_Submission,Comment_Text,Subreddit
dt4t0bw,I love reup day,God damn I love weed,DrugStashes
dtryw0b,Phenibut + Diazepam?,How much diazepam?,benzodiazepines
dvgl9at,4 point hot rail done proper. 😇,I think it gets you higher due to lungs being the best ROA besides direct IV'ing. I however can't speak from experience. Can someone who knows please confirm or deny?,DrugStashes
dvp07m7,My all time personal best,Definitely Drugs*   I fixed it for you,DrugStashes
dvpn1kb,My all time personal best,Allegedly on drugs lol,DrugStashes
dwxfreh,I never loved pink so much 💕 she took off one of my doses a day but at least I still get 90. She told me I'm too young to need that much 😂.,Which pharmaceutical are these?,opiates
