Comment_ID,Comment_Submission,Comment_Text,Subreddit
dru5s3i,"24mg of hydromorphone, can I snort it? Or just take it orally? Also got Xanax and temazepam to go w it.",Waste to do anything besides iv those.,opiates
ds0as9x,Dilaudid tolerance,Do at least 6 I’d go with the normal dose honestly. Unfortunately I’m forced to take breaks for a month or two quite often and I’ll always shoot 8-10 mg’s when I get em again.,opiates
ds1v18o,First time dilly. What do I do?,"Bang that shit dude, the rush is orgasmic.",opiates
ds2cx4a,Woo hoo! Tomorrow I get my O-Desmethyltramadol! 2.5g’s! Can’t wait! That’ll keep me blissed out for at least 5 days!!!,Tramadol analogue I’m pretty sure.,opiates
dt6iibp,"Hello, anyone know about this synthetic opiate?",You’re better off forgetting about that caustic garbage.,opiates
dtc6n3x,Fortnite Service Impact Update,It’s working fine for me now,FortNiteBR
dthyem7,V.2.3.0 Social Issues+Downtime Make Good,"It’s not working on ps4 either, fuck I wish this would stop lol",FortNiteBR
dtlpk9h,K4 and boy,"Yes you can, I’ll mix 8-10 mg’s in my shots of dope to get that amazing rush when I have the opportunity to get both.",opiates
dtncren,Patch 2.4.0 Undocumented Changes/List of Bugs Mega Thread,"I’m having the same issue, a couple of my friends are also. Epic needs to fix this bull shit, there isn’t even an option to adjust it.",FortNiteBR
dtxf10l,Is there a proper way to convert a 2mg dilaudid pill to a rectal suppository?,"Here’s an idea, don’t waste that rush and Shoot it into your veins instead.",opiates
duc7kgf,Anyone filing a case with Canada Post for Lost Package?,Canada post is absolute shit,CanadaPost
dujy9wr,Fentanyl find,"I hate it when people waste a perfectly safe iv solution, It happens it too often here. Just bang the damn thing lol",opiates
duz9pwj,A whole lot of sexy in a syringe. Dilly Dilly!,"That shaker method is fucking ridiculous, always filter your pills people, Jesus.",opiates
dvf0md2,U 44 Orange Round,Wicked if you shoot up lol,opiates
dvortbv,Another early morning pickup of 4 8mg dilaudid with one broken up. Enjoy friends:),Wish I had 2-3 of them in a rig lol enjoy man!,opiates
dw1wycl,Why so people rave about dilaudid?,"Well, you obviously wasted them up your nose or down the hatch. If you iv’d those you would have a completely different opinion. 

You wont experience the full potential of hydromorphone without a needle.",opiates
dw3nafm,Dillys 2mg,2-4 if you’re gonna waste em up your nose lol,opiates
dw4b946,Dillys 2mg,A lot of people lol why not? Put 4-6 of em together you got a decent shot.,opiates
dw5tg4v,Another picture of yesterday's pickup. 7G's,"Jesus that’s a beautiful sight, enjoy!",opiates
dw97roy,See Comment Below for Question.,Carpet mining lol,opiates
dwbrk50,"Everyone's tryin to be mean to me today,good luck! Everyone's trying to scam me today,good luck!",Looks like weed to me lol,opiates
dwq7d95,"Pray for post pt 2 dope porn! 2Gs, it's gonna be a good few days! Hope your all good today opiate peeps!","Glad to hear you got it buddy, looks good! I was in the exact situation until 30 seconds ago lol",opiates
dwq97q4,"Pray for post pt 2 dope porn! 2Gs, it's gonna be a good few days! Hope your all good today opiate peeps!","Oh yeah, the rush was amazing haha it was my first shot in over a month. Mailman doesn’t usually go around this early either I assumed I’d be waiting until 3.",opiates
dwrlnbr,Morphine IV dosage,"Shoot 20-30 mg’s if you want to get high. Don’t take what they’d give you in a hospital, 4-6 mg will do almost nothing you want to feel the rush.",opiates
dwtaqnw,Thanks doc,I doubt someone without a tolerance would get high off that lol,opiates
