Submission_ID,Submission_Title,Submission_Text,Subreddit
5y4r4k,Wheel filters,Waste to do anything besides iv those.,opiates
646i3s,Breakfast :),Waste to do anything besides iv those.,opiates
65q5jn,What to expect (shit post),Waste to do anything besides iv those.,opiates
6734zj,Some of BC's finest right here. Hindu Kush.,Waste to do anything besides iv those.,drugsarebeautiful
67avvk,Just an oz of Girl Scout cookie :),Waste to do anything besides iv those.,drugsarebeautiful
67tkec,Can someone help me out please,Waste to do anything besides iv those.,DarkNetMarketsNoobs
67w362,I finally did it guys and it was well worth it :),Waste to do anything besides iv those.,opiates
6fz4ll,"Finally after 41 days, Fuck you sobriety!!!",Waste to do anything besides iv those.,opiates
6k561x,Just a little Skywalker OG,Waste to do anything besides iv those.,drugsarebeautiful
6l6s8t,Great way to start the day 🙃🤘🏼,Waste to do anything besides iv those.,opiates
6r44sy,My morning couldn't get any better 💊💉😲😌🤤😴,Waste to do anything besides iv those.,opiates
6r69p2,Addicted to that rush!,Waste to do anything besides iv those.,opiates
6vm709,D8 night 😍,Waste to do anything besides iv those.,opiates
6x4d40,The feeling of relief when the shot hits during withdrawal,Waste to do anything besides iv those.,opiates
6zfev2,The morning routine,Waste to do anything besides iv those.,opiates
706mmz,Dilaudid and morphine 👌🏼,Waste to do anything besides iv those.,opiates
71vzs3,Random little score! 🙃,Waste to do anything besides iv those.,opiates
75gufr,"First shot in 2 weeks, such a relief :)",Waste to do anything besides iv those.,opiates
761jt3,Happiness in a bag,Waste to do anything besides iv those.,opiates
77ppg5,Purple g-code,Waste to do anything besides iv those.,trees
7w6klp,Just spiked my vein for the first time in almost 3 months 🙃,Waste to do anything besides iv those.,opiates
