Comment_ID,Comment_Submission,Comment_Text,Subreddit
d7hxryy,I love retro nights,"awesome! I love dilly. also its your body, but to the the most bang out of your buck... ^plugdatshit",opiates
d7hyd2b,I love retro nights,"no, didnt shooot the xanax...",opiates
d7rldch,Fentanyl,"Please be careful with fentanyl, I have never overdosed off pills or heroin after years and years of heavy opioid addiction and the only thing that made me turn blue and unresponsive was one time I was fucking with fent abuse.

Also, you will feel kinda insane after that much DXM use. I did it about as much and then more than you do for several months and I didnt think I'd get back to normal. This is what will happen [eventually](https://www.reddit.com/r/Drugs/comments/20i5s0/i_used_dxm_every_day_for_5_months_ama/)

The post above was hilarious, one of the funniest I've ever seen on reddit, to me as it hit home and everything turned out all right. You may feel nuts, but you'll get through it. As long as you stop the abuse of this chemical.

Hmu if you wanna talk to someone

Edit: clarification",Drugs
d7x1k4a,"""Instagram"" pills and ""Facebook-like-symbol""s ecstasy. Instagram pills seem fine and have around 200mg of MDMA from what I've read online, but can't find any info on the Facebook. Experiece as fuck sorry guys..I've never been a big roller","Edit: Title meant to say inexperienced as fuck, as MDMA is just about the only thing I HAVENT taken to an insane degree. I even sold it, but have only had two kinda rolling experiences",MDMA
d9y6bsh,How in the hell do you have sex,">acid on sex

heh",MDMA
di6908f,Weekly discussion thread - I swear I'm trying to make it weekly edition,"73 days off heroin/xanax/alcohol and a plethora of other drugs. Living in a new city in sober living, have whole life ahead of me, and a college degree, but ruined tons of things through the years of addiction and depression. 

Social anxiety has been increasing, fuck it, anxiety in general is out of control. 

I hate myself. I think about suicide constantly. I just want to sleep all day to escape my life. I have lost all the people I loved. 

I am about to be 22 years old, and I have a 4 year old son, but his mom doesn't really want me around him right now until I have kept my shit together for a while, and he lives 8 hours away now, which hurts because I was always in his life until now, and an active father.

I have spent the entire last year either in treatment centers or shooting heroin, popping benzodiazepines, drinking vodka, and generally fucking myself up. Now that I'm clean this time, there is no ""pink cloud"". I want to die. Which makes me think maybe I should give up the fight, if I'm gonna kill myself anyway.

Because at this juncture, I'm definitely gonna kill myself.

I'm in so much pain.

I am so alone",2meirl4meirl
di7ib8o,Weekly discussion thread - I swear I'm trying to make it weekly edition,"Thank, man. I'm trying, but I don't know if I can handle this much longer. I just wanna drift away. Not to sound conceited but I feel like I'm a waste of immense potential. I'm so tired of having no one, and I don't know if I can make it through the next few hours no less years. I'm in despair...

I appreciate the support tho, man",2meirl4meirl
diaixqf,2meirl4meirl,Me three.. People dont realize how hurtful it is,2meirl4meirl
dljifi9,Saturday August 12 check-in,"Got sent to treatment awhile back for abusing my Gabapentin at my halfway house.. That felt really fucking stupid. I have 50 days clean from absolutely everything (aka no neurontin) and 150 days off of opiates/benzos/cocaine/alcohol and the like. In a pretty stable place mentally, and I'm in a fantastic relationship, the best I've ever had so that's good. Some cravings have hit recently, but I feel very proud of where I'm at for the first time in forever!",OpiatesRecovery
dlnris7,Tuesday August 15 check in,"I'm 53 days off of gabapentin, 152 off heroin/benzos/alcohol etc and I feel fantastic! I had my first minor argument with my gf yesterday and it actually went very well, best relationship I've ever been in. Been playing more music recently, and the way I react and the lens I view the world through is so much better! Feeling awesome, finally. 

Practicing gratitude, working a 4th step.",OpiatesRecovery
dlo6ns3,Tuesday August 15 check in,"It was pretty cake compared to dope or benzo wds... I was pretty uncomfortable a few times, but I was overtaking the shit out of it at a much higher prescribed dose, so I wouldnt worry too much about the transition!",OpiatesRecovery
dlo7usj,Tuesday August 15 check in,I've felt some mild PAWS type stuff here recently but def manageable,OpiatesRecovery
dmokdiz,"Thursday, September 7 check in",I moved cities and into a sober living house. That was a huge part of what helped me stay clean. Then I guess I just kinda saw how nice it was to be clean once I had a little time and my depression lightened,OpiatesRecovery
dmoqdt5,"Thursday, September 7 check in",Don't get addicted to the cigarettes if you can help it cause ohhh god I wanna quit so bad,OpiatesRecovery
dnulqlz,Tuesday October 3rd Check In,"Completely clean/off gabapentin (which I abused) for 102 days, over 6.5 months clean from the opiates, benzos, coke and alcohol! Been feeling pretty stable lately, I have ups and downs but I feel solid in my recovery for the first time during this go around. My depression and anxiety still come around, but I can manage it. Working steps, beautiful and amazing girlfriend, working on getting into grad school next fall! Things are finally coming together. Never thought I could do it, but I want this for MYSELF finally.

Practicing gratitude is the biggest thing for me. If I keep that in check everything else seems to fall into place. I'm not religious, was atheist for a long time, but I've been working on my spiritual life and I have found a higher power that works for me. There's a quote by Soren Kirkegaard, ""The function of prayer is not to influence God, but rather to change the nature of the one who prays."" That helps me when I feel like an idiot for praying. It actually does help me feel grounded.

Not a big book thumper, but going to some meetings helps when I get self conscious and weird mentally.

Sober living seemed to be a huge factor in keeping me clean at first. Good accountability.

Surrounding myself with people that really want this is important too. I gravitate naturally towards those that want to get high, cause I'm a junkie.. so I have to push myself out of my comfort zone a little more.

I'm loving being sober. It's pretty dope.",OpiatesRecovery
dwleg59,Opana vs dilaudid.,I'd start by banging half a 10mg opana to be equivalent to 8mg dilly,opiates
dwleiiq,Opiate induced schizophrenia?,Nah it's normal that shit used to happen to me when I was using heavy a while back,opiates
dwles2u,for the good old days.,"If you're not ready to be sober you're not ready.. I was the same way and once i did get completely clean and sober for close to a year, I learned to enjoy it. Now I've been fucking up now and again and I yearn and long to be 100% clean again and comfortable not using",opiates
dwlfit1,Opana vs dilaudid.,"Yeh I've had those. I feel like oxymorphone is the gold standard for an opiate experience, rush close to dilly+euphoria similar to oxy+warmth of dope",opiates
dwlhpyy,Can't stay totally clean,Yeah I'm trying to stay away. I don't want to be using,opiates
dwlhra3,Can't stay totally clean,I've browsed through it quickly but have thought about becoming active over there. Thanks dude,opiates
dwnux04,Can't stay totally clean,Got to the 5th step and was very active in my program for a while but then I stopped going to meetings regularly,opiates
dwnuxlu,Can't stay totally clean,I know I need to stop drinking and stuff :/,OpiatesRecovery
dwnuyxx,Can't stay totally clean,I just snorted it to help myself rationalize it if that helps?? Hahahaha.. I know tho,OpiatesRecovery
dwnuzkt,Can't stay totally clean,I need to hit meetings again,OpiatesRecovery
