Submission_ID,Submission_Title,Submission_Text,Subreddit
4dkdyh,Smoking some fentanyl. Wish it was the gel but this will work,"awesome! I love dilly. also its your body, but to the the most bang out of your buck... ^plugdatshit",opiates
4dptch,Now I have a watson 100mcg/hr gel. How to IV? Want to smoke it too but really want to IV. Decently high tolerance to opiates,"awesome! I love dilly. also its your body, but to the the most bang out of your buck... ^plugdatshit",opiates
4eq06a,Opiates and Weed............. the combo is amazing,"awesome! I love dilly. also its your body, but to the the most bang out of your buck... ^plugdatshit",opiates
4ex87o,Herointown,"awesome! I love dilly. also its your body, but to the the most bang out of your buck... ^plugdatshit",opiates
4fnq1j,Finally! Getting anxious in a good way...,"awesome! I love dilly. also its your body, but to the the most bang out of your buck... ^plugdatshit",opiates
4fos9o,Finally got some,"awesome! I love dilly. also its your body, but to the the most bang out of your buck... ^plugdatshit",opiates
4g6mks,I'm going to detox soon.. and already feel fucked,"awesome! I love dilly. also its your body, but to the the most bang out of your buck... ^plugdatshit",opiates
4gs01v,Kicking subs is a bitch,"awesome! I love dilly. also its your body, but to the the most bang out of your buck... ^plugdatshit",opiates
4gs7ud,I'm in detox for subs. Kicking this is a bitch.,"awesome! I love dilly. also its your body, but to the the most bang out of your buck... ^plugdatshit",OpiatesRecovery
4hizre,Sub detox,"awesome! I love dilly. also its your body, but to the the most bang out of your buck... ^plugdatshit",OpiatesRecovery
4ysiu4,Relapse is fun,"awesome! I love dilly. also its your body, but to the the most bang out of your buck... ^plugdatshit",opiates
512sc6,"Not much, but that's because I forgot to post when I had ten more...","awesome! I love dilly. also its your body, but to the the most bang out of your buck... ^plugdatshit",benzodiazepines
512tk3,So I tried loperamide out today,"awesome! I love dilly. also its your body, but to the the most bang out of your buck... ^plugdatshit",opiates
526d33,I love retro nights,"awesome! I love dilly. also its your body, but to the the most bang out of your buck... ^plugdatshit",opiates
53x6ku,"""Instagram"" pills and ""Facebook-like-symbol""s ecstasy. Instagram pills seem fine and have around 200mg of MDMA from what I've read online, but can't find any info on the Facebook. Experiece as fuck sorry guys..I've never been a big roller","awesome! I love dilly. also its your body, but to the the most bang out of your buck... ^plugdatshit",MDMA
6umhg4,Recent meirl gif,"awesome! I love dilly. also its your body, but to the the most bang out of your buck... ^plugdatshit",tipofmytongue
6wwxqv,Gratitude.,"awesome! I love dilly. also its your body, but to the the most bang out of your buck... ^plugdatshit",OpiatesRecovery
6ymlo8,"Thursday, September 7 check in","awesome! I love dilly. also its your body, but to the the most bang out of your buck... ^plugdatshit",OpiatesRecovery
80rhn3,Mild relapse,"awesome! I love dilly. also its your body, but to the the most bang out of your buck... ^plugdatshit",u_lonelymusician12
88lepm,Can't stay totally clean,"awesome! I love dilly. also its your body, but to the the most bang out of your buck... ^plugdatshit",opiates
88loii,Can't stay totally clean,"awesome! I love dilly. also its your body, but to the the most bang out of your buck... ^plugdatshit",OpiatesRecovery
