Comment_ID,Comment_Submission,Comment_Text,Subreddit
dwe3v33,munchies on benzos?,"Xanax and alcohol give me the munchies more than any other drug, even weed. But especially Xanax. So no, you're not alone.",opiates
dwe4cye,"Why I like the train over the bus, private bathrooms",Whatcha shooting there?,opiates
dwjxo0z,Questions about Mescaline HCL,"For me it was about 8 hours of tripping my balls off, after 8 hours the effects wore off quickly. This was at 1,000MG. I took it at night indoors, and no it didn't feel like a waste, but it is normal for me to trip indoors at night.",Psychedelics
dwjxx95,Why is it called tweaking?,One time I stayed up for 14 days straight. I guess you could say it was a two-weeker.,Drugs
dwjz0j6,Trip Emergency : San Pedro is disgusting,"Extract the SP powder with alcohol, roll the extract into pea-size balls and swallow with juice. Takes a few days tho, but worth it. San Pedro is by far the nastiest thing I've ever tasted.",Drugs
dwl52c6,Craigslist cold cooling,"I successfully cold coped a few days ago, after they took the personals down. Just search the for sale section.",opiates
dwl9113,You're stuck on an south pacific island by yourself but have been given the choice of an unlimited amount of a single drug to indulge in. What drug do you choose?,Either opium or heroin.,Drugs
dwlg96f,Hiccups (shitpost),"Yes, repeatedly, sometimes up to 10 times in one night. It's not a problem to get rid of them usually, just annoying as fuck that they keep coming back.",opiates
dwm7yxf,Just out of curiosity,"Ultra white, have met black junkies before tho. Can confirm it's a thing.",opiates
dwm8d2k,Do you have to piss dirty for opiates to get a sub script?,"Why would you want subs if you don't have any opiates in your system? If you did get the prescription, you would be flagged as a drug addict/drug seeker, doesn't seem worth it unless you're hurting from WD's.",opiates
dwm8tqg,We need to break through OP's!!!!,"Am I the only one who loves the OPs? IR oxycodone seems like such a cocktease to me but the OP's would have me high for 8-12 hours if I ate enough, and they used to be dirt cheap.",opiates
dwnxso2,2 Buns and 2.5oz of Hydro,Bitch Lasagna stamp would be on point.,opiates
dwny2gu,Drug taking loophole,"""...drink thursday, rail blow friday, smash amphetamines saturday"" Yeah dude you got this, sounds like a solid plan. What could go wrong??",opiates
dwp4wxw,Any Hallucinogens for daily use?,"Mescaline can be used for several days in a row with minimal tolerance buildup, as can DMT.",Drugs
dwp55a6,How y'all feel bout air duster?,https://www.youtube.com/watch?v=Zl2ustwRJ1Y,Drugs
dwt1ixt,The true cause of the opioid epidemic,"I had 1, 2, and 3, and loved them all, but THUG will always hold a special place in my heart.",opiates
dwt21jn,Would you have switched to heroin if oxys were still everywhere?,"Yes, because for me oxycodone lasts for about an hour, where heroin lasts about 5-6. I also prefer the more sedating heroin high to the energizing oxy high.",opiates
dwtc2zq,Thanks doc,"The one time I had it IV in the hospital they gave me 8MG, and no it did not get me even slightly high. I have a big tolerance though.",opiates
dwtcd14,I wonder if anyone makes customized syringes with replaceable sharps,How would you see to register? lol,opiates
dwtcpa7,Mixxx and a fixxx,"idk how you guys take pics of needles in your arms, i'd be way too scared of the needle slipping out of my vein while snapping the shot to even try this.",opiates
dwtgkh6,Pin point pupils,"I had a friend who would try to adjust the size of his pupils by taking meth if they were too small, and taking opiates if they were too big. It did not work out very well for him.",opiates
dwtgzq6,Why does dope have such a bad stigma?,"You don't know what your oxys are cut with either unless you get them from a pharmacy. Also with heroin you're more likely to switch to  the needle, which has a stigma of it's own. With oxys there isn't much point because there's no rush when IV'd and the IV bioavailability is only slightly higher than oral.",opiates
dwti2b1,Is this too much? (Jedi Flipping 800UG),"Will you be able to sleep in 24 hours? It is possible, but I personally never sleep the night after an acid trip. 

How fucked is this going to be?
Entirely depends on set and setting, and you and your friend's psyche and mindset.

Will it have any long-term effets?
The drugs themselves won't cause any long term effects, but it is possible that you may do something you regret under the influence that will.

Also 800mics is a fuckton, I would not recomend taking more than 300, and even that is a lot.",Drugs
dwu0a5n,"I'm Eric Hafner, I'm running for U.S. Congress in Portland, Oregon (OR-3). I want to legalize all drugs, including opiates, but offer ibogaine therapy too, and free drugs for addicts via prescription.",Have you yourself ever used opiates/opioids?,opiates
dwubctt,Why is snorting benzos so popular?,"Klonopin is nice to snort because it has a sweet menthol taste that opens up your sinuses. Yes it's a waste, I was a dumb kid and used to try to snort everything. But if I had some K-pins right now I would take a few orally and snort one, just for the minty sensation lol. It's nice.",Drugs
