Comment_ID,Comment_Submission,Comment_Text,Subreddit
dwd0lw9,"So some guy tried to stab me on DXM and I only just noticed this. No pain, ideas?","Also lucky it didn't end up worse. Very thankful for just a finger instead of my chest, stomach or arms.",dxm
dwd10f4,"So some guy tried to stab me on DXM and I only just noticed this. No pain, ideas?","Search for a local area that offers it, its one of my most favourite activity besides work, and I can guarantee you'll always have fun no matter how enduring it can get.",dxm
dwd1jqg,"So some guy tried to stab me on DXM and I only just noticed this. No pain, ideas?","I wouldn't agree fully, some locks hurt like a bitch but its usually overall a great life experience and great knowledge to have. I wouldn't use it on someone who doesn't threaten my well being or life.",dxm
dwd1wdj,"So some guy tried to stab me on DXM and I only just noticed this. No pain, ideas?","It is nonviolent, but it still hurts when practicing. Krav sounds good, not so sure on killing people though, most places ask for a waiver for responsible usage ahaha",dxm
dwd2lkd,"So some guy tried to stab me on DXM and I only just noticed this. No pain, ideas?","I don't really have time for neo-nazis and SJW. I just believe each have their purpose for a reason and I accept that, its their right imho, though I don't believe in killing people with a car/any other method. Wouldn't militia training be illegal under certain laws? I'm not sure on laws outside of Australia though man, but I know its illegal to use any style for self-defense that leads to damage and can result in eviction, I still yet have to clear this with the guy who trains us as well.",dxm
dwd30ok,I got the parcel yesterday guys ...,4-AcO-DMT or 4-HO-DMT? Can't read the label right.,drugscirclejerk
dwd4if0,I got the parcel yesterday guys ...,Nice find man,drugscirclejerk
dwd7mrz,"HPPD, or idk what the hell is going on.","Not sure about HPPD but it usually corrects itself, you may have to go to a doc sooner or later even though its embarrassing there may be underlying problems.",dxm
dwe4kqu,"So some guy tried to stab me on DXM and I only just noticed this. No pain, ideas?",Prove me wrong then lmfao. I can post afterpics and everything,dxm
dwe4qmt,"So some guy tried to stab me on DXM and I only just noticed this. No pain, ideas?","Not afraid to butt heads with some random kid half way across the world who didn't see it happen and can't see my records of attending ER but okay. I actually have my ER file, and photos of the incident. But I'm lying so its all g /s",dxm
dwe4zym,"So some guy tried to stab me on DXM and I only just noticed this. No pain, ideas?",So what exactly did I lie about? Interested considering I'm probably the most honest on here then I am in real life.,dxm
dwe5bwl,"So some guy tried to stab me on DXM and I only just noticed this. No pain, ideas?",Just like with the NSA? Just look at how they fucked up.,dxm
dwe5wra,Is the etibolbm workbng?,*sigh* etibolbam,researchchemicals
dwe6e6w,Stresses of my childhood,"I can relate to this, but can anyone else relate to DS games not working when then using ethanol and a qtip to clean the contacts, suddenly its working perfectly and half the time nothing was on the contact!",gaming
dwgunbm,Has anyone bought from sites like theses? Seems too good to be true...,I'm not your pal buddy,opiates
dwit2ml,Okay this isn't a troll post I'm going to down 150mg tonight,"No your not, lmao",dxm
dwit9s6,Okay this isn't a troll post I'm going to down 150mg tonight,https://imgur.com/a/zkk7r,dxm
dwiwaj8,Okay this isn't a troll post I'm going to down 150mg tonight,"FALSE email, Jerome",dxm
dwke5aq,Goodbye fam. Finna inject two whole marihuanas and end it all.,"This is OP's father, I have no idea how he got my stash but I have grounded him from the iPad for a month.",drugscirclejerk
dwkybq8,Goodbye fam. Finna inject two whole marihuanas and end it all.,"You aren't dead, I gave boof to mouth!",drugscirclejerk
dwl9bja,Gaming Is Pure,"Eh, I was actually finding the purest reasons of why gaming would be the easier option to NOT being what is the normal everyday life of a small percent of people, I'm sorry if it came across quite dark but I'll remove it anyways.

TL:DR I'm not a psychopath man, just thought it would be fine to share. Sorry. :/",gaming
dwl9mzu,Gaming Is Pure,"Did I say I was a terrorist? I prefer online and only respond when shot at tbh. Storyline includes shooting people for a valid reason, otherwise I usually end up on a bati doing wallrides and railjumps.",gaming
dwlacsn,Gaming Is Pure,Can you elaborate please?,gaming
dwlailm,Gaming Is Pure,"People seem quick to judge, which hurts. I don't care about politics, especially if I see games that have a subject behind it, e.g Need for Speed has a ""Do not try any of this anywhere"" kinda of warning. Not trying to be ""psychotic"" in any shape or form.",gaming
dwlaw0x,Gaming Is Pure,"But you still shoot people during the storyline yes? I picked apart games to fit certain crimes that are committed everyday, not to sound disturbed. If they didn't exist, I'd still be making the same random matches with other random games for the same point.",gaming
