Submission_ID,Submission_Title,Submission_Text,Subreddit
7sveeg,Has anyone seen this before? Quite concerned for my mothers wellbeing,"Also lucky it didn't end up worse. Very thankful for just a finger instead of my chest, stomach or arms.",cancer
7t19ct,Heres a photo of my teeth extraction area,"Also lucky it didn't end up worse. Very thankful for just a finger instead of my chest, stomach or arms.",Dentistry
7t1vuw,Would it be fine to mail clean rigs from AU to US/CAN?,"Also lucky it didn't end up worse. Very thankful for just a finger instead of my chest, stomach or arms.",opiates
7t2mn1,I made a post about a trip after tooth extraction; killed my ego.,"Also lucky it didn't end up worse. Very thankful for just a finger instead of my chest, stomach or arms.",LSD
81glnv,"Robocough to the Oz, still in the midst.","Also lucky it didn't end up worse. Very thankful for just a finger instead of my chest, stomach or arms.",dxm
81gqmq,"Robocough in the Oz, still in the midst","Also lucky it didn't end up worse. Very thankful for just a finger instead of my chest, stomach or arms.",dxm
82gusu,Australian Dexxers,"Also lucky it didn't end up worse. Very thankful for just a finger instead of my chest, stomach or arms.",dxm
84hy86,"Hey Australia, Guess what arrived!","Also lucky it didn't end up worse. Very thankful for just a finger instead of my chest, stomach or arms.",dxm
84lmnm,Do not DEX while sick,"Also lucky it didn't end up worse. Very thankful for just a finger instead of my chest, stomach or arms.",dxm
85db6i,"The universe, its secrets & Kundalini the unawaken serpent.","Also lucky it didn't end up worse. Very thankful for just a finger instead of my chest, stomach or arms.",u_majoredinhippy
85q4if,Dinosaur tranquilizer,"Also lucky it didn't end up worse. Very thankful for just a finger instead of my chest, stomach or arms.",drugscirclejerk
85x7bg,Tips on children taking their medication?,"Also lucky it didn't end up worse. Very thankful for just a finger instead of my chest, stomach or arms.",Epilepsy
8642j7,"folks, I'm taking a poll :)","Also lucky it didn't end up worse. Very thankful for just a finger instead of my chest, stomach or arms.",dxm
8646eh,RCSources just got banned and now all these Research Chemical guys are about to go crazy,"Also lucky it didn't end up worse. Very thankful for just a finger instead of my chest, stomach or arms.",Drama
8649g8,r/RCsources banned; where shall I get my carfentanil from now :(,"Also lucky it didn't end up worse. Very thankful for just a finger instead of my chest, stomach or arms.",drugscirclejerk
865p7k,Autistic screeches,"Also lucky it didn't end up worse. Very thankful for just a finger instead of my chest, stomach or arms.",u_majoredinhippy
867xj2,Robocough postage Thursday!,"Also lucky it didn't end up worse. Very thankful for just a finger instead of my chest, stomach or arms.",u_majoredinhippy
867z8r,What went wrong?,"Also lucky it didn't end up worse. Very thankful for just a finger instead of my chest, stomach or arms.",dxm
872x0c,What is this subreddit?,"Also lucky it didn't end up worse. Very thankful for just a finger instead of my chest, stomach or arms.",dxmgoofy
874e5f,A place for DXM related goofiness!,"Also lucky it didn't end up worse. Very thankful for just a finger instead of my chest, stomach or arms.",dxm
87ccip,Update: Attempting to get Robocough regulated for Aus pharmacies.,"Also lucky it didn't end up worse. Very thankful for just a finger instead of my chest, stomach or arms.",dxm
87dz65,"Finna got speed, anyone else ready for rush hour?","Also lucky it didn't end up worse. Very thankful for just a finger instead of my chest, stomach or arms.",drugscirclejerk
87gv0t,"So some guy tried to stab me on DXM and I only just noticed this. No pain, ideas?","Also lucky it didn't end up worse. Very thankful for just a finger instead of my chest, stomach or arms.",dxm
87nk63,Sigh etibolbm /upvote original instead,"Also lucky it didn't end up worse. Very thankful for just a finger instead of my chest, stomach or arms.",benzodiazepines
88kl9j,Gaming Is Pure,"Also lucky it didn't end up worse. Very thankful for just a finger instead of my chest, stomach or arms.",gaming
