Comment_ID,Comment_Submission,Comment_Text,Subreddit
dr7txwm,This is a video of Steve Martin (author of Opium Fiend) smoking opium in Bangkok.,Well put my good sir,opiates
dr8971e,60 grams of kratom and what's left of a quarter of pretty dank bud. Not the most impressive stash but it's mine 😝,"10G doses are far from uncommon, especially when the person has a tolerance to real opiates",DrugStashes
dr9b6ve,The stash,Knew it haha,DrugStashes
dr9bs7t,Little bit of bar porn: 100 pressed xananas 3 mg each,Welp. If theirs truly 3mg Alp. Who gives,DrugStashes
drnj3pw,Do you get flagged or put in some sort of system when you go on suboxone?,"I do know that it will show up when docs check your prescription history. However I doubt that will stop them from giving you pain meds if they believe the average person would need them in your situation. 

I was on subs for 3 years, got Vic's prescribed from my dentist a year after being off subs.. so theirs that. I guess it depends on the situation/doctor",opiates
drnj5if,Don’t you hate it when your dealer has you waiting all day on their hook that’s supposed to come through...,True shit,opiates
drnjfia,Do you get flagged or put in some sort of system when you go on suboxone?,"Ahhh I have no idea about Germany. But in the US most states have prescription monitoring programs. So doctors can check what you've been prescribed or are being prescribed before they prescribe something new

I would imagine Germany has something similar tho",opiates
drqd3rj,3 mg klonopin and ps4.,No censoring?,benzodiazepines
drqdbcd,Weed,"Be careful, I injected that stuff directly into my bloodstream via my penis vein and died. Shit is dangerous.",DrugStashes
drqditp,BRB ODing,"Yah bro, it's All fun n games until our final nod... report back captain",DrugStashes
dw2g3xf,"With regard to the banning, where to next?","Agreed, wondering the same thing myself",researchchemicals
dw56o3o,Runescape an opiates,"My guy! Been playing rs since 2004, havnt played much lately but my osrs pure is damn near maxed.",opiates
dw58mef,Runescape an opiates,You on now?,opiates
dw5a44q,Runescape an opiates,"I have all cw gear including all halos, fire cape, mith gloves etc yah

I’m down man!!

Rsn -  F R A G3 D     Add me",opiates
dw6i7m8,Ok....,Mind messaging me in regards to that other sub?,Etizolam_2
dw7v9m4,Diclazepam PG solution,Add another 15ml PG and shake,benzodiazepines
dw7vcwe,New Era Reddit Kratom Review,Guess we’ll never know how to avoid the infamous fart causing kratom,kratom
dw7wied,Diclazepam PG solution,"You can also order online, probably save some money that way. But yah, if your in a hurry check you local vape shop",benzodiazepines
dw7wmgh,Can subs give you a head ache?,Yah I’ve had this happen to me on multiple occasions. I would definitely drink some water tho man. Mine usually subside rather quickly tho. No worries man it’s normal,opiates
dwszgzh,Got a pillbox for my K-pins for on the go benzo action,Def breakfast,benzodiazepines
dwt4mpa,Thanks doc,"Yah I’m confused, what’s the full dose",opiates
dwt4tck,Would you have switched to heroin if oxys were still everywhere?,Money is the main factor.. so yah ide choose rx,opiates
dwt5psw,Thanks doc,"2mg morphine injection, does that do anything?

Edit - depends on tolly obviously but still, seems low",opiates
dwtzv6t,Thanks doc,Seems wack,opiates
dwu2xlk,TIL...,"Too barred to read with both eyes open, honestly is the best policy",Etizolam_2
