Comment_ID,Comment_Submission,Comment_Text,Subreddit
dg6cd66,What do you like to do while high?,smoke weed and hash and cigarettes like a fucking chimney. also being around people i make lots of random friends when i get high,opiates
dg6cvgk,"She's the love of my life, how do we compare?",yes,EqualAttraction
dg6fg95,Let's talk about the good life,"I didnt think stopping would be in my relm of possibility but then i moved somewhere where any kind of opiates or benzos whatever were either nonexistant or the price was through the roof. I didnt have money to buy it, couldnt steal shit , and couldnt even find anything decent even if i had money. All that was around was weed, pyscadelics and meth. So i stopped. but i lived close to the beach and there was always good waves. So i started going to the beach and bodyboarding more. The adrenaline rush after getting sick barrels over the shallow reef took my mind off the dope and after spending hours out there, you just feel good and tired and content along with making lots of friends. Obviously it was and still kinda is at the back of my mind (why im on this sub) but it was just not available so i just had to deal with it. And so thats what i did for like 2 years just go beach bodyboarding like 3 or  4 times a week for half the day. Fast forward to now I havent done anything in like 7 months, I moved to oahu north shore about 4 months ago doing what ive always  wanted to do bodyboarding pipeline and waimea and all these other sick spots. theres tons of girls and it just feels like a dream. yesterday i got to thinking remember when you were like that all you could think about was dope and now i hadnt even thought about it for like a week straight and man it feels fucking good. I do smoke a lot of weed and hash tho so that helps a little",opiates
dg6fnws,Keep your saliva away from your gear when IV'ing,oh jesus,opiates
dg6g1vs,When it's your last $140...,meth sucks,opiates
dgahqf4,Seemed like every one came through today! :),wow thats shitty 140 $ for 4 pills...,opiates
dgahse9,So I got 216 mg of hydromorphone last night for $100 along with some other drugs I was given for free!,sharing is caring brah. with me. thats my suggestion,opiates
dgb9du4,Seemed like every one came through today! :),are  those op 40s any good? i heard it gels up or somethin,opiates
dgfpaf8,Daily medication for 5 years now.,sounds pretty sweet. my tolerance builds so fast,opiates
dgvpj05,How to make oxys last?,tagamet before  the dose. some benzos.  a big fatty meal. lots of weed and cigs,opiates
dgvr81v,Growing Khat or Coca....,i live in hawaii and know somebody that grows it at sea level. I always thought it had to be high elevation and kinda chilly. Not worth it imo. Just makes the mouth kinda numb and not even really noticeable stimulation,druggardening
dgvrjdm,Score!,damn bro u scored the fuck outta that pod,druggardening
dgw2t7o,Switching from Perc10s to 15mg Morphine (sulfate),boof that shit!,opiates
dgw2tpz,Switching from Perc10s to 15mg Morphine (sulfate),boof that shit,opiates
dgwem2w,People always say you can't mix alcohol and benzodiazapines.,i like ambien. its like a trippy benzo,benzodiazepines
dgx3rnq,Goes in bathroom... nod's out on toilet until legs are numb,i have nothing against surfing the red tide,opiates
dgx3snu,Goes in bathroom... nod's out on toilet until legs are numb,hmm tastes like pennys!,opiates
dgx408e,Just had,uhh. i think you're supposed to try and not fall asleep. thats bad. mmkay,opiates
dgx44cd,Real or fake perc 10's?,dude.,opiates
dgxeppn,"Help identifying a half of a pill I just took? (Round, white, can make out an N on one side and a 3 on the other)",you are the obvious retard  in this situation,Pills
dgxevwc,Definitely not molly. What is it? Mostly flavorless/odorless.,bang that shit and report back. its the only way,Pills
dgxf0g2,Bought what I was told was 100 of 10mg hydrocodone for a family member in cozumel.,lol ur dumb,Pills
dgxf7nn,First time trying meth,meth is lame,Drugs
dgxfpxq,"KATY Legal MDMA, Have You Tried It?",It means its gonna feel exactly like mdma. make sure to buy a few bottles. deals like this dont last long,Drugs
dwoxtmt,Found this in my children (17 yo) room.. help identify,NARNIA,opiates
