Submission_ID,Submission_Title,Submission_Text,Subreddit
4jvbjn,Man attacks a bus,smoke weed and hash and cigarettes like a fucking chimney. also being around people i make lots of random friends when i get high,WTF
4kf3sd,Buying a gun with a weed card? Hawaii,smoke weed and hash and cigarettes like a fucking chimney. also being around people i make lots of random friends when i get high,guns
4m8jny,Question about guns/ weed laws hawaii,smoke weed and hash and cigarettes like a fucking chimney. also being around people i make lots of random friends when i get high,guns
4njtla,Perfect little tubes,smoke weed and hash and cigarettes like a fucking chimney. also being around people i make lots of random friends when i get high,bodyboarding
4np6be,One of my favorite spots- the valley doin its thing,smoke weed and hash and cigarettes like a fucking chimney. also being around people i make lots of random friends when i get high,bodyboarding
4p24nr,20 M match me,smoke weed and hash and cigarettes like a fucking chimney. also being around people i make lots of random friends when i get high,EqualAttraction
4p28fq,Roast me,smoke weed and hash and cigarettes like a fucking chimney. also being around people i make lots of random friends when i get high,RoastMe
4p2x1q,(20. M) Do I look good?,smoke weed and hash and cigarettes like a fucking chimney. also being around people i make lots of random friends when i get high,amiugly
4ry3bg,Always been curious. 1 out of 10. Where am i at?,smoke weed and hash and cigarettes like a fucking chimney. also being around people i make lots of random friends when i get high,amihot
4ry8qs,1-10. Curious as to where I stand (20 M),smoke weed and hash and cigarettes like a fucking chimney. also being around people i make lots of random friends when i get high,amiugly
4yyp3r,I ate some jalapeno pepperoni pizza this morning and now my asshole burns when I fart. Why? Iv'e never had this before.,smoke weed and hash and cigarettes like a fucking chimney. also being around people i make lots of random friends when i get high,AskReddit
503jv5,Sick little video,smoke weed and hash and cigarettes like a fucking chimney. also being around people i make lots of random friends when i get high,bodyboarding
563wqn,Craigslist deals,smoke weed and hash and cigarettes like a fucking chimney. also being around people i make lots of random friends when i get high,bodyboarding
5c9tq7,Sick,smoke weed and hash and cigarettes like a fucking chimney. also being around people i make lots of random friends when i get high,bodyboarding
5cgkdg,Waimea pits,smoke weed and hash and cigarettes like a fucking chimney. also being around people i make lots of random friends when i get high,bodyboarding
5cudi3,Bowls,smoke weed and hash and cigarettes like a fucking chimney. also being around people i make lots of random friends when i get high,bodyboarding
5dv2hv,What even is this? Rolo/ air reverse/ ???sideflip??,smoke weed and hash and cigarettes like a fucking chimney. also being around people i make lots of random friends when i get high,bodyboarding
5g1i35,Guy smoking dog shit,smoke weed and hash and cigarettes like a fucking chimney. also being around people i make lots of random friends when i get high,WTF
5hzcdh,Good casting technique,smoke weed and hash and cigarettes like a fucking chimney. also being around people i make lots of random friends when i get high,Fishing
5jfhn5,nazare shorebreak,smoke weed and hash and cigarettes like a fucking chimney. also being around people i make lots of random friends when i get high,bodyboarding
5linky,beatings,smoke weed and hash and cigarettes like a fucking chimney. also being around people i make lots of random friends when i get high,bodyboarding
5r2y6m,me having fun at the shorebreak,smoke weed and hash and cigarettes like a fucking chimney. also being around people i make lots of random friends when i get high,bodyboarding
5r4pxs,more shorebreak action,smoke weed and hash and cigarettes like a fucking chimney. also being around people i make lots of random friends when i get high,bodyboarding
5r6nu2,Is this a good board for 100 bucks? worth it?,smoke weed and hash and cigarettes like a fucking chimney. also being around people i make lots of random friends when i get high,skimboarding
5uuhiw,Waipio valley murder,smoke weed and hash and cigarettes like a fucking chimney. also being around people i make lots of random friends when i get high,BigIsland
