Comment_ID,Comment_Submission,Comment_Text,Subreddit
dhpuv7d,What is the cringiest thing you or someone you know has done to try and get a crush to like you or them back?,"I eventually like..confessed it to him and  now we're really good friends so it's whatever, lol",AskReddit
dhy7i5k,What is the cringiest thing you or someone you know has done to try and get a crush to like you or them back?,"one time a guy who was into me in like freshman year hs like took my phone when i wasnt looking and texted himself off of my phone ""i wanna suck ur dick"" or something along those lines like 20 times",AskReddit
dirljoa,"The thickness is suffocating, but whatever.",the thiccness is suffocating tonight ;),ShrugLifeSyndicate
dj3fywy,"There are moments in which I feel I have lived through this exact same moment already, endless times","YES YES YES. dude i totally get it, it's not deja vu exactly but it's like ""this has happened before"". but it is a completely different feeling than deja vu",Glitch_in_the_Matrix
doclt07,Why do you think all this glitches happen?,someone literally was just talking to me about this. care to elaborate? i'm interested in hearing more about it,Glitch_in_the_Matrix
docp0hk,Strange sensory perception unlike any senses,"I feel like they try to portray this feeling in the outside on shows like X Files and stuff, crazy",Glitch_in_the_Matrix
dokotb9,"What theory, phenomenon or idea blows your mind when you think about it?","dark matter/anti-matter and how it apparently takes up more space in the universe than everything that we can perceive, and how we have no idea wtf it even is",AskReddit
dpwbv31,"My perception of time is starting to become angled, instead of curved.",the Sorghum Ratio always works for me,fifthworldproblems
dpwbwg5,My doctor calls it ADD but really everyone's speech is filled with hyperlinks.,take some 5http:// it helps,fifthworldproblems
dqex3la,"I posted #metoo, and my rapist ""loved"" the status. Struggling with navigating my anger.","if you want to know what he's up to but still have him blocked,  make a convincing catfish or bot account and add him on there is my suggestion",TwoXChromosomes
dqo7zhh,Today my mom call it Bitcorn. Yesterday it was CoinBit. Stay tuned for tomorrow's new BTC name.,"someone at my job yesterday referred to the deep web as the ""black internet""",Bitcoin
dr5xzvl,"I know it shouldn't, but Lexapro (SSRI) feels like MDMA","I've actually been experimenting lately with microdosing MDMA (not the smartest thing to do but used up my ADHD rx/have to resort to other methods of staying focused for a week or so and rn it's my only option), anyway I actually decided to microdose it because I used to take Lexapro a couple years ago and definitely felt that sort of hypomanic serotonin dump feeling when I first started taking it. I've actually found that throughout the past couple of days, microdosing MDMA has helped me with energy and improved my depression symptoms throughout the day (but not really with focus), but the only weird part is feeling that uncomfortable ""onset of a roll"" feeling for like 10 minutes about a half hour after I first dose. (I've been taking like half of the capsules it came in). instead of relieving anxiety that feeling has literally made me so anxious I've had to like stay in bed until it's over, then when it goes away it feels almost exactly like I've taken a therapeutic dose of Lexapro for the whole rest of the day and I just feel normal and not as depressed. super weird but yeah there def is a correlation there",Drugs
drbg158,"if small doses of MDMA improve my social anxiety, does this mean I'm autistic?","you're right. it was only for a few days, but yeah here i am, still kickin'",Drugs
drtt5f2,Ladders and the last of my 80mg of Adderall (=,how in tf do you get 80mg in one pill,drugsarebeautiful
dsn5cf9,going to sound crazy but i have a theory,woah,LSD
dsn67ft,What is the greatest realization you've had while on acid?,we are all on our own individual trips but we are all on the same big trip at the same time,LSD
duvidan,Problems with closing cabinets,"dude this is the truest shit i've read on here. forget all the people posting about not being able to focus in grad school lectures like la-di-da you fancy fuck so what, it's hard to even go about your daily life when someone's always yelling at you about the way you leave shit open or forget to do the most basic of household tasks like a civilized human.",ADHD
dvipq86,What do ‘normal’ people actually do with their time?,i feel like most normal ppl l8ly are just stoners and constantly listen to like future or something just blown out their minds but can't access their full intellectual ability idk,Drugs
dvipujw,"Do certain songs ever bring you back to one of your acid trips? If so, what song?",One time I (not in actuality only visually in my mind) hallucinated pixelated Bob Marleys while a friend was driving me home down a freeway while  I was on acid listening to https://www.youtube.com/watch?v=kHVv-CuhYZY,Drugs
dviuvlx,diff output,beautiful,fifthworldpoetry
dvl1wdr,did meth and hated it,"definitely; i had a really hard time sleeping for like 3 days after i did it and that period of time has kind of felt like a huge blur, it's just now going away",Drugs
dwpee5d,"""Special Interests"" / frequently changing obsessions which dominate your life?","woah. relatable. when i was a kid and initially diagnosed getting tested all that for ADHD they thought  i might have autism because I had obsessions and i guess people automatically tend to think that. but I had obsessive phases; like different topics of interest I gravitated to whenever I got bored. they were all really weird too like dodos (the ancient bird), hypnosis ((mainly because of these books I was really into about this girl who could hypnotize people; I went through a phase where I pretended to try to ""hypnotize"" everyone i knew just out of sheer boredom and it was so weird looking back on it everyone must have been like ""wtf is with this kid""). also definitely a harry potter phase; it def it wasn't an autistic thing though, it was just if something happened to grab my attention I would be obsessed with it for literally two weeks then i would move onto something else. i used to troll the other kids at my school and be like ""omg i have a new obsession"" every time it changed, like just to get people's attention. my last significant one i remember was about Alex Jones and 9/11 conspiracy theories when i was like 12, lmao. nowadays it still tends to happen when i'm introverted and bored, but in recent years it's been more ""normal person"" things mainly like ""drug phases"" where i research a certain drug to try and decide if i want to do it, then eventually try it. ( as risky as that sounds i really do do extensive research and try to be responsible bc i am a nerd) I don't think my tendency to think this way will ever really go away 
(oh and i would TRY to learn everything about my obsessive phases growing up but would always get distracted and just conclude with something like ""oh this is weird i'm gonna like this thing and talk people's ears off about the IDEA of the thing even though i'm not really knowledgeable"") (this recently happened to me at work, some guys were talking about the value of bitcoin and investing and different altcoins and even though i don't really know anything except how to buy it, i was like ""omg bitcoins"" but kind of to get a reaction out of them because once again introverted/bored phase of my life and i wanted to see if there'd be a sexist reaction like ""why does this GIRL know about COMPUTERS"" ((i'm the only girl at my job))
idk what's with this  inner need I have to troll people and make them think i'm ""weirder"" than i actually probably am. just boredom i guess",ADHD
dwpu7bm,Found this in my children (17 yo) room.. help identify,looks like ecstasy,opiates
dwwfr6l,"High IQ linked to higher risk of psychological disorders Depression, Anxiety, ADHD & Autism (ASD)",having an abnormally high IQ is graduating from high school with an IB diploma yet still being 23 without an actual bachelor's because of depression/anxiety,worldnews
dwwfu1v,did meth and hated it,lol i'm not that stupid to  develop an addiction. i mean thanks tho,Drugs
