Submission_ID,Submission_Title,Submission_Text,Subreddit
3h2h6o,Lexapro and DMT,"I eventually like..confessed it to him and  now we're really good friends so it's whatever, lol",Drugs
3n773s,pupils/reminiscing on an enlightening time in feb.,"I eventually like..confessed it to him and  now we're really good friends so it's whatever, lol",LSD
3pfb73,anyone have this type of sleep/dream phenomena? (inception-style sleep paralysis),"I eventually like..confessed it to him and  now we're really good friends so it's whatever, lol",LucidDreaming
4d2ep9,question about returning as an undergraduate/transfer credit,"I eventually like..confessed it to him and  now we're really good friends so it's whatever, lol",UTAustin
4d2gnp,information regarding ICC co-op houses,"I eventually like..confessed it to him and  now we're really good friends so it's whatever, lol",UTAustin
4fiz2r,Things that just aren't supposed to be like that (synchronized cats),"I eventually like..confessed it to him and  now we're really good friends so it's whatever, lol",Glitch_in_the_Matrix
4nezd1,Baby F-16- Panteros 666 (Indecorum Remix),"I eventually like..confessed it to him and  now we're really good friends so it's whatever, lol",Vaporwave
4sro0k,flyin from the lucy in my bloodstream,"I eventually like..confessed it to him and  now we're really good friends so it's whatever, lol",LSD
4vvhud,"I can't detect Lana del Rey at all, but still good","I eventually like..confessed it to him and  now we're really good friends so it's whatever, lol",Vaporwave
5byu3n,made this drunk in my room (scary but so is the future),"I eventually like..confessed it to him and  now we're really good friends so it's whatever, lol",Vaporwave
5cxmbc,microdosing SSRIs,"I eventually like..confessed it to him and  now we're really good friends so it's whatever, lol",Anxiety
5eltts,lucid dreaming/time travel/saw my reflection/weird coincidences,"I eventually like..confessed it to him and  now we're really good friends so it's whatever, lol",LucidDreaming
68c0cx,what does vaporwave make you nostalgic about/for?,"I eventually like..confessed it to him and  now we're really good friends so it's whatever, lol",Vaporwave
6aeam8,my dream last night,"I eventually like..confessed it to him and  now we're really good friends so it's whatever, lol",DimensionalJumping
6cxuxv,https://www.youtube.com/watch?v=ro1ePTmE_W0,"I eventually like..confessed it to him and  now we're really good friends so it's whatever, lol",DimensionalJumping
6i4irm,imagine dragons,"I eventually like..confessed it to him and  now we're really good friends so it's whatever, lol",Glitch_in_the_Matrix
7eekxw,I feel like Abed from Community is more ADHD than Asperger's/HFA,"I eventually like..confessed it to him and  now we're really good friends so it's whatever, lol",ADHD
7k1oaa,"if small doses of MDMA improve my social anxiety, does this mean I'm autistic?","I eventually like..confessed it to him and  now we're really good friends so it's whatever, lol",Drugs
7q789r,listen at 300-400ug (whole album is surprisingly good for tripping though),"I eventually like..confessed it to him and  now we're really good friends so it's whatever, lol",LSD
7q7eao,going to sound crazy but i have a theory,"I eventually like..confessed it to him and  now we're really good friends so it's whatever, lol",LSD
80au1q,anyone else dislike running into friends/people they know while at work or out trying to take care OTS?,"I eventually like..confessed it to him and  now we're really good friends so it's whatever, lol",ADHD
80aus6,deliberately avoiding running into friends/people you know in public while out trying to take care of responsibilities,"I eventually like..confessed it to him and  now we're really good friends so it's whatever, lol",ADHD
83lnr8,did meth and hated it,"I eventually like..confessed it to him and  now we're really good friends so it's whatever, lol",Drugs
8896nr,trick i've discovered for if you're a non-smoker with ADHD and have to go without stims for a short period of time,"I eventually like..confessed it to him and  now we're really good friends so it's whatever, lol",Drugs
8a8ehn,reminds me of growing up having ADHD,"I eventually like..confessed it to him and  now we're really good friends so it's whatever, lol",ADHD
