Comment_ID,Comment_Submission,Comment_Text,Subreddit
dwth0l6,Anyone ever heard of these or taking them ? Just wondering how they make you feel.,"Toradol is hard on the kidneys and liver, so be cautious. My local hospital won't let patients have it longer than 3 days because of it",opiates
dwth2ig,Anyone ever heard of these or taking them ? Just wondering how they make you feel.,It's very hard on the kidneys and liver. My hospital is super conservative with it as well,opiates
dwtkr9p,Bernese method,"Not in my experience. I normally only take 2mg or so a day and there's no way that's going to keep my receptors saturated enough to let me take a 48 hour dope break. I might be able to do 24 hours, but I personally wouldn't push it past there. I've had PWD so many times and I know what hell it is. Never again",opiates
dwtn3mp,Bernese method,Negligible. I might even be taking less than 2mg a day while using. I am on subutex an I just chip a chunk off of a pill every 6 hours or so. I have a very fast metabolism and taking small doses of bupe via IV tends to have a shorter half life for me.,opiates
dwu17lw,"Did Anyone Get Their Tax Refund Money yet? I did at 4 Am. At 4:05 i called the dboy. Didnt spend a lot, trying to cut down and save $",Speedball for first shot then binge out on cocaine for a few hours and then when the cocaine is gone you eradicate the comedown with more boy. Only good way to enjoy cocaine is if you have dope for the come down,opiates
dwutinq,today would’ve been your 23rd birthday. i miss you everyday darlin’ 💔,"Is this like a really old picture, because I don't see anyway you guys are older than 15 in this picture?",opiates
dwuuq0x,The come up,"Mmmm I love peanut butter fudge. For real bro, get some fent test strips. Not saying it's for sure fent, but the odds today are slanted towards the side of having no heroin, or very little heroin in it, especially with the way it looks. Can never be too safe when trying to avoid hotspots",opiates
dwuxqek,The come up,"I'm pretty sure he doesn't know what dick riding is...I'm almost positive ""dick riding"" is fluffing op, patting op on the back, treating him like he is the man, and any other way to possibly make him feel bigger and better than he is. He can be positive that he has straight dope, but I can almost guarantee you it's at least got fentalogue in it. The way I see it, if it gets you fuckin high without killing you, and it's got legs that hold you being well for 5+ hours, who the fuck cares if it's dope or fentalogue? It all does the same thing, so it's the definition of a moot point lol. This is so fucking stupid, as OP is too proud to test his shit or admit that maybe he can't identify opioids based on high alone so it doesn't matter. We all think what we think and he is stuck with his thoughts. It's a stalemate and we will never get an answer. Even tho that shit has fent in it for sure....",opiates
dwuyaam,My dboy who sold me these bricks invited me into his trap house to party. I politely declined,What's that stamp,opiates
dwuyfw5,JJ saves in miraculous ways,We just got hit with 2 inches yesterday,opiates
dwuzk1d,The come up,That's what it boils down to. The hotspots associated with erosion are far safer for a seasoned user than a fentanyl or fentalogue hotspot.,opiates
dwv3aqw,Been craving IV cocaine something fierce.,For sure. For me 3 hour coke binge = 50 new needle marks. It's terrible,opiates
dwv3ghq,Been craving IV cocaine something fierce.,"I've done this one time. It took such a small amount to get extremely fucking ripped, and luckily I did not miss any of it",opiates
dwv57jw,today would’ve been your 23rd birthday. i miss you everyday darlin’ 💔,Yeah that's what I figured. Sad situation. My best friend died of a methadone overdose 6 months after high school graduation. He was inexperienced and used to the short acting opioids like Vicodin and Percocet so every 20-30 minutes he allegedly took more until they all started taking effect gradually and then his mom found him thanksgiving morning 2004. This game will chew you up and spit you out real quick.,opiates
dwv7hc3,today would’ve been your 23rd birthday. i miss you everyday darlin’ 💔,"It sucks, but anyone who is familiar with opiates probably knows at least one person who who has died too young. I've lost a few friends due to heroin overdoses as well. It's almost like overdose deaths don't surprise me anymore. It's such a regular thing lately that you get almost numbed to the pain.",opiates
dwvlnkk,Been craving IV cocaine something fierce.,Haha plus cocaine being a vasoconstrictor also making your veins smaller and harder to hit,opiates
dwwx0gj,today would’ve been your 23rd birthday. i miss you everyday darlin’ 💔,"Yeah my state recently allowed Narcan to be purchased via a standing order without a prescription. Luckily if you have Medicaid, they cover the costs completely. $136.99 without insurance and that's fucking insane. The government needs to allow generics to be manufactured and sold",opiates
dwwy4b3,Update; My dboy accepted the ones.,I can get basically 2 coils for my tank for the price of 1 pack of newports. I've found vaping to be cheaper than smoking after startup costs,opiates
dwwz2k2,"Got my hands on these. I have NO idea how to use them, have only done oral and intranasal oxy. Would be so grateful if someone gave me a step by step. How do I get a needle?",You should find someone willing to buy these and spend the money on better opioids if you aren't into IV drug use.,opiates
dwwzgg5,Update; My dboy accepted the ones.,Yeah I have smoked like 1 or 2 cigarettes since starting vaping over a year ago and they both made me sick to my stomach from the taste,opiates
dwx0h1p,Update; My dboy accepted the ones.,"Haha I know the cycle. Cigarettes are harder to quit than anything else I've ever used. Not to mention after I did a big shot of dope, smoking a cigarette would have me nodding so hard lol.",opiates
dwx0tmk,"Got my hands on these. I have NO idea how to use them, have only done oral and intranasal oxy. Would be so grateful if someone gave me a step by step. How do I get a needle?","Damn that sucks. I mean you can always take that liquid orally, or shoot it up the asshole if you're into butt stuff. Personally I would IV or IM it but in the interest of harm reduction I can't suggest you do it. I would never recommend IV use to a non-IDU, that would be extremely irresponsible",opiates
dwx1nco,going to end up homeless soon..any tips?,"On eBay you can buy an unlocked iPhone 4s for $35 usd. It might not hurt to look on eBay in your country and see if you out can find an unlocked iPhone 4 or 4s for cheap and you can use prepaid SIM cards in them if need be. There has to be some options in your area for homelessness, I would contact your local dept of human services and look into homeless shelters or whatever",opiates
dwx1uyj,going to end up homeless soon..any tips?,"Homelessness isn't the worst thing in the world. I've been homeless in 95° F heat and I've been homeless in temperatures under 10° F. It's bad but it doesn't warrant suicide. You never know what tomorrow or next weeek has in store for you. You need to just try to ride it out and grind through it, it will make you a stronger and more independent in the end.",opiates
dwx405v,going to end up homeless soon..any tips?,"Well there's a start. Being homeless I learned you don't need the best of everything. You just need the basic essentials to get you started. You can upgrade your belongings as needed, but you need to have some way to contact people and a way for people to contact you. If you put your mind to it, this won't be a permanent thing. You can work your way out of this as long as you work for it.",opiates
