Submission_ID,Submission_Title,Submission_Text,Subreddit
5uzgal,Going nuts,"Toradol is hard on the kidneys and liver, so be cautious. My local hospital won't let patients have it longer than 3 days because of it",opiates
5vujf7,Finally an end to my drought?,"Toradol is hard on the kidneys and liver, so be cautious. My local hospital won't let patients have it longer than 3 days because of it",opiates
5wdodm,Anyone else hiding their use from significant other?,"Toradol is hard on the kidneys and liver, so be cautious. My local hospital won't let patients have it longer than 3 days because of it",opiates
5ybp4x,Almost said no.,"Toradol is hard on the kidneys and liver, so be cautious. My local hospital won't let patients have it longer than 3 days because of it",opiates
5yidg5,Just keep fuckin going once I get started.,"Toradol is hard on the kidneys and liver, so be cautious. My local hospital won't let patients have it longer than 3 days because of it",opiates
5yznqn,Precipitated withdrawals 2 times in 4 days lol.,"Toradol is hard on the kidneys and liver, so be cautious. My local hospital won't let patients have it longer than 3 days because of it",opiates
5zrz2b,Oh yeah! Putting on a magic show tonight.,"Toradol is hard on the kidneys and liver, so be cautious. My local hospital won't let patients have it longer than 3 days because of it",opiates
80qthp,Any scientists out there?,"Toradol is hard on the kidneys and liver, so be cautious. My local hospital won't let patients have it longer than 3 days because of it",opiates
8962f3,So apparently all emergency departments don't treat addicts like garbage.,"Toradol is hard on the kidneys and liver, so be cautious. My local hospital won't let patients have it longer than 3 days because of it",opiates
