Comment_ID,Comment_Submission,Comment_Text,Subreddit
dmdnse8,Middleman came thru,You're an excellent model for the ideal consumer. Good on ya lad,opiates
dmdq46p,Any other guys who work for a major audio hardware company?,"I don't get why you capitalized ""major""...

I asked one question and it's really not a loaded question either. The music business in general is a breeding ground for employees who do every type of drug, hence my curiosity for any people here who work for a similar type of company that I work for that may do opiates. Simple as that",opiates
dmeliwb,Any other guys who work for a major audio hardware company?,"Your comment serves no purpose here, you have no reason to contribute at all with that kind of tone.",opiates
dmeq1ac,Any other guys who work for a major audio hardware company?,"> I don't get why you capitalized ""major""...

How is this hostile in the slightest? Really what is your purpose here you aren't contributing anything useful to this thread whatsoever, please just take your assumptions and false definitions elsewhere",opiates
dmf3dvp,My trusty supplier,I feel like I read about someone who got caught via security footage doing this kind of a stint in this sub a little while ago...,opiates
dmf3fko,"I think these have become my ""lucky/pickup"" shorts.",Put on full blast sheesh hahahah,opiates
dmf4ubn,"I think these have become my ""lucky/pickup"" shorts.","> For me, I love the placebo effect it has. Since you've just snorted way more powder/lines/pills it feels like you had more than you actually had.

Placebo is a majorly overlooked phenomenon when it comes to the ritual for doing drugs, especially opiates via insufflation. The whole process before anything goes up your nose yet while it's all ready to go straight to your face plays a big role in how satiated you feel when all is said and done.",opiates
dmf501r,Just some pill porn...and....,"What a rarity, a real green xan on here for once lol",opiates
ds7z7ni,500 bucks and a guilty mind....,J you're a prick you deserve this all,opiates
dticuo1,Check your bank accounts. Tax return just hit mine.,Damn I did mine last week too and have direct deposit setup with no luck yet. They even told me in an email after I filed that I should expect the return sooner than the rest since I filed relatively early. Ideally I should have filed earlier than last week but I procrastinated for no reason whatsoever lol.,opiates
dtvb60b,Best book on Opiates you’ve read?,GoT series,opiates
dwmestf,Kinda looks like Spongebob,Those trails look pretty grimy man,opiates
dwmez3e,Tips and Tricks,Bananas contain quinine just fyi,opiates
dwmezc9,Tips and Tricks,Do not buy kratom from smoke shops it's not worth it. Online only,opiates
dwmxv66,New to Reddit! Picked up half a ball of some decent tar for $75 a couple days ago. What I have left of it. Pretty good deal if you ask me. Stuff is real solid and has a nice smell.,"In title: ""What I have left of it.""",opiates
dwp12pe,"Took an RP30... 30mg is what I normally take... in about an hour I was gasping for air, passed out for about 30 mins and woke up in an ambulance... I assume this was cut or pressed with fent but now I’m scared to do it again.",It's not about lying we just want to see how the pill looked since it was most likely pressed and would serve as a reference more than anything,opiates
dwspzmg,Can you mix hydrocodone with cyclobenzaprine?,"I've been prescribed both of those at the same doctors visit and was told it was a safe combination and to just not over do it. You'll be fine. Don't take more than 1 of the flexeril (cyclobenzaprine), it'll just put you to sleep. Works well to potentiate the hydrocodone though",opiates
dwt71ro,HALP,Name checks out,opiates
dwt8izh,Tramadol XR (best way to use),300mg is a good starting amount.,opiates
dwwfx53,Little dirty but definitely one of my faves for 10 dollars each,That's because it's one of the strongest opiates in pill form which in turn causes severe withdrawals,opiates
dwwg0os,"Holy Trinity, last of my OC 80, charlie rock and 2× 2mg clonazepam","Interesting, haven't seen those Roche kpins in a while. Usually all I see is the Mylan's or generic one's with the ""C 2"" on one side...forget that manufacturer's name atm",opiates
dwwg66j,Ran out of Jones,"Pineapple fanta is one of the best sodas to pour up with. No caffeine and tastes fire no matter what kind of juice you pour with (ex: caraco, quali, tech etc). I guess personal preference is real in this case. Legit never heard anyone talk down on pineapple fantas before like this",opiates
dwwgbaw,Update; My dboy accepted the ones.,LOL,opiates
dwwgbs3,Update; My dboy accepted the ones.,What a homie,opiates
dwwgfq3,Roxys Vs Pandas,First time I ever heard someone be apprehensive that opana might be too weak compared to oxycodone lol,opiates
