Comment_ID,Comment_Submission,Comment_Text,Subreddit
dwbylf4,"911 dispatchers of reddit, what are some of the dumbest calls you've gotten?","911, you trynna buy a pizza?",AskReddit
dwbzmyj,"[Serious] People who have met or dealt with Donald Trump in person prior to the race, what was he like?",*THEY'RE HERE*,AskReddit
dwbzr2k,"[Serious] People who have met or dealt with Donald Trump in person prior to the race, what was he like?",America *has* a Forrest Gump.,AskReddit
dwc0xp5,What is the oddest fetish you have heard of?,Now I wanna contact this dude and cash in on the art money.,AskReddit
dwc13v6,"Short people on reddit, What is the most original joke someone made about your height?",Got called little elf by my science teacher in grade nine and it's still a running joke.,AskReddit
dwesq1z,When you haven't eaten in three days,I don't even do stimulants I just follow this sub for posts like this one,Stims
dwiv8wf,Survey: 14% of U.S. adults use marijuana as a sleep aid,This isn't even a myth,Marijuana
dwj0hxs,"[Serious] Sex workers of Reddit, what was the saddest request ever made by a client?",She rocked it.,AskReddit
dwmgl85,"Paediatricians, what’s the strangest behaviour you’ve seen in a kid?",Poop,AskReddit
dwmkx0t,"What's the worst time to hear ""OH SHIT!"" ?",As the anaesthesia tech puts you to sleep.,AskReddit
dwng5a5,Cheers to everyone who’s smoking in secret right before going to a family Easter meal today,He has to take 244 tokes now,trees
dwoixvn,"Found in my grandfather's house, any ideas?",*You* should delete *this* comment,whatisthisthing
dwppp7d,TFW you’re trying to get clean but have a needle fixation,"God, I'm still trying to find something to replace gravol for the same anti nausea effects because if I don't watch myself I'll take it for that shitty feeling high.",opiates
dwq7q4y,Came into work high af and had this waiting for me as I clocked in... Happy Easter!!!,"I'm guessing at 240, please tell me Friday

(so many random people are playing some random workplace's jelly bean game now)",trees
dwq8e87,I started trying to learn rolling today. How am I doing?,"The far right is your best like the top comment said, eventually you can work your way to where all of them look like that. Curious if any of them canoed/ran?",trees
dwqe3kw,Heard you guys like horribly pressed bowls of keef 😎,I just came back to read this again and oh my god dude 😭😂,trees
dwqfbbf,"What is your Reddit ""golden rule""?","I do this too :') they made the effort to respond to me, and even if I'm not gonna reply I'll still up vote them, unless they're being shitty",AskReddit
dwricey,How would your 16-year-old self-react to seeing your SO?,"Well, my sixteen year old self is dating my partner's sixteen year old self.",AskReddit
dws4j4s,Moat of younwont believe this,"I believe you mean ug. Not mg. That's a very huge difference, try not to mix that up, and the ignorant poster calling you a stupid kid shouldn't even be on here.",askdrugs
dwswvd0,Found in r/rant. People who make fun of people for being virgins...,r/dumbassoftheday,copypasta
dwt43h8,What's your best piece of NSFW advice?,All I used to read was Twilight fan fiction and the only things I've picked up from it is how to smooth talk in Italian.,AskReddit
dwtqi0v,🤷🏻‍♂️🤷🏻‍♂️,I would kill myself for one of those pens,Stims
dwts3kn,First time meth user,"People should be upvoting this specific comment.

Seriously though, in your shoes I would give up meth.",askdrugs
dwtz31k,Which one of yall was this?,"yikes... she can make a good point but it's fucking meth, maybe if it was some lower stimulant",Stims
dww3pkp,Been craving IV cocaine something fierce.,We believe in you man,opiates
