Submission_ID,Submission_Title,Submission_Text,Subreddit
85p09u,What's the first thing you remember buying as a child?,"911, you trynna buy a pizza?",AskReddit
861chu,Heard you guys like horribly pressed bowls of keef 😎,"911, you trynna buy a pizza?",trees
86y6zv,I just got into the reset center? I thought we couldn't??,"911, you trynna buy a pizza?",u_LilMoonDeer
86y7et,I thought we weren't able to get into the Reset Center?,"911, you trynna buy a pizza?",AnimalCrossing
87edvh,Bowl Da Cherry,"911, you trynna buy a pizza?",G59
8a74lb,Does anyone else hate the head lightness that comes after a tolerance break?,"911, you trynna buy a pizza?",trees
