Comment_ID,Comment_Submission,Comment_Text,Subreddit
dvmyd7x,Real or fake?,Those are some 100% guaranteed FAKE oxycodone brother. Proceed with caution,opiates
dvpadtt,Familiar press ?,HAHAHA motha fuckas ain’t even trying anymore - those are disgusting looking,opiates
dvrdpzv,Advice? Anniversary ideas,How about anal,opiates
dvrv9yv,Advice? Anniversary ideas,Booooorrrrinnnggggg,opiates
dvrx7aj,Help me with a photoshop real quick!,"Hahahahah: “hey mom! Me, mark, connor and Chris are having a blast bowling. Thanks for giving me money to go. Look at the scoreboard! I’m killing them lol Jeff sucks. I won’t be home too late. Love ya!” - u/IsMayoANoveltyAct",opiates
dvuu3d7,Pharma blues to take the pain away,Nothing takes the pain away my man. They just mask it for a period of time,opiates
dvvgd0v,Take me away,Is it straight fent mix/pure white or is there a tan hue to it?,opiates
dw4f0ru,Cold cop was a success,"Wow cold coppin pills is not easy, especially real ones that look as pristine as these. Care to share how it went down?!",opiates
dw4ffv5,Anyone have some ideas for opiate themed tattoos?,"Yeah I have a great idea. Grow the fuck up and stop even considering getting the brand logo ofyour favorite pill. No need to advertise a pharmaceutical company that is fucking you up. 

Make this whole opiate thing a small stage in your life that doesn’t leave behind a permanent mark. .",opiates
dw4plpd,Oh we gotta do a shoprite run give me 10 mins “get ready” ya feel me? Lil white lol tan callit jet fuel,I have a feeling we would be good friends bc I too get fueled up prior to doing any sort of errand ever,opiates
dw4pzzv,How do i manage to quit if i have the greatest addict life ever?,This is defined as the greatest addict life ever? Damn we have some different standards,opiates
dw6rdk2,Question...found a new plug on whisper and he wants to use money gram for first timer. Scam?,Scam city don’t even give it a second thought,opiates
dwpg0to,About to go cop with the money I hustled today,Sad definition of hustle frankly,opiates
dwru6q1,In love with a user,Hahahaha bingo! This seeems like it’s going to end in OPs favor for sure! How long until she sets up OP and has her deadbeat bf stick him up,opiates
dwsymxt,opiates n kpop,Hahahah y’all a buncha weird motha fuckers. Getting high and watching KPOP?! I’ve really heard it all. Are you at least Korean?,opiates
dwt5b6c,"Did Anyone Get Their Tax Refund Money yet? I did at 4 Am. At 4:05 i called the dboy. Didnt spend a lot, trying to cut down and save $",It’s not like they just take your return if you have loans. Those loans have to be unpaid.......,opiates
dwt5bim,"Did Anyone Get Their Tax Refund Money yet? I did at 4 Am. At 4:05 i called the dboy. Didnt spend a lot, trying to cut down and save $",It’s not like they just take your return if you have loans. Those loans have to be unpaid.......,opiates
dwt5hvp,In love with a user,“Power of the pussy” - me,opiates
dwt752t,Don't be like me and get too excited after copping,My god people are unbelievably stupid. Imagine being so stupid you eat your entire pickup like a snack size bag of fruit snacks then get held in the psyche ward Bc you pretty much tried to kill yourself? I’m sure you’re like that 7 days spent in a hospital bill.......,opiates
dwt83ku,Just got my nipples pierced again.,Dump em out then. Pics or it didn’t happen. I know you didn’t get them pierced so you could look at them by yourself,opiates
dwt8f5s,A SFW Boof Time!,Are you going to show us your bicycle wheel? I hope it’s bleached,opiates
dwt8lfj,"Bring it on, dope. You don’t stand a chance",A real man would boot the rockstar. Y’all talk  about a rush!!!!!,opiates
dwts53e,Kind of annoyed,Fuck right off,opiates
dwv3noc,Ok experts. Which one is real and which one is fake?? One is from a sealed bottle and one was bought online that was marketed on a site as “movie props” it’s simply a sugar pill..,One on the right is fake,opiates
dwvv9j7,Anybody else freezing on subs?,"You literally jus said you were ALL GOOD on the following, which are all death for anyone in WD: mental anguish, ability to sleep, energy to move, hot flashes. 

AND YOURE COMPLAINING ABOUT BEING COLD?! You’re coming off dope pain free and you’re complaining bc you need to wear a jacket?! Unreal -get a fucking clue",opiates
