Submission_ID,Submission_Title,Submission_Text,Subreddit
4ntfhl,Trying to fill legit script,Mouth Watering. I haven't been able to find the big greens in forever and I'm in the heart of the biggest city in the Midwest. Enjoy,opiates
4tb1xj,Question about Sub WD and how to combat it,Mouth Watering. I haven't been able to find the big greens in forever and I'm in the heart of the biggest city in the Midwest. Enjoy,opiates
4zuucz,"3 Questions Regarding Kratom, Please help if you can you fine people. Thank you",Mouth Watering. I haven't been able to find the big greens in forever and I'm in the heart of the biggest city in the Midwest. Enjoy,opiates
50aq8l,What is the best medicine for early H W/D. Help Appreciated,Mouth Watering. I haven't been able to find the big greens in forever and I'm in the heart of the biggest city in the Midwest. Enjoy,opiates
