Comment_ID,Comment_Submission,Comment_Text,Subreddit
dux41y3,Gonna be a good afternoon,"True, but he doesn't have escrow enabled, so it's technically always FE, just gotta try to stay safe",opiates
dux5q98,Gonna be a good afternoon,"Yeah exactly, I only buy around £65 a time, so it's not the end of the world should anything happen, just gotta keep an eye on them",opiates
dux7ynq,Gonna be a good afternoon,"When the vendor continues taking orders, & pretend to have sent them out, so they get the money, but the customer gets nothing, then by the time everyone's realised what's happened, it's too late, the vendor's run off with a load of people's money & deleted their account or something",opiates
duxemzc,Gonna be a good afternoon,"I don't have any haha, I do have plenty of other things I could use, but this is just the most convenient",opiates
duxvrv2,Gonna be a good afternoon,"Yeah it happens, normally, at least from my experience, it's a vendor who's been honest for a long time, years maybe, and then quit, but some do go honestly without scamming, and some don't go at all, staying loyal",opiates
duyhi6i,Can you overdose from smoking black tar heroin?,"Yes, you can OD whatever your ROA, you're puking loads cos your tolerance isn't high enough to handle it. You should be fine, just don't do any more, stay hydrated etc, it's rough on you when you have little to no tolerance",opiates
duz11n0,Vein vs. Artery,"I remember hearing it's to do with the fact arteries take oxygenated blood away from the heart, so injecting straight into one causes H molecules to be directly absorbed into capillaries, which I'm *guessing* is painful because of the size of the molecules relative to capillary walls 

Also, I remember hearing somewhere that arteries have more nerves/pain receptors compared to veins

I'm not 100% sure about either of those since I heard it a long time ago, so I'd take it with a grain of salt",opiates
dv0dsa3,Gonna be a good afternoon,"If it was Afghan or Turkish, & if sniffing it is effective",opiates
dv4uw25,Jesus christ a little help here,"Damn, sometimes I get curious & wanna try meth, then I read things like this & realise I would completely lose my shit, & probably never recover

Glad you're safe though op, maybe lay off the crystal for a while",Drugs
dv50ik7,Jesus christ a little help here,"Definitely, I'm just curious about all drugs, but stuff like meth genuinely scares me sometimes, so I'm sure I'll never try it, appreciate the warning",Drugs
dv5a3hz,Things that you do only when you're high?,"Pretty much everything, I get real bad depression sober, & can't motivate myself to do anything",opiates
dv5adnp,Meth for Heroin WD,"I've never tried it myself, but thinking about it, I'd imagine the comedown would be hell on top of withdrawals, just something you might wanna consider",opiates
dv9oc8j,"You stole my money, didn’t you, Mother","Idk about other banks, but mine does paperless communication, so you get everything, including statements, via email, you could see if any near you do that u/Throw_Potato, and if your mum has access to your email, you can always set up a new one",raisedbynarcissists
dv9q9m1,How did you start using heroin?,"For me, it was a mix of curiosity, & suffering really bad depression. Since then, I've become actually happy, & strive to actually better myself. I know people say eventually it'll fade away, but even so, the things I've learned about myself in this time I believe will still leave me happier than I was before",opiates
dvbu9ww,Girlfriend had her first drug dream last night lol,"I've had dreams about dope every single night since I first felt withdrawals, although there have only been a few where I've actually used, and all of those times something goes wrong & I can't get high. Interesting that you do though",opiates
dvn4cwd,Restless legs,"As well as everything everyone else has mentioned, magnesium supplements definitely helped me",opiates
dvney95,I know it’s not opiates but it’s cookies and cream,"Pretty sure it's weed, so ya boof that shit",opiates
dvnm8rq,How much will fent affect dope tolerance?,"Yeah like I said, it's literally because I was desperate & it was all I could get til tomorrow, I don't plan on messing with it any more, but it shouldn't have too much of an impact on my H tolerance after a couple tiny lines on just 1 day right?",opiates
dvno64g,I know it’s not opiates but it’s cookies and cream,"Na bro, you gotta snort that shit, what you think grinders are for??",opiates
dvno958,How much will fent affect dope tolerance?,"Damn, that's shite, hopefully as H is stronger than pills, it may not be as bad",opiates
dvonmwa,Friendly PSA about sleeping and opiates...,"Any idea how ROA would have any effect? I,feel like yeah IV, and probably smoking, you'd have a short timeframe, because it's absorbed much quicker

But what about say sniffing, or boofing, idk about boofing, but sniffing can take some time to absorb and peak, just curious. Thanks, and I do really like this post",opiates
dwd97we,Mate I'm so fucking HAPPY,"Aye it's decent, I mean it's not the best I've had, but it's by far not the worst",opiates
dwdluil,Mate I'm so fucking HAPPY,"See it's pretty rampant here too, but it seems unless you properly know the person, it's damn near impossible to get, idk it's weird here",opiates
dwfhvsd,Any other emo dope fiends in this group?,"I try & deny it, but deep down, I know I'm still the same emo I was when I was 15

Though idk who those bands are, I'm getting old & only really follow a few artists nowadays",opiates
dwugean,Found out I may possibly only have a few years to live,"Damn, that's heavy. I can't even begin to imagine what you must feel, but I do know what it's like to want to experiment, & honestly it's a tough call. If it were me, I would absolutely be for trying as many substances as possible, & wanting to see how different things affect you (which is one if the reasons I got into drugs in the first place, the different ways the mind can be affected by these chemicals always fascinated me), especially if I only had a few years left, but I've always been self destructive & never gave a shit about the risks. So yeah on the one hand, I'd say why not, experience everything life has to offer while you can 

On the other hand, I don't want to be the person who says ""yeah man opiates are cool, don't worry about the consequences."" Because as much as I do love heroin, & as much as it has helped me through my shitty excuse of a life, I know & have seen how much this shit can ruin you, yes you may only have a couple years, but that's more than enough time for this stuff to take control & completely ruin what you have left, leaving you more miserable than you were beforehand

Sorry for the huge wall of text aha, I guess what I'm trying to say is, it's your life, your choices, and if you do decide to go down this path, do so with moderation in mind, the first time I did smack, I knew it was over for me, I knew I couldn't live without it, but I manage to use responsibly, making sure I can pay rent & eat enough etc, so that's all I can advise",opiates
