Comment_ID,Comment_Submission,Comment_Text,Subreddit
dwrc2wb,"I know I relapsed the other day, but I can do this, guys!","Maybe you should unsub from any drug related subs other than recovery ones. Outta sight outta mind...jk once an addict its on your mind all the time. Good luck, 90 meetings in 90 days",opiates
dwrcair,Today’s pick up,dope in metro areas suck dick. better stuff lies outside 'downtowns' and shit,opiates
dwrcf0q,I know what my problem is-- I want to use heroin forever.,"I feel for you. Remember, before you got into this shit you felt normal just waking up everyday and had cash in your pocket or in your bank.",opiates
dwrci7h,30 days off of heroin,congrats brother. stay at it,opiates
dwrclp0,Am I a fool for falling back in the trap?,Big book bro,opiates
dwrcp9k,Best rc benzo for high tolerance?,Clam and flam,researchchemicals
dwrd7wd,What happened to roxies?,Tramadol is a doctors preference now I guess. I think ODSMT should be prescribed instead.,opiates
dwrdf4a,What happened to roxies?,amen,opiates
dwrdr6g,TIL...,"""Dude I move weight like a motherfucker hmu anytime g"" 

I'd be a millionaire.",Etizolam_2
dwrecoi,Admin Rick,you make all these posts about madcapz being dedicatedresearcher then why the fuck would he say send the cops to his house if he's is madcapz. go buy a double ended dildo and have anal with your mother,Etizolam_2
dwrelxy,WARNING on gohard,Sure you dont.,Etizolam_2
dwreo13,What happened to roxies?,That goes without saying,opiates
dwrfdfx,Admin Rick,"Oh Im madcapz too now? ROFL Stick to writing your diary posts like a cute little prison faggot you are. Make sure in your next one you slip in ""oh my gawd my cellmates cock was so big i came all over my bunk every night""",Etizolam_2
dwrg2b9,Admin Rick,"Im not upset I just see you saying EVERYONE is madcapz as a fucking joke...do some actual research other than the ones that have already been confirmed as madcapz.

by the way, who gave you permission to take that dildo out of you and your moms assholes?",Etizolam_2
dwuc5ws,Getting opiates filled.,"Man the fuck up. It's clear you're just trying to get these scripts to get high judging off your post history. A broken bone hurts, yes...I've broke my shin once playing rugby, and in another instance I tore whatever ligament that holds your shoulder in its socket and dislocated it probably 20 times before I had surgery. And just 2 weeks ago I ripped that same muscle again. Just this morning I woke up with my shoulder dislocated and popped it back in. 

I never asked for scripts. I fucking got a 2 week supply of hydro and that was it. I didn't ask for it. 

You've admitted you have addiction issues here, and that you recently ""OD""d on clonazolam in your post history. Kids like you are the reason why docs are so hesitant to write scripts for people in real pain that actually NEED meds",opiates
dwucptl,Getting opiates filled.,"https://www.reddit.com/r/Etizolam_2/comments/89s6us/welp_fuck_rehab/

>[–]Jonm2018[S] 0 points 11 hours ago 
>Not quite yet. I'm omw to get heroin again. And my dad just bought 2 fifths. So I'm gonna have to drink with him to avoid the police being called. I hate drinking.


You're gonna fucking OD again mixing heroin and whatever benzo script you get.  What a great dad btw. buying his son heroin",opiates
dwuctvj,Queentilla onion site review,holy fuck do you not know how to hit the 'enter' tab twice to make paragraphs? Ill teach  you....you hit the enter tab twice and it makes a new paragraph.,TheRealEtizolam
dwud15a,Getting opiates filled.,"You're right, Im man enough to admit a reading comprehension mistake. I just assumed  your dad took you to get H since you mentioned he had just bought two bottles for you guys to drink. But seriously, the #1 cause of ODs are from mixing benzos and opi's and unless you have Narcan laying around you better hope you dont close your eyes.",opiates
dwudn6x,Queentilla onion site review,"K, got ya",TheRealEtizolam
dwudt85,Getting opiates filled.,"You ever seen trainspotting? I fucking hate that baby scene. Instead of buying dope why dont you, like I saia,d DEAL with the pain so you can put that money towards making sure you and your boy are squared away financially until you're able to get back to work. Wouldn't that be what a responsible parent does? 

If you cant do that, put him up for adoption to a family that can provide a better home environment then you can - blunt, but real. Unless you really do plan on getting clean and holding a job down.",opiates
dwuerhy,Getting opiates filled.,"The broken shin was in my HS days, where plenty of bones are broken and we dont get all doped up asking for multiple scripts. Handle the fucking pain. I started working construction as a laborer when I was 17 and worked in construction til I was 24 so dont think I dont know what hard manual labor is. I aint a junkie. I got clean over 2 years ago. And guess what, to this day I STILL TO GO MEETINGS. 

You, instead,  go score dope when theres other alternative out there like Kratom from a head shop (even though head shop kratom sucks). A good amount of some red would have done you well. Just admit it dude...you want to get high. Plain and simple. I see right through you.",opiates
dwuf0ch,RC Party!,Gimme some of that candy!,DrugStashes
dwuf21r,Getting opiates filled.,"Did I say I do Kratom? I said yoou could have gotten some kratom. Reading comprehension. But whatever, go get your scripts , score your dope and close your eyes bud. Life is cruel.",opiates
dwwcxmo,Queentilla onion site review,"Queentilla supposedly threatened she was going to report another well known overseas vendor to her sister who's a ""fed""

The queen of chinchillas.",TheRealEtizolam
dwy9l44,Nice,"Wont read a sidebar cuz he a straight mofo but he's willing to read people's comments, gangsta",TheRealEtizolam
