Comment_ID,Comment_Submission,Comment_Text,Subreddit
dvhu54o,I think I might be a weirdo...,I get a halfie just smelling heroin,opiates
dvj26nf,Reasons not to relapse.,This made me cry. God bless you. I wouldn't be where I am if it was for my mom not giving up hope with me,opiates
dvkpi0j,Some subs while playing fortnite,Love zubsolv over suboxone allllll day. That menthol flavor tho,opiates
dvlo651,help finding new clientele?,All you need is a few steady customers that you know enough to not fuck you over and their trusted junkie friends and u got every day money my friend. No fronts. Throw freebies for referrals that keep coming back,opiates
dvmie1i,VETERAN TAR CHASERS I NEED YOUR ADVICE.,"I find i get better longer trails when I use bigger pieces but that's just me, I know how to do it really well",opiates
dvomr5a,Should i trust This?,If they smack flip those sons of bitches man,opiates
dvqrzfz,Basketball diaries,Man that movie hits me deep,opiates
dvqs6vu,Xanax 3mg bars,One time my boy made some 5mg red bar presses. Wish I had a picture but it was just so funny lol they slapped,opiates
dvqsb8r,Sexual,Me lmao. I always like to think I wouldn't like a girl that was attracted to the junkie in me but my previous lovers have proven otherwise,opiates
dvr4dqk,I don't care how many kids protest. I for one will never stop shooting,Lmfao,opiates
dvsqe2i,What do opiates sound like? Music to describe the feeling.,My jinji - sunset rollercoaster,opiates
dvsxovy,"How many of you jumped straight into H before anything else? Literally everyone I know including my mother and stepfather made the jump from hydro and oxy to dope, I’ve never known anyone personally that jumped straight into h","I went from weed at a young age tried x and molly around 14, LSD heroin and meth at 15 and mainly heroin took over my life from there",opiates
dvucqvw,one of my favorite movies to nod to (Requiem for a Dream),I haven't watched that movie since my ex and I split it was our movie 😿,opiates
dw0dkdu,combined h and addy and a lot of weed also I took 1mg of xanax at like 11alock,"""I feel like I'm vibrating"" I love that feeling lol meditate and say ommm",opiates
dw1s7pe,"Experienced H users, are you able to dab ECP, I know you can dab tar and I’ve dabbed a small amount of Xanax before just all crushed up, so I don’t see why H wouldn’t work, does anyone know anything about this? Like how much it would waste and such.","I once had some fire sauce that I literally payed 35 a g for (at plug price I was selling mad weed just hella fire wax for personal) and mixed a fat dab of the sauce, bth, and coke and boyyyyyyyyyyy did that get me lit",opiates
dw3qegk,Turns red on foil,Post pic of trail and rock I'll tell u,opiates
dw3xcpb,I puke everytime I smoke raw heroin?,Lmao I so feel you on that,opiates
dw6gnl3,Took a 5 month break. Picked up some tar. Any good methods to dose appropriately till I figure out my tolerance?,Smoke off foil keep trying till u perfect ur method,opiates
dw6th4u,Who’s noddin rockin that new PUBG Mobile?,Bro me !! I'll add you after I roll up,opiates
dw80wck,Ice help. No pipe.,Just do foil if you know how to smoke pills same concept. Just lightly heat and make sure it runs cause meth will just burn a whole thru it if you let it burn in the same spot,opiates
dwc03mt,How much are you paying for heroin where you're at?,El foil loko,opiates
dwd00e4,Psychedelics during active addiction?,Bro honestly put a bar and your shroomies in a fruit shake and do your dope when you're done being fried af. Best times,opiates
dwhyjnr,Relatable addict story,Damn I so feel you lmao been there,opiates
dwmkihq,Kinda looks like Spongebob,Same,opiates
dwyphuw,"{F}irst post, happy nods🖤","Love the piercings, stay hiiiigh",opiates_gonewild
