Comment_ID,Comment_Submission,Comment_Text,Subreddit
dw3ymi5,Poorly fried egg on dollar store ramen,Exactly. As you are cooking the ramen in the boiling water just crack the egg in there. Can boil it whole or can stir it into the noodles. Yum.,shittyfoodporn
dw455uz,Poorly fried egg on dollar store ramen,I can only upvote once mate :D,shittyfoodporn
dw6kj9x,Or you could teach your kids not to be assholes,"Forget the dog, I have had this kind of drawing done to me while i was passed out on a couch. By people who are in their late 20's! Four lokos get the best of everyone though i suppose.",trashy
dw6km05,A coworker of mine. Hearing him talk at lunch is always... eye opening.,"Seems like a rational, and compassionate human to me. Marshmallows are awesome.",insanepeoplefacebook
dw6rjcr,A coworker of mine. Hearing him talk at lunch is always... eye opening.,Yeah definitely dont want any confrontation from a person so well rooted in reality like this guy hahah,insanepeoplefacebook
dw7ltt8,My breakfast for dinner tonight. Ham&egg sausage bacon.,No but i feel like my paper plate and plastic cutlery real add to the feel. I just took the picture on top of a leather bench seat so it kind of looks like im holding the plate in the dark.,shittyfoodporn
dw99z1h,Made BBQ Pork Nachos tonight because my wife left me home alone. Then I got stupid with it and added Deluxe Kraft Macaroni. I’m about to have a BM that’s the definition of this subreddit.,Love the editing with the pictures. Food looks awesome.,shittyfoodporn
dw9v7lh,cold copping gone wrong.,I have never seen this before. Its hilarious. What movie is this from?,opiates
dwb5mpa,Another pick up of 10 8mg dillies and decided to my sugar fix while I was out. Enjoy friends:),Yo message me the teamspeak info if ur down to play something,opiates
dwb5sf7,How to get your plug to come for a small amount (yes i know its kinda fucked up),Preach,opiates
dwb5wkk,Birthday Milestone,Love this.,standupshots
dwb6nla,"Is taking in 2,925mg of acetaminophen dangerous?",Just dont do it every day. I used to try to get my hands on anything i could for years and that meant if i couldnt get dope i would buy out somebodies whole script of vicodin or perks and eat them like candy. Now if i take even just 2 ibuprofen or aspirin i will throw up blood the next day because my stomach is shot from all the nsaid's in the pills. Try to CWE them if u are going to make a habit of it. I have been clean for over a year now and still have health issues from all that apap,opiates
dwb6prb,"Is taking in 2,925mg of acetaminophen dangerous?",Yeah and stomach lining. Drink water and eat a little something before you take them. Over a year clean and my stomach is still fucked.,opiates
dwb8y40,Trashy tailgate snack,All i can think about is hepatitis while i watch this. On repeat. Alone. In my bathroom.,trashy
dwb8ymv,Trashy tailgate snack,Likely,trashy
dwb9349,How long should I wait after drinking to take hydrocodone?,God tier burn?,opiates
dwh3n2k,Girl thinks pedophile is hot,"Im not even religious. But when i first read this i said out loud, ""This girl needs god"". Lol",trashy
dwh3pzq,Late night snack,Giving you an upvote for using same paper plates. Add cheese next time :D,shittyfoodporn
dwh44tp,I'm so scared,"With his hand like that, it looks likr he might fear your throat out like the guy from roadhouse",iamverybadass
dwhp0go,"Well, we have all been in this predicament.....","One time i couldnt fet any clean piss from any friends and had to resort to askiny my next door neighbor in a sort of cold copping situation. Knocked on his door and explained the situation and he said okay. He ended up pissing into a ziplock bag and came back to the door and handed me it. I was literally running late to go do the drug test and so i just went home and used a bunch of scotch tape to tape it around my leg. I am in the bathroom at the place and am trying to take it off my leg and the tape kind of makes noise and outside the door i hear ""is everything all right?"" So i had to resort to ripping off the corner of the plastic bag and emptying it into the cup. I got piss on my hands and it was doing dribbling on my leg.  Gnarly shit. Funny meme. Definitely can relate.",opiates
dwhpb8t,I got pulled over today..,I have literally had this happen to me before. They will say they got a hit because i think they have a signal they can give the dog. I had nothing in my car and they thought i was stoned even though i was just dopesick. I wonder if there is something you can do about that kind of police harassment.,opiates
dwi4mbu,"Well, we have all been in this predicament.....",This was me and i passed the drug test and got the job,opiates
dwjetf6,Need more souls!,"Or you are playing hardcore mode on Path of Exile and get to kitava in act five, and know that you could get one shot.",memes
dwlrnnz,This double pizza roll i found while cooking some,I have eaten pizza rolls for years its a staple food to make before and while drinking at my house. I have never seen a double though. Totinos is hooking you up if your getting one per 2 servings :D,mildlyinteresting
dwlxo0z,This double pizza roll,Ate it. Whats weird is it had the filling of one pizza roll but the breading of two. So it was mostly empty space haha,oddlysatisfying
