Submission_ID,Submission_Title,Submission_Text,Subreddit
70xl1e,Methadone clinic and relapsing,Exactly. As you are cooking the ramen in the boiling water just crack the egg in there. Can boil it whole or can stir it into the noodles. Yum.,opiates
7zftco,Anyone else relate to this?,Exactly. As you are cooking the ramen in the boiling water just crack the egg in there. Can boil it whole or can stir it into the noodles. Yum.,opiates
81h0yh,ICE COLD COORS LIGHT,Exactly. As you are cooking the ramen in the boiling water just crack the egg in there. Can boil it whole or can stir it into the noodles. Yum.,copypasta
81swkr,Just saw this image posted on FB,Exactly. As you are cooking the ramen in the boiling water just crack the egg in there. Can boil it whole or can stir it into the noodles. Yum.,u_moon_meander
81sxqb,Sad mail,Exactly. As you are cooking the ramen in the boiling water just crack the egg in there. Can boil it whole or can stir it into the noodles. Yum.,u_moon_meander
85uglw,Taken from /r/dankchristianmemes,Exactly. As you are cooking the ramen in the boiling water just crack the egg in there. Can boil it whole or can stir it into the noodles. Yum.,opiates
864as5,Chili-cheese tots. Making the most out of about three dollars.,Exactly. As you are cooking the ramen in the boiling water just crack the egg in there. Can boil it whole or can stir it into the noodles. Yum.,shittyfoodporn
86c0sv,From /r/gifs,Exactly. As you are cooking the ramen in the boiling water just crack the egg in there. Can boil it whole or can stir it into the noodles. Yum.,gifsthatkeepongiving
86qj0i,My breakfast for dinner tonight. Ham&egg sausage bacon.,Exactly. As you are cooking the ramen in the boiling water just crack the egg in there. Can boil it whole or can stir it into the noodles. Yum.,shittyfoodporn
879ifl,Cursed_cake.jpg,Exactly. As you are cooking the ramen in the boiling water just crack the egg in there. Can boil it whole or can stir it into the noodles. Yum.,cursedimages
8847ws,After doing a fat shot after taking valium/xans.,Exactly. As you are cooking the ramen in the boiling water just crack the egg in there. Can boil it whole or can stir it into the noodles. Yum.,opiates
88mtbr,This double pizza roll i found while cooking some,Exactly. As you are cooking the ramen in the boiling water just crack the egg in there. Can boil it whole or can stir it into the noodles. Yum.,mildlyinteresting
88mx1t,This double pizza roll,Exactly. As you are cooking the ramen in the boiling water just crack the egg in there. Can boil it whole or can stir it into the noodles. Yum.,oddlysatisfying
