Comment_ID,Comment_Submission,Comment_Text,Subreddit
dw96ft2,For everyone who’s ever gotten scammed or robbed on Craigslist.. this 4 grams is for you😭😘,How us the difference between fire shit and ok shit 5 dollars? And where are u getting ecp fir 50 a g? Sounds fishy...,opiates
dwa1i6n,Some advice?,Theres usually posts in the for sale section,opiates
dwec57w,"What are the ""laws"" of dope addiction?",Its the ten dope commandments,opiates
dwecyze,"Two grams. The difference is amazing; what used to look like sticky melted black goup, the smell of which would make normal people want to yak, to us looks like the most shiny delicious “sticky black goup” worth its weight in gold, the smell of which makes me salivate with eager anticipation. 😍😋😋","All u got yo do is put the sticky plastic bag on the foil, stickyside down and press with your thumb and forefinger, one finger on top of bag and one under foil, until it is stuck on there realll good then rip the bag off super fast and it will transfer all the tar to the foil and ur bag will be clean. Has saved me many a times esp in the aummer when its hot.",opiates
dwedywz,ECP in the west coast,Really seems like some fire gunpowder based on the way it smoked and how it burned when sniffes,opiates
dwf8s2t,Running doesn't get you high.,THANK YOU! I got stuck behind a gaggle of them bitches in the springs other day,opiates
dwg9ihz,scored a lot of reclaim from my tutor,Sticks n stems,opiates
dwi3kby,Anyone else done did this ?,So are they connected to d rings on both ends? Kinda hard to tell on left side of pic,opiates
dwlj6df,Anatomy of a dope fiend (original artwork),Love the wu tang underwear,opiates
dwlp61g,Anatomy of a dope fiend (original artwork),Classic. Great artwork! Keep it up,opiates
dwlpd4m,I gotta ask how do you guys come up with money for your habit? I’m not employed and I’m about to lose my hustle for good and it’s been giving me panic attacks all week. I been applying for jobs all week with no luck ugh,Theres day labor like labor ready where u work for the day get paid for the day same day,opiates
dwlpg0w,for the good old days.,Money is the dirtiest thing you could ever put in your mouth. Get a pen at least and upgrade my friend.,opiates
dwlq8ic,new dboy plug paid 40 and got .7 of this fire 🔥🐐 did a half a point and starting to nod and I'd say so far it's a 8 or 9 / 10 he also has 2 other kinds a celery kind that all rocks and a very white kind which he says is fent but I personally hate the fent high and picked up far cry 5 on way home👌,"Woah 180 a g? Even 120 for bth, wow! What general region are ya in?",opiates
dwmkeru,Just out of curiosity,Cuz white ppl love Reddit,opiates
dwn984a,Anyone have a favorite dope fiend that they admire/idolize from the past or present?,Jerry fucking Garcia,opiates
dwovdc6,My Buddy Claims This Was Half a Point - He's Retarded as FUCK,.05 is half a point. A point is .1,opiates
dwp74jp,got a new stamp that made me feel like I just smoked a bowl of weed..?,That's such an amazing feeling. What kind of job?,opiates
dwroj6u,got a new stamp that made me feel like I just smoked a bowl of weed..?,"Thats awesome, i work in education as well. Such a great field. Is your user name a reference to hooping? As in flow arts.",opiates
dwt8ic5,G76 15mg extended release,False. Don't eat it,opiates
dwtd2j9,Oh boy... I've seriously done it now...,This is chess it aint checkers,opiates
dwtdesh,A SFW Boof Time!,"Jeez... You know you have a choice to click on a post right? You consciously made that decision so you really have no room for criticism. She didnt invite you, you invited urself to this. And wanna know how i know ur gay? Cuz u hatin on azz n titties. Get a life",opiates
dwtkvdb,The true cause of the opioid epidemic,"They would just put the tools down if they wanted to do em bad enough, hank.",opiates
dwtq2d6,got a new stamp that made me feel like I just smoked a bowl of weed..?,"Good on ya. Im a bit of a dooper, dude hooper, myself and do a bit of staff work as well. Ever spin fire 🔥?",opiates
dwtrew9,Day Off Vibes,"How cute, bless your heart",opiates
dwvocno,me in a nutshell,Lol @ cumming lava,opiates
