Comment_ID,Comment_Submission,Comment_Text,Subreddit
dw94px1,What happened to r/soccer?,"What was getting deleted on here? 

I think the original reason I stopped visiting was when there was a lot of down-voting based on opinion and club supported.

I can ask remember mods getting annoyed when you called them out, have been banned before because I said someone wasn’t a supporter as they didn’t go to games (in an unpopular opinions thread).",soccer
dw94qng,What happened to r/soccer?,I’m sure this post will get deleted too.,soccer
dw94xd1,What happened to r/soccer?,I’m sure people know who.,soccer
dw95wc0,What loan players have been key to a season?,No idea why I replied to this comment!,soccer
dw95wq3,What loan players have been key to a season?,"For Fulham this season, Mitrović has scored 7 in 9, and Targett has been spectacular at LB.",soccer
dw95xoh,What happened to r/soccer?,How can I tell if a post has been deleted?,soccer
dw96akl,Can England really win the world cup and why the fuck don't the FA care by HollandSk8erGirl,Love the username!,soccercirclejerk
dw9q4u4,Banned from r/soccer over nothing,https://imgur.com/a/KqJ19 - mod comment,banned
dwbv9ge,That's a pretty impressive battery life my friend,It’s on mains 🙃,softwaregore
dwl7xxk,Reminder for today!,I got 1 - 12. Forgot how fast these games used to be compared to what we have now.,HalfLife
dwldfbt,I’m just going to stand here with this beer...,Long Live Southbank,WhyWereTheyFilming
dwldjc3,What's the appeal of opiates?,"I think a lot of it depends on the situation a person is in when they start. If you want to escape something, they do a good job of it. 

Don’t start",opiates
dwldmnp,Codeine Question,"I’m pretty jealous you can so good off 120, I’ll take 350+ (there’s a ceiling here anyway) and not get a great buzz. Just a lot of itch. 

Just a friendly reminder that it’s a slippery slope and all that.",opiates
dwle9ci,Anyone got some decent ambient music to nod to?,"Have saved it, thanks.",opiates
dwlejye,The /r/Drugs Official Discord is now open!,Says link expired for me. Any idea what I’m going wrong?,Drugs
dwlf3tg,Today I am one year seizure free,What diagnosis and mess if you don’t mind me asking? :),Epilepsy
dwlfiff,Today I am one year seizure free,"Yes indeed! Congratulations. I’ll be 1 year free in May, if I make it that far. I know it’s nothing compared to what a lot of people have, but had four in the year before with physical injury in all of them so I’m chuffed. Here’s to the next year.",Epilepsy
dwlfsf5,Wife or girlfriend?,What’s Teresa May doing here?,gaming
dwlgdev,Anyone got some decent ambient music to nod to?,Portishead! Great shout,opiates
dwljjl0,My butt hole has been misbehaving lately :(,"Have a shower.
Imodium?
Opiates.",Drugs
dwllmaw,"Just ordered some etizolam. Does etiz have the same trip ""killing"" effects as Xanax?","Definitely agree. It’s a good way to take the edge off the end of a trip, generally just to relax and anxiety too.",Drugs
dwlsbq5,Anyone got some decent ambient music to nod to?,"Sorry to hear that. I love burial, so good for getting high. Kindred is great, come down to us too",opiates
dwnlz84,what in tarnation,And black,TumblrInAction
dwrb68h,my queer brain can't process it,Queer pain for the straight brain,TumblrInAction
dwwgxh2,Here is why many British drug users take so much.,Ket is still absolutely huge in the UK. It’s availability dropped off a bit when it was reclassified but it’s easy to find in any uni town.,Drugs
