Comment_ID,Comment_Submission,Comment_Text,Subreddit
dwfmus6,Crystal meth comedown,Ruined me,Drugs
dwgezy9,[Question] Recommended tape to put over device lights?,Throw it away.  Now your room is cleaner,Paleo
dwjutnl,"I'm working on a cyberpunk anime short film. My goal is to make something like Akira with the sweetness of Miyazaki. Too ambitious? Title: ""Robot Will Protect You"".",Need original music?,Cyberpunk
dwo27f7,63 lbs what would you do if u had it in your possession?,You must not read very much.,Stims
dwo2h2a,"Couples that have been together for 10+ years, what do you do to show you're still attracted to each other? How do you show your love?","Sounds like your dude got the short end of the stick. All that he does for you, and you make him giggle like a girl. What a great relationship.",AskWomen
dwo2m47,knight black - introspection (edit). deep house/techno. Appreciate any and all feedback. I’m missing a vocal sample but I have the main idea of the track down and almost finished. Some more compression and eq needs tweaking but fairly happy with it so far. Roast away!,Sonically good mix but the song is very underwhelming at best.,roastmytrack
dwpobia,April Fools... 5 years later,Me too!  Life changing,outrun
dwptw6b,How can I make my teeth really white without damaging it? I brush twice a day but it's still yellow-ish?,You are a douchebag,NoStupidQuestions
dwpvikb,"Research shows that developing resilience and fighting back against anxiety is a matter of ""unlearning learned helplessness.""",How do you compare being beaten as a kid with a painful surgery?  This is the most unintelligent response I think I've ever read.,psychology
dwryq3i,"Mormonism almost took everything from me: family, sense of self worth, healthy perceptions of love & sex, my identity. Almost a year out and finally stepping towards reclaiming my life.",You are absolutely gorgeous.,exmormon
dwrzpjv,(update) how best to support my little brother who came out today,Op you're a good man and a wonderful brother.,askgaybros
dws0bb3,"Israeli Bombs Are Raining Down on Gaza and Nobody's Talking About It - With close to zero media coverage, particularly any analysis that is critical of the Israeli government and its policies, Israel has continued to pound the Gaza Strip with air strikes since the beginning of this year",This planet hates us.,worldpolitics
dws20n2,What are some mixing or compositional tricks that you keep going back to?,Could you explain hocketing and counterpoint in more detail?,audioengineering
dwsmrs8,What are some mixing or compositional tricks that you keep going back to?,Right on thanks for the explanation.,audioengineering
dwsndrb,"Healing crystals.... ya know, for your aura or some shit like that","You got it backwards.  After smoking THAT, you're going to need all the healing crystals in the world to reverse the zombification.  Enjoy.",drugsarebeautiful
dwsniok,"Healing crystals.... ya know, for your aura or some shit like that",Sounds like you just need to stop being a fucking pussy.,drugsarebeautiful
dwsnv0s,dope porn sunrise [nsfw],She looks like shit.,opiates
dwsp2lb,Girl You looking good won't you CRACK dat BACK up!,Loser,Stims
dwully4,Got any funny studio stories?,That's a real knee slapper.....,audioengineering
dwumpmj,50/50,I love how people can't wait to take a picture of their drugs until they get home safely.  Always pictures in their cars.  Retards,opiates
dwun048,My afternoon just got interesting,Interesting? Druggies on meth are the least interesting and most uninspiring people in the world.  You are a complete loser.  Don't ever forget that.,Stims
dwun7sw,No.,That's because you are a fucking loser.,Stims
dwwhv5n,Got any funny studio stories?,Glenwood Place?,audioengineering
dwygdox,Mylk - Internet Cafe [Alt Rock] (2018) - truth behind Synthetic Happiness,Not gonna lie I was totally expecting trash.  But pretty decent song.  vocals could be mixed better.   Keep it up though you guys are interesting.,roastmytrack
dwygucf,🎱 of some of the best gear I've had,Where can I get this in Phoenix.  Fuck,opiates
