Submission_ID,Submission_Title,Submission_Text,Subreddit
7xoakd,Some guy last night was posting about magick. Can't find the post today,Ruined me,u_MattyRobb83
7y173g,Can a legal prostitution ring be run in the United States solely on bitcoin?,Ruined me,u_MattyRobb83
7ychvw,Prostitution ring funded with cryptocurrency,Ruined me,explainlikeimfive
811dr4,34 yr old in recovery. Is it too late to join the army?,Ruined me,u_MattyRobb83
8134k6,Ajantadrugstore,Ruined me,u_MattyRobb83
81c87x,Can anyone explain ego death or share their experience?,Ruined me,u_MattyRobb83
