Comment_ID,Comment_Submission,Comment_Text,Subreddit
dpq951m,Tripping 2 days in a row,"You have to double your dose the second day, do a different psych the second day (no cross tolerence imo) or wait 3 days minimum before being able to trip on the same or smaller dose of L. Happy tripping 🚀🌌",LSD
dpqaily,Tripping 2 days in a row,"True true haha I should of worded that differently, to me different drugs have different feels so theres different tolerences, some say there's a cross tolerence. I've been able to trip 2 days in a row with less acid the second day but it was still a total waste, to each their own though.",LSD
dpqcf68,Tripping 2 days in a row,"My heart wasn't up for it I guess, couldn't really integrate the last trip.",LSD
drp3sph,Thought you guys would like this,"Oh my God this looks like what I saw the first time I smoked DMT, it was amazingly intense!",DMT
dsnma04,Heisenberg ejuice review,"Was this from a website if so what one? I'm looking into getting some noid juice for my vape that feels like MJ, I get drug tested due to legal bullshit not allowing me to use the real thing and I don't want anything to pop on the drug tests. Just curious, what does it feel like? Do you know what kind of noid is in it? Any recommendations?",SyntheticTHC
dsnngbs,Heisenberg ejuice review,Thanks homie I'll look into it!,SyntheticTHC
dsnnuw1,Heisenberg ejuice review,"Just messaged him.

But I'm curious...  how in your experience does it compare to marijuana for you? 🔥",SyntheticTHC
dsnpw6o,Do nangs (NO2) have psychedelic properties?,For me yes I do think they have this psychedelic edge to them. But N2O is actually a dissociative ( a class of hallucinogen) so it'd make sence why it feels trippy.,Drugs
dsnq31f,Went to work today on 40ug,"This is baller, take consiousness expansion any day 🚀. I have yet to dose this low, I'll have to try it out soon.",LSD
dsnq42e,Do nangs (NO2) have psychedelic properties?,"No problem bro, love me some nangs.",Drugs
dsqbsmd,Do nangs (NO2) have psychedelic properties?,My favorite drug combo. 😁,Drugs
dsqbxt8,Do nangs (NO2) have psychedelic properties?,"Takes a whole lot of nitrous haha but yes, get into the wob-wobs really hard and everything is distorted, it is fucking great",Drugs
dwif67q,Epidem-myass,Truth...,opiates
