Comment_ID,Comment_Submission,Comment_Text,Subreddit
dti1sll,"You know, there's really no evidence of Trump colluding with Russia, except for the",Nigger comes from the word Niger which means black in Latin but that doesn't make it less offensive.,Keep_Track
dti8glw,"An Illinois college kid learned that his State Senator (R) was unopposed, and had never been opposed. So now he's running.",And? Who won?,BlueMidterm2018
dti8mfo,"My dad says that if Democrats can’t manage to take back Congress in November, he’s ‘seriously considering’ moving us to Europe",How is Europe more racist than the US?,BlueMidterm2018
dti9a7c,My Sociohorticulture professor gives every student a plant almost every week.,Yeah fuck you for telling us that story all casual and shit in reddit-terms. Someone suffered and died and you whore it out for karma.,succulents
dtilr0m,Today was my last chemo treatment for breast cancer!,Why do we do this but we won't eat less red meat to lower our cancer risk?,pics
dtipyz0,Joe Kennedy: Trump Is ‘Turning American Life Into A Zero-Sum Game’,The republicans attack any candidate that makes them feel insecure.,politics
dtipzyw,Joe Kennedy: Trump Is ‘Turning American Life Into A Zero-Sum Game’,How many years experience did Obama have in the senate?,politics
dtiq7g8,Joe Kennedy: Trump Is ‘Turning American Life Into A Zero-Sum Game’,Nah he has the preppy hs student council president vibe about him.,politics
dtjldsc,Trump asked Rosenstein if he was 'on my team',"Republicans are good at making something which isn't a scandal, a scandal. Hillary's private email server in her house for example. Oh, so scandalous!",politics
dtjoq34,A medieval surgeon repaired this broken bone with riveted copper plate,My uterus clenched reading this,interestingasfuck
dtjp706,"USA Another Female teacher raping students: In August, 2017 she was indicted on state charges relating to allegations that she raped and kidnapped a 13-year-old student.​","Okay? Not sure why you have to hysterically rant about the patriarchy when feminists have nothing to do with this and stereotype women as valuing feelings over fact. This was a depraved act, no two ways about it.",MensRights
dtkpi42,"Call me petty, but I always sit beside bagspreaders on the bus","It's never about facts, they just pretend it's about facts when it's all about those passive aggressive feels. I just saw another poster go off and rant hysterically about the patriarchy and feminism on a thread about a woman who raped a young boy. This is why I'll never believe in men's rights. Factual my ass.",MensRights
dtkpy9w,"Americans who visited Europe, what was your biggest WTF moment?",That's so sad. The gypsies have a long history of being looked down upon. (and systematically killed. that too.),AskReddit
dtkqwhe,"Redditors who were fired in the first week of your job, how did it happen?","1. Ask him to play
2. Get him fired
3. ???
4. Profit",AskReddit
dtl3v60,Preet Bharara’s latest mission is to turn presidential norms into law,It is like saying the term alternative medicine. It legitimizes it and invites suspicion of science and the truth as a whole.,politics
dtl3zps,"Call me petty, but I always sit beside bagspreaders on the bus","That's right. You got it. I am vile (what an emotional term!). Now go congratulate yourself on making assumptions. Thanks for the ""dialogue"".",MensRights
dtlcm9r,"What's a popularly held belief that is, in fact, total nonsense?",And this is how you get bacterial vaginosis folks.,AskReddit
dtlxh7q,"Deaf people of Reddit, what are some common things people unknowingly sign when they gesture with their hands while talking?",As a hoh person who went to Deaf schools when hearing people gesture...I always stare at you to see if you are signing. I am mostly disappointed.,AskReddit
dtlz2hx,2nd teen in 'Slenderman' stabbing gets 40 years in mental institution,yeah they had lobotomies back then and wonderful places such as Willowbrook. Also very crude psychiatric drugs if anything at all.,news
dtm4i3c,"TIL on 2009 Stephen Hawking held a party open to all, but only publicized the party after it was over so that only time-travellers would know to attend; as expected, nobody showed up to the party.",What if he gets forgotten in history and ends up as a footnote and that's why no time travelers crashed his party?,todayilearned
dtm4npl,"Call me petty, but I always sit beside bagspreaders on the bus",I agree with a lot of the men's rights platform actually. It would make the world a better place for all.,MensRights
dtm4pk2,"Call me petty, but I always sit beside bagspreaders on the bus","No, I don't mean the movement. I believe in a lot of the platform for men's rights. 

What I mean is that in that other thread a poster brought up how feminism and ""the patriarchy"" are surely going to be used as excuses by the sexual predator woman to get off scott free. I saw no mention of this being attempted by her. It put a bad taste in my mouth. At least wait for the verdict to be light or her to blame it on a guy before you go off and claim this. Otherwise it's like screaming there's a fire when there isn't one. In fact, I think I saw in that article that she was going to be sentenced for a long duration. 

A lot of men's rights is like this unfortunately. Especially when rape cases get posted here. A lot here seem to think that rape cases are oftentimes false claims, and honestly that is not good because if you cherry pick and choose the cases where the woman lied about being raped, then that makes it a lot harder for other women who *have* been raped to be believed. It makes it harder for *all* victims regardless of gender to be believed. It's a very sensitive topic and sexual predators are masters at trying to make others believe it never happened so they can escape punishment. They will say anything and do anything to avoid it.",MensRights
dtmluph,Keeping it sanitary,Why do you do this? That transfers fecal matter to the toilet handle which hand-flushers touch. You are part of the problem. Just wash your hands afterwards.,Unexpected
dtmxfna,Quidditch at the 2020 Olympics?,Dude should be wearing body armor as well.,interestingasfuck
dtmydqj,Quidditch at the 2020 Olympics?,What powers the fly board air?,interestingasfuck
