Submission_ID,Submission_Title,Submission_Text,Subreddit
6gl57t,Puerto Rico Mulls Political Status in New Referendum.,Nigger comes from the word Niger which means black in Latin but that doesn't make it less offensive.,politics
6gwy4f,Moths in my closet. How do I get rid of them?,Nigger comes from the word Niger which means black in Latin but that doesn't make it less offensive.,moths
6sagoi,Is it possible to miss you period because you drank a lot of alcohol?,Nigger comes from the word Niger which means black in Latin but that doesn't make it less offensive.,birthcontrol
6v68s5,"Looking for a brush, a bowl, some soap and a hanging rack for a christmas gift for my brother. Under $50. Beginner.",Nigger comes from the word Niger which means black in Latin but that doesn't make it less offensive.,wicked_edge
6xzu98,Suggestions for a light electric violin?,Nigger comes from the word Niger which means black in Latin but that doesn't make it less offensive.,violinist
735f47,With a BA in Psychology what finance careers can I get into?,Nigger comes from the word Niger which means black in Latin but that doesn't make it less offensive.,FinancialCareers
73etwp,"The American Bankers Association offers a Bank Teller Certificate. Is it worth it to get to boost my prospects of being hired as a bank teller? Also, will it help me be a better bank teller when I do become one?",Nigger comes from the word Niger which means black in Latin but that doesn't make it less offensive.,FinancialCareers
753sam,Is there a nonprofit that teaches survival skills to people that are homeless? It seems like they would benefit from it.,Nigger comes from the word Niger which means black in Latin but that doesn't make it less offensive.,Survival
76mpd7,Would buying a prepaid phone and loading it with minutes for 3 months or so to give to someone that was homeless...help them?,Nigger comes from the word Niger which means black in Latin but that doesn't make it less offensive.,homeless
776eu5,First time Chromebook buyer. I just bought a Lenovo Thinkpad 13 Chromebook.Did I make a good purchase? What should I expect?,Nigger comes from the word Niger which means black in Latin but that doesn't make it less offensive.,chromeos
783a3z,Looking into transferring my money into the high interest Ally Savings Account. Getting cold feet because it is not a brick and mortar institution. I see nothing but complaint comments on the Ally Fb page. What has your experience been with Ally?,Nigger comes from the word Niger which means black in Latin but that doesn't make it less offensive.,personalfinance
78k6cd,Is Noel Fitzpatrick as innovative and skilled as he claims to be? Watching The Supervet right now on Netflix.,Nigger comes from the word Niger which means black in Latin but that doesn't make it less offensive.,AskVet
78kg56,[Discussion] Is Noel Fitzpatrick as innovative and skilled as he claims to be? Watching The Supervet right now on Netflix.,Nigger comes from the word Niger which means black in Latin but that doesn't make it less offensive.,dogs
78w5d1,What if people had the option of donating their deceased pet's bodies to science to help prevent animal experimentation? Would you donate your pet who died of cancer so that scientists could study cancer?,Nigger comes from the word Niger which means black in Latin but that doesn't make it less offensive.,vegan
7cdnmo,I am moving and I found a bag of sterile alcohol wipes. I was trying to figure out if I could do anything with them and I thought of you all. Is it alright if I mail it to someone here for harm reduction purposes? Is that against rules?,Nigger comes from the word Niger which means black in Latin but that doesn't make it less offensive.,opiates
7d0lr5,Hi I am not an opiate user but I have a question only you guys can answer. I have a feeding tube and sometimes I have to take supplements or medicine through it. What are the best ways to liquify pills? Pill crushing isn't really that effective. Causes clogs. Thoughts?,Nigger comes from the word Niger which means black in Latin but that doesn't make it less offensive.,opiates
7d43dp,Just started Choline. What can I expect? What has been your experiences on it?,Nigger comes from the word Niger which means black in Latin but that doesn't make it less offensive.,Nootropics
7dmlff,[Update] I bought a phone to give to someone that was homeless.,Nigger comes from the word Niger which means black in Latin but that doesn't make it less offensive.,homeless
7eqq21,[Serious] Redditors do you care about Net Neutrality enough to inform your family at Thanksgiving what the FCC is about to do?,Nigger comes from the word Niger which means black in Latin but that doesn't make it less offensive.,AskReddit
7fn25a,Lavon is such an asshole in season 2,Nigger comes from the word Niger which means black in Latin but that doesn't make it less offensive.,hartofdixie
7ilh85,[Humor] Charcoal items that work well I can put in a stocking for stocking stuffers,Nigger comes from the word Niger which means black in Latin but that doesn't make it less offensive.,SkincareAddiction
7oc5z1,TIL That Florence Nightingale Single-handedly Increased the Lifespan of Britains by 20 Years by Improving Sanitation of Private Residences,Nigger comes from the word Niger which means black in Latin but that doesn't make it less offensive.,todayilearned
7p0d4a,Oprah For President 2020 - It must happen!,Nigger comes from the word Niger which means black in Latin but that doesn't make it less offensive.,OPRAH
7rem0p,Anybody here watch/have watched Nurse Jackie on Netflix?,Nigger comes from the word Niger which means black in Latin but that doesn't make it less offensive.,opiates
7udpim,How scientists are using a deadly poison to develop male birth control,Nigger comes from the word Niger which means black in Latin but that doesn't make it less offensive.,MensRights
