Comment_ID,Comment_Submission,Comment_Text,Subreddit
dqvq71n,When the acid kicks in,Cid? Lol naw you on meth bro beans.,LSD
ds52101,i posted a few days earlier about me going to try lines of meth for the first time at a NYE party,"Hate to tell ya, but you're still high. Wait another 24 hours. Eat some Seroquel or benzos if you got em.",meth
ds538yg,i posted a few days earlier about me going to try lines of meth for the first time at a NYE party,"You are probably at the beginning of the crash. Like I said, give it 24 hours, and you will probably feel alright based on what you said. But it could but 3-4 days until you are completely 100%. The next 15 hours might really suck, but just know it's because of the drug, nothing else. And it will end soon.",meth
ds55i85,i posted a few days earlier about me going to try lines of meth for the first time at a NYE party,Yeah it's the fear of crashing that keeps you going.,meth
ds5qj0g,i posted a few days earlier about me going to try lines of meth for the first time at a NYE party,Seroquel is better,meth
ds6c7o8,These mfer's over at r/stims,"Not sure if everyone over there is 100% serious. I get twacked and post some insane bullshit there for fun. I'm not an idiot, but it's fun to type nonsense when spun.",opiates
dsfgg0e,Let Me Explain,Holy shit the ego of this man...,cocaine
dskvrl0,#stims IRC is fuckin soft as fuck,##meth,Stims
dskvsqk,#stims IRC is fuckin soft as fuck,Uhm idk how to unreddit that but hastaghashtagmeth,Stims
dtimmm5,Gabapetin for sleep and adderall comedown ?,Seroquel will knock you the fuck out. But you'll be hard pressed to find a psych to perscribe it outside of a rehab for just sleep aid. You usually need a little psychosis or mood disorder. And regular use sucks the emotion out of you.,askdrugs
du4jmag,what gets people addicted to opiates?,Remindme! One month,opiates
du4jrfb,what gets people addicted to opiates?,"You seem like you're gonna have a problem. But honestly you might be one of the ones who simply aren't hugely affected by them. I personally used to shoot heroin here and there and never had a problem. Meth was my drug of choice, I needed that stuff more than air. 

Stop playing with fire.",opiates
duak1sw,Help Save PsychedSubstance,"He probably pissed them off with his new sly intro directly addressing ""the Google employee who is reviewing this video"". Lol

But to be serious, I wonder how many lives his videos have/will save, and how many lives will be needlessly lost if his videos disappear.",Drugs
duakf0c,Arm is feeling super not normal. Weak. Whens it gonna go away,"Get in the shower, hot water, hold your arm up into the water and message the whole thing

Edit, be ready to possibly get a lot higher",meth
duc5ekc,Arm is feeling super not normal. Weak. Whens it gonna go away,Did you do it? Did it get any better?,meth
ducpopo,Arm is feeling super not normal. Weak. Whens it gonna go away,It's been over 24 hours. You should probably go to the emergency room,meth
duhibh2,How many of you guys are addicted to nicotine,"I don't really tweak much anymore, but I also stopped the cigs and started sucking the robo dick. I was already addicted to nicotine, about 1 pack a day. Now I vape all day, and worked my way up to 8mg juice. I am super addicted to nicotine now. I wake up feeling like shit till I hit it, and if I go 4 hours without it I feel sick.",Stims
duucm16,Effects of long term dextromethorphan abuse,What? No. Fuck your science. I used that shit hard for about a year and I lost my fucking mind. Took months to recover. Not good for your sanity.,AskDrugNerds
duui25b,Does she suffer?,"Yeah with those drugs depending on the dosage, I doubt she feels any pain at all. Based on your description of her I'd imagine she's definitely at the right dose. If she was suffering, she would make it known very easily. If her condition is definitely terminal, continuing those medication is definitely the right way to transition her to the end. 

The only better option is euthanasia in most cases of your description. It's sad that that is not an option for the majority of terminal patients in most 1st world countries. That is definitely a debate I think needs to be had. 

Sorry for inserting my (political?) opinion here. I just think it's an important topic that is relevant to your post. 

I do wish you and your family well. If you want to know what's going on in her head now, she probably feels no pain, and feels pretty good on those meds. Probably does have a care in the world, and the thought of dying doesn't bother her in the least right now.",askdrugs
duurf76,Ritalin vs other Amphetamines,Thanks. Would having a tolerance to one effect your tolerance to the other? I'd imagine so from your explanation.,AskDrugNerds
dwimubs,i thk i migght my killing nyself,Yeah don't do it,drunk
dwin133,"I’m getting my kids back, just gonna use this one last time",Im always sad,opiates
dwin2rd,Just got perscribed Mirtazapine,Or you could do it for him if your going to take the time to comment anyways.,Drugs
dwin8zk,Meth + Wax (shatter) + Phenibut + Nitrous = safe?,Physically it's very safe. But it looks like a recipe for psychosis if you ask me.,Drugs
dwin9s6,Just got perscribed Mirtazapine,Fair enough.,Drugs
