Submission_ID,Submission_Title,Submission_Text,Subreddit
6b7dfr,I shot up 1gram of DCK and 1gram of a-php in less than 15 hours,Cid? Lol naw you on meth bro beans.,researchchemicals
6bwhpu,I've always had this and thought it was normal? Does this actually bother some people?,Cid? Lol naw you on meth bro beans.,visualsnow
6c80ir,"Sitting here, alone, at the bar next to work...",Cid? Lol naw you on meth bro beans.,drunk
6d00ne,At the gas station feeling nostalgic..,Cid? Lol naw you on meth bro beans.,Drugs
6diuw0,"IV heroin, testing for a hot shot?",Cid? Lol naw you on meth bro beans.,opiates
6e80lq,Oral DCK dosage?,Cid? Lol naw you on meth bro beans.,researchchemicals
6g2bdt,What to do with old rigs?,Cid? Lol naw you on meth bro beans.,opiates
6ga35m,I don't like heroin very much,Cid? Lol naw you on meth bro beans.,opiates
6jsei6,100mg Etizolam in Isopropyl solution!!,Cid? Lol naw you on meth bro beans.,researchchemicals
6lg0vu,Singer from the sixties looks tweaked,Cid? Lol naw you on meth bro beans.,Stims
6qipzz,Who is auto-tuning my voice???,Cid? Lol naw you on meth bro beans.,Drugs
6tb8ux,Remote access Ubuntu server console from Windows machine over lan?,Cid? Lol naw you on meth bro beans.,Minecraft
6vz362,There's a rush to simply knowing you shouldn't be awake right now.,Cid? Lol naw you on meth bro beans.,Stims
6yvuxm,"Now's the time to be alive, so stay awake with me awhile!",Cid? Lol naw you on meth bro beans.,Stims
76712k,Co worker talking about how it was to work with me,Cid? Lol naw you on meth bro beans.,Stims
80c59l,Ritalin vs other Amphetamines,Cid? Lol naw you on meth bro beans.,AskDrugNerds
