Comment_ID,Comment_Submission,Comment_Text,Subreddit
dwkpo57,Best Internet under 50$ in Ottawa?,"Ncf.ca
National Capital FreeNet",ottawa
dwkt23l,[Serious] What's it like dating someone with BPD?,"i have bpd and in my opinion, on my bad days it must be absolute hell. on my good days though, they can be so good",AskReddit
dwnq7i3,Work,"Totally depends on roa and your immediate tolerance. Plus when you last slept, ate and drank some water.",Stims
dwnqtw6,Anyone come across these before? Been searching pill reports and all “cat/kitten” presses and logos but haven’t found a similar pill. Any info would be great thanks💯👌🏼,Test that shit it looks sketchy as all hell,MDMA
dwnr0cj,Canadian alcohol taxes increase 1.5 per cent,This is awful,canada
dwnr4zj,Hydro5s,First opiate ever was IV hydro. Vitamin c is good to break down and prep for a shot you can usually get vitamin C packs from wherever you get cleans,opiates
dwns3lc,Fentanyl powder usage,Don't do fents ik a dozen people in the last year who've died from it,opiates
