Submission_ID,Submission_Title,Submission_Text,Subreddit
36b9kh,"I wanna hear your most embarrassing / embarrassingly funny drug stories. You know, when you get a little (a lot) too fucked up and weirdass shit ensues","Meetings aren’t for everyone. I take your advice to heart but I will likely not attend meetings. I am a high functioning person with a lot of will power. There are other addicts who didn’t used NA and have still made it. I believe I am part of that group based on my history and what I know about myself. Thanks though, I appreciate the genuine advice. 

And I’m not dissing meetings/NA - they are absolutely key for some people.",Drugs
37e0uw,Tips for mitigating damage to nose...,"Meetings aren’t for everyone. I take your advice to heart but I will likely not attend meetings. I am a high functioning person with a lot of will power. There are other addicts who didn’t used NA and have still made it. I believe I am part of that group based on my history and what I know about myself. Thanks though, I appreciate the genuine advice. 

And I’m not dissing meetings/NA - they are absolutely key for some people.",Drugs
3nafql,New formula OxyContin ER... any way to blow these?,"Meetings aren’t for everyone. I take your advice to heart but I will likely not attend meetings. I am a high functioning person with a lot of will power. There are other addicts who didn’t used NA and have still made it. I believe I am part of that group based on my history and what I know about myself. Thanks though, I appreciate the genuine advice. 

And I’m not dissing meetings/NA - they are absolutely key for some people.",opiates
3s5qsk,Trapped In a Psycho's Body,"Meetings aren’t for everyone. I take your advice to heart but I will likely not attend meetings. I am a high functioning person with a lot of will power. There are other addicts who didn’t used NA and have still made it. I believe I am part of that group based on my history and what I know about myself. Thanks though, I appreciate the genuine advice. 

And I’m not dissing meetings/NA - they are absolutely key for some people.",Drugs
445sva,I need morbos mask,"Meetings aren’t for everyone. I take your advice to heart but I will likely not attend meetings. I am a high functioning person with a lot of will power. There are other addicts who didn’t used NA and have still made it. I believe I am part of that group based on my history and what I know about myself. Thanks though, I appreciate the genuine advice. 

And I’m not dissing meetings/NA - they are absolutely key for some people.",opiates
46eo3n,"Stuck in the worst cycle, trying to muster strength to throw away (holy shit) last bag.. let me explain","Meetings aren’t for everyone. I take your advice to heart but I will likely not attend meetings. I am a high functioning person with a lot of will power. There are other addicts who didn’t used NA and have still made it. I believe I am part of that group based on my history and what I know about myself. Thanks though, I appreciate the genuine advice. 

And I’m not dissing meetings/NA - they are absolutely key for some people.",OpiatesRecovery
5rpesd,Hydro 325/10 Question,"Meetings aren’t for everyone. I take your advice to heart but I will likely not attend meetings. I am a high functioning person with a lot of will power. There are other addicts who didn’t used NA and have still made it. I believe I am part of that group based on my history and what I know about myself. Thanks though, I appreciate the genuine advice. 

And I’m not dissing meetings/NA - they are absolutely key for some people.",opiates
683ayd,One year heroin free - cool but I still suck,"Meetings aren’t for everyone. I take your advice to heart but I will likely not attend meetings. I am a high functioning person with a lot of will power. There are other addicts who didn’t used NA and have still made it. I believe I am part of that group based on my history and what I know about myself. Thanks though, I appreciate the genuine advice. 

And I’m not dissing meetings/NA - they are absolutely key for some people.",OpiatesRecovery
6c3taz,"Exercise! I finally did it. Struggling people like me, give it a shot.","Meetings aren’t for everyone. I take your advice to heart but I will likely not attend meetings. I am a high functioning person with a lot of will power. There are other addicts who didn’t used NA and have still made it. I believe I am part of that group based on my history and what I know about myself. Thanks though, I appreciate the genuine advice. 

And I’m not dissing meetings/NA - they are absolutely key for some people.",OpiatesRecovery
6er887,Ohio AG sueing 5 big pharma companies over misleading the public on the addiction potential relating to their opioids.,"Meetings aren’t for everyone. I take your advice to heart but I will likely not attend meetings. I am a high functioning person with a lot of will power. There are other addicts who didn’t used NA and have still made it. I believe I am part of that group based on my history and what I know about myself. Thanks though, I appreciate the genuine advice. 

And I’m not dissing meetings/NA - they are absolutely key for some people.",opiates
6jnjxa,Weaaaak xans / maybe mixed with something else? Looking for some opinions.,"Meetings aren’t for everyone. I take your advice to heart but I will likely not attend meetings. I am a high functioning person with a lot of will power. There are other addicts who didn’t used NA and have still made it. I believe I am part of that group based on my history and what I know about myself. Thanks though, I appreciate the genuine advice. 

And I’m not dissing meetings/NA - they are absolutely key for some people.",benzodiazepines
71pe07,Finally scratching that itch again...,"Meetings aren’t for everyone. I take your advice to heart but I will likely not attend meetings. I am a high functioning person with a lot of will power. There are other addicts who didn’t used NA and have still made it. I believe I am part of that group based on my history and what I know about myself. Thanks though, I appreciate the genuine advice. 

And I’m not dissing meetings/NA - they are absolutely key for some people.",opiates
72n8iw,That anticipation tho....,"Meetings aren’t for everyone. I take your advice to heart but I will likely not attend meetings. I am a high functioning person with a lot of will power. There are other addicts who didn’t used NA and have still made it. I believe I am part of that group based on my history and what I know about myself. Thanks though, I appreciate the genuine advice. 

And I’m not dissing meetings/NA - they are absolutely key for some people.",opiates
74onsc,Story - judgey bitch hate ranted at me just now for being a junkie,"Meetings aren’t for everyone. I take your advice to heart but I will likely not attend meetings. I am a high functioning person with a lot of will power. There are other addicts who didn’t used NA and have still made it. I believe I am part of that group based on my history and what I know about myself. Thanks though, I appreciate the genuine advice. 

And I’m not dissing meetings/NA - they are absolutely key for some people.",opiates
75r5ju,"Morphine questions, any help appreciated","Meetings aren’t for everyone. I take your advice to heart but I will likely not attend meetings. I am a high functioning person with a lot of will power. There are other addicts who didn’t used NA and have still made it. I believe I am part of that group based on my history and what I know about myself. Thanks though, I appreciate the genuine advice. 

And I’m not dissing meetings/NA - they are absolutely key for some people.",opiates
7d985l,Finally seeing the downsides...,"Meetings aren’t for everyone. I take your advice to heart but I will likely not attend meetings. I am a high functioning person with a lot of will power. There are other addicts who didn’t used NA and have still made it. I believe I am part of that group based on my history and what I know about myself. Thanks though, I appreciate the genuine advice. 

And I’m not dissing meetings/NA - they are absolutely key for some people.",quittingkratom
7l8avx,So close [shitpost],"Meetings aren’t for everyone. I take your advice to heart but I will likely not attend meetings. I am a high functioning person with a lot of will power. There are other addicts who didn’t used NA and have still made it. I believe I am part of that group based on my history and what I know about myself. Thanks though, I appreciate the genuine advice. 

And I’m not dissing meetings/NA - they are absolutely key for some people.",opiates
7wj9v0,Calls MLMs illegal before admitting he works for one,"Meetings aren’t for everyone. I take your advice to heart but I will likely not attend meetings. I am a high functioning person with a lot of will power. There are other addicts who didn’t used NA and have still made it. I believe I am part of that group based on my history and what I know about myself. Thanks though, I appreciate the genuine advice. 

And I’m not dissing meetings/NA - they are absolutely key for some people.",antiMLM
7x21au,Really relating to Dewey right about now...,"Meetings aren’t for everyone. I take your advice to heart but I will likely not attend meetings. I am a high functioning person with a lot of will power. There are other addicts who didn’t used NA and have still made it. I believe I am part of that group based on my history and what I know about myself. Thanks though, I appreciate the genuine advice. 

And I’m not dissing meetings/NA - they are absolutely key for some people.",opiates
7x6hru,Cat dabs,"Meetings aren’t for everyone. I take your advice to heart but I will likely not attend meetings. I am a high functioning person with a lot of will power. There are other addicts who didn’t used NA and have still made it. I believe I am part of that group based on my history and what I know about myself. Thanks though, I appreciate the genuine advice. 

And I’m not dissing meetings/NA - they are absolutely key for some people.",AnimalsBeingBros
7xitb8,Karmas a brick,"Meetings aren’t for everyone. I take your advice to heart but I will likely not attend meetings. I am a high functioning person with a lot of will power. There are other addicts who didn’t used NA and have still made it. I believe I am part of that group based on my history and what I know about myself. Thanks though, I appreciate the genuine advice. 

And I’m not dissing meetings/NA - they are absolutely key for some people.",instantkarma
87ammm,Back again,"Meetings aren’t for everyone. I take your advice to heart but I will likely not attend meetings. I am a high functioning person with a lot of will power. There are other addicts who didn’t used NA and have still made it. I believe I am part of that group based on my history and what I know about myself. Thanks though, I appreciate the genuine advice. 

And I’m not dissing meetings/NA - they are absolutely key for some people.",OpiatesRecovery
88r8as,Any of y’all ever heard of this gift card instead of money thing....?,"Meetings aren’t for everyone. I take your advice to heart but I will likely not attend meetings. I am a high functioning person with a lot of will power. There are other addicts who didn’t used NA and have still made it. I believe I am part of that group based on my history and what I know about myself. Thanks though, I appreciate the genuine advice. 

And I’m not dissing meetings/NA - they are absolutely key for some people.",opiates
