Comment_ID,Comment_Submission,Comment_Text,Subreddit
dskilsa,AKA CALL TO ACTION. ACT NOW,If you can still do this it would be awesome. Sending pm,kratom
dsla8y1,Giving small samples to those in need again.,Joshua long 419 Laurel St apt c Warren pa. Thanks,kratom
dsm8ykj,Giving small samples to those in need again.,Yes thank you once again,kratom
dsom18n,Cut your bullsh*t Wish,I too worked at a cig shop that sold these and would bitch about it. Then I would see people I know buying them. Surprising for sure,trashy
dsomjlf,The Ricks Must Be Crazy fan made poster by RoseMakesArt,That is a sheet of acid now. Actually it's a few sheets of 100 hits before they perfed it.,rickandmorty
dsqxq65,Yesterday I fucked up (YIFU?) by sniffing glue,Look at this asshole here ruining it for everyone.,Drugs
dtbr9ue,"Let me taunt this security guard and cause trouble, WCHW?",Someone has never been a security guard before. Keep it that way you don't have what it takes and you'll die.,Whatcouldgowrong
dtoktya,"Yeah... ""research""",I am setting up this experiment as we speak.,trees
dtt5r87,I'm sorry and this is probably a stupid easy question.,How isn't it earned. I'm talking about money I put in that year that was never taxed. It didn't grow or anything like that. It's the money I put in and then was taxed when I withdrew. It was not an investment account. And if so where do I put the fed withholding? It's not giving me a section for that when I try that way.,personalfinance
dtt5xzj,I'm sorry and this is probably a stupid easy question.,It is wages from my job that I put in an account it wasn't taxed at all then. Not until I withdrew it. Thanks for your input tho I'll search and see,personalfinance
dtt63bq,I'm sorry and this is probably a stupid easy question.,"I do not. You're correct tho, I'm just apparently slow as hell. Im only concerned because without counting my return is 1000 less than it is if it counts.",personalfinance
dtt7gx7,I'm sorry and this is probably a stupid easy question.,I thought I already paid the penalty tho,personalfinance
dtwmjvi,Let's jump into a bull ring with no situational awareness! WCGW?,Down voted for being a narcissist with a clearly broken sense of humor. In no way is that approaching funny.,Whatcouldgowrong
dtwn2b7,A 100-million-year-old ancestor of the spider was discovered in Myanmar trapped in amber. It has a tail,He likes his coca cola so fill the machine close to him. DO NOT put the machine in a place that he has to walk out of your sight for. Other than that he's great.,interestingasfuck
dubvm65,Several young boys get brutally necklaced (burnt alive),It's actually a rip off of icps fuck the world.,watchpeopledie
dubw50l,Does anyone remember the zna?,They are longer. Everywhere that says they have them say unavailable if I go to check out,electronic_cigarette
dubw5ln,Does anyone remember the zna?,"I didn't even think of asking zen, I live rather close as well.",electronic_cigarette
dubw5vd,Does anyone remember the zna?,I would be forever grateful,electronic_cigarette
dubw6w5,Does anyone remember the zna?,They're actually perfect for kayfuns can't run them high anyway. I would gladly pay for shipping.,electronic_cigarette
duj01xi,Am I weird for thinking these uniforms weird?,Speak for yourself!,WTF
dvqi40n,"Teenager waves bye, then Blows head off with shotgun on YouTube Live","Me too man, this exact thing. When I was 17 I took my hunting rifles sat on her bed and squeezed the trigger. Couldn't get the damn thing to go off and she got home. She thought I was stealing from her, saw me sitting there gun in hand and the first thing she thought of was her precious shit. My dad beat the living fuck out of me when he got home. I couldn't for the life of me understand why people loved their moms until I got older and saw they weren't constantly attacking them. Haven't spoken to her in forever for obvious reasons. Married 17 years now and have kids. Things do change but I still wake up every fucking morning hoping my sis calls and says she's dead. She's in bad health now so it could be any day now, any day.",watchpeopledie
dwcrkag,Old timers,Anyone else remember the 160s? I only got to do one once.,opiates
dwkn2h1,F the government,"Even if they took the cannabis they would still need the other meds. I have had 3 freinds die from trying to treat their cancer with just cannabis. It's not a miracle cure, please understand that. The doctors do indeed know what they are doing. I know, I've survived cancer due to their help 3 times. I know it's a tough time right now but please believe the doctors are actually trying.",trees
dwkn6py,Shield bash is broken.,I think op has some kind of actual mental issue.,Overwatch
dwwl3f7,Learned this the hard way,"I met my wife at juvenile probation, over 18 years ago. Love is in the craziest of places.",opiates
