Submission_ID,Submission_Title,Submission_Text,Subreddit
22voal,"My e-juice tastes gritty from my protank3 and protank2, WTF!!!",If you can still do this it would be awesome. Sending pm,electronic_cigarette
4e83er,Need help with the billow v3.,If you can still do this it would be awesome. Sending pm,electronic_cigarette
4qe97s,Guess who just got back from Colorado with some goodies for an upcoming fest?,If you can still do this it would be awesome. Sending pm,trees
4w813d,I'm being evicted because I asked about money I'm owed. I live in PA and wasn't given a notice to quit. What are my options.,If you can still do this it would be awesome. Sending pm,personalfinance
4w8z17,I got into an argument over money owed my wife and I by my landlord. She responded a few days later with an eviction letter from the court's.,If you can still do this it would be awesome. Sending pm,legaladvice
4wzmrw,Landlord shit off my hot water.,If you can still do this it would be awesome. Sending pm,legaladvice
4xnd43,Nothing's more beautiful than the truth.,If you can still do this it would be awesome. Sending pm,funny
4xv5ja,An update for my eviction case.,If you can still do this it would be awesome. Sending pm,legaladvice
55ymz8,Petition to get Judge Judy to moderate the last presidential debate.,If you can still do this it would be awesome. Sending pm,funny
56pu2n,Hairless mannerless apes.,If you can still do this it would be awesome. Sending pm,funny
5780sd,The only thing that matters.,If you can still do this it would be awesome. Sending pm,funny
5ie4on,"This went on facebook, the next day (yesterday) in jail for selling meth. They are definitely big ballers.",If you can still do this it would be awesome. Sending pm,funny
5ika3f,"""I worked hard for""",If you can still do this it would be awesome. Sending pm,funny
5ilay9,"""Worked hard for"" (x-post r/funny)",If you can still do this it would be awesome. Sending pm,trashy
5ilcst,"All that meth, all that money (x-post r/funny)",If you can still do this it would be awesome. Sending pm,trashy
5jie5n,And then the angels sang from the heavens above.,If you can still do this it would be awesome. Sending pm,thatHappened
5ptwoh,I knew it.,If you can still do this it would be awesome. Sending pm,trees
5vp2s1,If at first you don't succeed...,If you can still do this it would be awesome. Sending pm,ImGoingToHellForThis
6i8xow,I worked so hard,If you can still do this it would be awesome. Sending pm,trashy
6pjhch,Having a huge issue with my landlord.,If you can still do this it would be awesome. Sending pm,legaladvice
6txx02,Having some trouble,If you can still do this it would be awesome. Sending pm,kratom
7my1fg,Anyone need a domain name for a juice co or cloud computing?,If you can still do this it would be awesome. Sending pm,electronic_cigarette
7nc9s3,"They're not even organic, muah ha ha ha ha!",If you can still do this it would be awesome. Sending pm,firstworldanarchists
7vl4h7,I'm sorry and this is probably a stupid easy question.,If you can still do this it would be awesome. Sending pm,personalfinance
7xngmr,Does anyone remember the zna?,If you can still do this it would be awesome. Sending pm,electronic_cigarette
