Comment_ID,Comment_Submission,Comment_Text,Subreddit
dwt84io,Vending machines (spawning),"My bad I miss read. 

It’s like chests, but those are the locations where they can spawn. 

As for the currency exchange, the patch notes have all the details (it’s a lot of words and I’m at work lmao)",FortNiteBR
dwt92kp,Possible Bug.,"When they turn green on the minimap, it’s just showing that they’re using a guided mistake",FortNiteBR
dwt9fx8,High Explosive 2.0,"To reply to your deleted comment;
[Maybe he is just as curious as you are, and set a reminder so he can come back tomorrow and check. Let me guess, you’re like 10?](https://ibb.co/eqdvex)",FortNiteBR
dwtibhx,April 5 Downtime,"Idk why you’re getting downvoted lol 

I don’t lag often either (besides when dropping off the bus and on that Sniper LTM we had a yesterday)",FortNiteBR
dwtisa5,"Dark Matter back bling had these characters added during an update. Haven't seen anyone point it out yet. Also, it is theoretically possible to turn that wavelength into an actual audio file i just dont have the knowledge to do so.","It’s on back order. We only have it in a highly diluted form. 

This actually happened a couple days ago. We had a code and doctor ordered Dopamine, but since the hurricane we’ve been on back order for months. We don’t have any dopamine in our hospital lol",FortNiteBR
dwtkdio,April 5 Downtime,"The lag off the bus is for less than 2 seconds, and idk what it was about the sniper shootout but I played a few games and I would randomly got killed due to lag so I didn’t play it anymore. I don’t lag in any other LTM or in regular squads",FortNiteBR
dwtxpiv,Built a stadium for Pleasant Park FC,"I do the same thing :)

[I did that for my first win and was so proud I had to save it to my phone ](https://ibb.co/dJsxsH)",FortNiteBR
dwv1l61,PS4 video settings,Huh?,FortNiteBR
dwv3pzl,I finally did it - how an filthy noob gets a 1 kill chicken dinner! [2m22s],"The developers of PUBG tried to sue epic

And PUBG uses Epics game engine",FortNiteBR
dwv8uj8,PS4 video settings,"Okay okay now I understand lol

The game is already preset to be graphically maxed out. You can’t change render distance or FPS.",FortNiteBR
dwvejyp,"If I create a epic games account on xbox when I'm level 70, will it delete my data on the xbox when I make the account",No,FortNiteBR
dwvxmv8,Raven Skin is Out Megathread,"I love the skele boi, but I didn’t get it:(

I have Gingy boi though",FortNiteBR
dwx33hq,Issue Tracking Information,Link pls,FortNiteBR
dwx3fzf,Me when all my friends bought the new skin :(,I love my gingy,FortNiteBR
dwx8364,Best Part of Mobile Fortnite?,Please take a screenshot,FortNiteBR
dwx8oel,Best Part of Mobile Fortnite?,"That’s crazy. When it first came out it was adjusted to compensate to Apples 30%

Well that’s good it’s cheaper now",FortNiteBR
dwx96yj,FOV & Super Res Showcase,Makes me want to get a pc,FortNiteBR
dwx9pmw,FOV & Super Res Showcase,"Yeah but I haven’t build a PC since like 7 years ago lmao. 
Idk what I need or what’s a good deal anymore",FortNiteBR
dwx9td7,Hi-res map (8k) extracted from IGN,"Right? At first the thumbnail looked like a normal map, then I zoomed in and holy shit",FortNiteBR
dwy05vz,I took a picture at max settings from a sky bridge and thought I'd share this picture with you guys.,Gingerbread man and the trex backpack is my setup too!,FortNiteBR
dwy1tid,I took a picture at max settings from a sky bridge and thought I'd share this picture with you guys.,[Hehe](https://ibb.co/jae2wc),FortNiteBR
dwy4964,First (squad) win feels!,Good shit my guy,FortNiteBR
dwy4n69,PS4 PING Way Too High?,[I know the feeling:(](https://ibb.co/kRTRpx),FortNiteBR
dwyfo1q,My friend wants the raven skin,"Please link the go fund me 


Edit:Nvm I found it and donated. Don’t Dox me, it didn’t give me the option to hide my name",FortNiteBR
dwyi756,Non tackle related essentials to have in your tackle box?,Lmaooo,Fishing
