Submission_ID,Submission_Title,Submission_Text,Subreddit
5o4w2c,Can't buy 22 ammo when I'm 19 and Active duty?,"My bad I miss read. 

It’s like chests, but those are the locations where they can spawn. 

As for the currency exchange, the patch notes have all the details (it’s a lot of words and I’m at work lmao)",guns
6fiqyy,How much can I take to overdose,"My bad I miss read. 

It’s like chests, but those are the locations where they can spawn. 

As for the currency exchange, the patch notes have all the details (it’s a lot of words and I’m at work lmao)",army
6fnjqg,How do I help him,"My bad I miss read. 

It’s like chests, but those are the locations where they can spawn. 

As for the currency exchange, the patch notes have all the details (it’s a lot of words and I’m at work lmao)",army
6fqiqk,Update: How can I help this kid.,"My bad I miss read. 

It’s like chests, but those are the locations where they can spawn. 

As for the currency exchange, the patch notes have all the details (it’s a lot of words and I’m at work lmao)",army
6jp84c,Can you be allergic to bees and still go to Army schools?,"My bad I miss read. 

It’s like chests, but those are the locations where they can spawn. 

As for the currency exchange, the patch notes have all the details (it’s a lot of words and I’m at work lmao)",army
6l2qg2,My brain hurts,"My bad I miss read. 

It’s like chests, but those are the locations where they can spawn. 

As for the currency exchange, the patch notes have all the details (it’s a lot of words and I’m at work lmao)",army
6lxbor,RIP. Missing soldiers body found at Benning after 3 days.,"My bad I miss read. 

It’s like chests, but those are the locations where they can spawn. 

As for the currency exchange, the patch notes have all the details (it’s a lot of words and I’m at work lmao)",army
6nop02,How do I make my Velcro less shitty,"My bad I miss read. 

It’s like chests, but those are the locations where they can spawn. 

As for the currency exchange, the patch notes have all the details (it’s a lot of words and I’m at work lmao)",army
6r1g30,Update to my reclass.,"My bad I miss read. 

It’s like chests, but those are the locations where they can spawn. 

As for the currency exchange, the patch notes have all the details (it’s a lot of words and I’m at work lmao)",army
6thk15,What kind of vehicle is this and what is it used for? (Not isis),"My bad I miss read. 

It’s like chests, but those are the locations where they can spawn. 

As for the currency exchange, the patch notes have all the details (it’s a lot of words and I’m at work lmao)",army
6trruj,Arm kicked gummy guy- Update?,"My bad I miss read. 

It’s like chests, but those are the locations where they can spawn. 

As for the currency exchange, the patch notes have all the details (it’s a lot of words and I’m at work lmao)",army
6tynub,I fucked up big time (not in trouble),"My bad I miss read. 

It’s like chests, but those are the locations where they can spawn. 

As for the currency exchange, the patch notes have all the details (it’s a lot of words and I’m at work lmao)",army
6wagga,FUCK! | Fight night edition,"My bad I miss read. 

It’s like chests, but those are the locations where they can spawn. 

As for the currency exchange, the patch notes have all the details (it’s a lot of words and I’m at work lmao)",army
6x0msx,How to motivate soldier to get life,"My bad I miss read. 

It’s like chests, but those are the locations where they can spawn. 

As for the currency exchange, the patch notes have all the details (it’s a lot of words and I’m at work lmao)",army
73nnnc,Finally,"My bad I miss read. 

It’s like chests, but those are the locations where they can spawn. 

As for the currency exchange, the patch notes have all the details (it’s a lot of words and I’m at work lmao)",Amry
75kxax,Health and Welfare inspections,"My bad I miss read. 

It’s like chests, but those are the locations where they can spawn. 

As for the currency exchange, the patch notes have all the details (it’s a lot of words and I’m at work lmao)",army
769m0e,"Dora, Boots, Swiper, Diego","My bad I miss read. 

It’s like chests, but those are the locations where they can spawn. 

As for the currency exchange, the patch notes have all the details (it’s a lot of words and I’m at work lmao)",Amry
76dq0h,This is why I train💪💪🏻💪🏿✌🏼,"My bad I miss read. 

It’s like chests, but those are the locations where they can spawn. 

As for the currency exchange, the patch notes have all the details (it’s a lot of words and I’m at work lmao)",Amry
76fynk,Listen here...,"My bad I miss read. 

It’s like chests, but those are the locations where they can spawn. 

As for the currency exchange, the patch notes have all the details (it’s a lot of words and I’m at work lmao)",Amry
76ijif,rip in peace RepDad,"My bad I miss read. 

It’s like chests, but those are the locations where they can spawn. 

As for the currency exchange, the patch notes have all the details (it’s a lot of words and I’m at work lmao)",Amry
780x9l,Goals,"My bad I miss read. 

It’s like chests, but those are the locations where they can spawn. 

As for the currency exchange, the patch notes have all the details (it’s a lot of words and I’m at work lmao)",Amry
7jg28o,I’m. Finally. Done. After 8 days played im finally done,"My bad I miss read. 

It’s like chests, but those are the locations where they can spawn. 

As for the currency exchange, the patch notes have all the details (it’s a lot of words and I’m at work lmao)",WWII
7nwjw2,My first coin,"My bad I miss read. 

It’s like chests, but those are the locations where they can spawn. 

As for the currency exchange, the patch notes have all the details (it’s a lot of words and I’m at work lmao)",army
7pck7v,Fentanyl,"My bad I miss read. 

It’s like chests, but those are the locations where they can spawn. 

As for the currency exchange, the patch notes have all the details (it’s a lot of words and I’m at work lmao)",opiates
7t9hce,Found out tonic water glows in a black light,"My bad I miss read. 

It’s like chests, but those are the locations where they can spawn. 

As for the currency exchange, the patch notes have all the details (it’s a lot of words and I’m at work lmao)",pics
