Comment_ID,Comment_Submission,Comment_Text,Subreddit
dpn4z04,Special delivery will make for a fine Veterans Day weekend.,Looks like familiar packaging ;-),pillhead
dpo7sfy,Any recreational value?,"What a throwback. 

If you have a low tolerance they make let you catch a weak buzz, however they were taken off the market for a reason",opiates
dprjo6r,Giveaway and Sale! Quarter Kilos for $19 / Enter to Win!,47 premium Bali,kratom
dpt9t2u,Do you crave nicotine while you are high?,I personally love Snus,opiates
dpz9tkp,Help me sober up quickly,Cold shower and caffeine,Drugs
dqw2tkl,Crosspost from r/opiates,"Opana, my true love.",pillhead
dqw2vee,Crosspost from r/opiates,Only the Endo brand with the shitty gel/abuse deterrent due to people would IV these and some problems occurred with the gel being snorted/IV health issues wise.,pillhead
dqw31z4,Anyone else love hydrocodone?,Hysingla is awesome,opiates
dr2d7vs,Plenty of oxy,Those caps are awesome. Smooth oxycodone powder,pillhead
dr2dlr7,Plenty of oxy,"Ps, be careful, some of those have been tampered with, some capsules clearly have been taken apart and put back together with the letters not being aligned.",pillhead
dr8bqei,Do these look pressed? Are pressed opana 370’s a thing?,There are pressed perc 7.5s in my area with no active ingredient as well as fent pressed ones. You'd be surprised what people do for money,opiates
dr8c4nw,What does fentanyl feel like?,Fentanyl has no euphoria in my opinion and many users feel the same way.,Drugs
dr8dg7k,What does fentanyl feel like?,"Pain Relief, People like the rush when IV'd, the nod, the cheap cost per dose, and it keeps withdrawals away.",Drugs
drh8bi8,"Benzos, oxy, kratom, California poppy extract and some gas",They don't,DrugStashes
drha7e3,"Benzos, oxy, kratom, California poppy extract and some gas",Placebo most likely. It has 0 recreational value,DrugStashes
drhdlxu,"Benzos, oxy, kratom, California poppy extract and some gas","Yeah it won't do anything, in my younger days I ordered some off amazon with high hopes. It was very disappointing",DrugStashes
drhgc0h,"Benzos, oxy, kratom, California poppy extract and some gas","In my experience, it did nothing with Kratom.",DrugStashes
drl6z9o,Pharmaceutical Rep. pens of my favorite combo...,I have an Ambien one,opiates
dusah0v,Do these G74 pandas look pressed or pharmaceutical?,They are real. Very  easy to figure out whom it is.,opiates
dvww75j,Setting up darknet makes me feel so stupid,Its extremely worth it to set up a more secure route rather than running it through a personal smartphone. Just takes some research. Security should be top priority rather than convenience.,opiates
dwkwd81,Forgot to post these when I got them. Only get 56 a month and that was 2 weeks ago so not too bad on my part...,Crushable 120s from across the pond are awesome,opiates
dwkx63q,PGP Encryption,Lmao,computers
dwtoh03,"It ain't much but it's what I got for the night.... about 0.5g of decent H, 30mg zolpidem, 30mg diazepam, one 20mg Oxy - a proper OC out the blister",They are still available overseas (EU). You can still get 120mg OCs that act like the old 80s. Mundipharma is purdues sister company across the pond.,opiates
dwtpdbp,Made a trade with a fiend... got 4 adderall from a breakfast sandwich 😂 (already had the 2 15mg today),"Those are 50mg Vyvanse capsules.

The 15mg you took were most likely Adderall . 

But good deal for a sandwich",DrugStashes
dwxupzd,What is the drug/supplement/nootropic that reduces benzo tolerance and greatly diminishes any withdrawal symptoms when quitting xanax?,Phenibut? but tolerance builds quick with it,Drugs
