Comment_ID,Comment_Submission,Comment_Text,Subreddit
dujwy0c,Americans Invented Modern Life. Now We're Using Opioids to Escape It.,""" american invented modern life "" ? idk about that",opiates
dum38ot,Any ideas of outfits to do with this pants ? I have a few jackets i could wear with this pants but i have no idea of what shoes could i buy to wear them with it,"Thanks a lot :) 

I actually follow the instagram page of your link, i completly forgot about it and you're right he  has some really nice RO fits, thanks for reminding me about this guy lol i'll definitly take some inspiration from him",QualityReps
durbgo4,SLP biker denim jeans accuracy?,"it's bad usually... The leather isn't real,the zippers are wrong, the overall fit of the jeans especially at the knee is not skinny enough, the leather doesn't stick to your skin like it's supposed to


tbh if you want the slp biker look on grailed you can find it sometimes for 400/500$ if you're lucky, i've waited months and months to find a good rep of it but never found one so i bought it on grailed personally, i think the only good rep i've came accross was the one from Piritpower but they are out of stock",DesignerReps
dusx137,SLP biker denim jeans accuracy?,"nop i didin't  bought this one but i messaged the seller on wechat and the batch he has is bad and overpriced, i tried to order from piritpower after that and they told me it was out of stock so i had to buy it on grailed",DesignerReps
dutdlmx,Who has the best version of this hoodie? I know 69 any other options?,"this hoodie, again... it's been posted like a billion time here",DesignerReps
duz1frs,[LC] SLP Chain Wyatts,"1000000% authentic, all  reps are not even close to retail anyway",DesignerReps
dvhnal3,HiRoller26’s Pharmacy,i'll cut my balls off to have this right now,opiates
dvy91pk,For anyone wondering what the Story Et Fall 563 exposed zipper boots look like:),"Damn they look so clean...

i bought these one from Story Et Fall ( the 545 i believe ) https://i.imgur.com/CxLEHpw.jpg  https://i.imgur.com/4DPqtSr.jpg  i kinda regret i didn't bought the ones from your picture instead",DesignerReps
dw03hey,"Took 100mg of tramadol this morning like 5 hours ago, will it blocl the effects of the morphine if i take 200mg of morphine ?",i usually take 150mg in plug,opiates
dw0h0el,"[W2C] This beautiful Chanel Coat ( it's for women i think, but still looks good on a guy IMO )",Same... But even retail i can't find it anywhere lol,DesignerReps
dw0omxm,"[W2C] This beautiful Chanel Coat ( it's for women i think, but still looks good on a guy IMO )","holy shit you actually found it, thank you so much",DesignerReps
dw0ppqw,Do you guys play video games when you're high ?,"it's a really really great game, i've played almost all AAA games of these last 15 years and it's one of my favorite to be honest, The Witcher 1 and 2 and the witcher books from Andrzej Sapkowski are also amazing :)",opiates
dw1na7j,What do you guys think about these boots i received from Story Et Fall in term of shape ? Are they better than the SLP boots from Reondistrict ?,i bought them on grailed,DesignerReps
dw28pvz,Infant's acetaminophen,"can't be worse than mine, i use an oral syringe that was meant to be used for my dog, the thing is huge it destroy my ass everytime....

The things i'll do to get high....",opiates
dw29tjo,I think i could have OD last night but some of the dose stayed in my syringe for some reason,"same, thankfully promethazine is over the counter in France and it help so much with the puking

i can take as much opiates as i want if i take 75 to 100mg of promethazine i'll never puke, whereas when i take morphine without promethazine i spend the night puking...",opiates
dw6mk3k,Oxycodone is the greatest thing mankind has ever created,i personnaly enjoy way more morphine than oxy,opiates
dwf7mqa,[W2C] Haider Ackermann Striped Bomber Jacket,"There is almost no reps of Haider Ackermann at ALL, no point for the repmakers to take time to make a rep of a beautiful and complex piece like the one from Haider, when they can replicate shitty Gucci belt logo hoodies in like 3 hours and make shit ton of money with it",DesignerReps
dwfbicj,[W2C] Acne Sweater and Berluti boots ?,i think you'll be better on fashionreps talking about supreme bogos and bape camo hoodies,DesignerReps
dwhityy,[W2C] Acne Sweater and Berluti boots ?,yes the sweater is,DesignerReps
dwj4jml,"[W2C] Blue Saint Laurent Jeans, ripped or not ?","You can find SLP / Hedi's era jeans on grailed for arround 300$, it might be a bit expensive depending on your budget but IMO it's worth it, they are overall a really good quality denim

https://www.grailed.com/listings/4547806-Saint-Laurent-Paris-Dirty-Dark-Vintage-Blue-D02

https://www.grailed.com/listings/4670887-Saint-Laurent-Paris-Saint-Laurent-Denim-D02-Jeans-F-W-17",DesignerReps
dwspbeg,Why isn't my percocet kicking in?,"i know what you mean, it's so fucking annoying when you wait a long time before taking a dose, you take it and it's just doesn't fucking work, worst feeling ever

Maybe it's just mental, personnaly when i take opiates and don't expect anything from it, i usually get a nice high, whereas when i wait like a week sober before taking a dose and i expect having a fantastic high from the dose i take, i'm usually very disapointed, it's weird....",opiates
dwspu8u,Why isn't my percocet kicking in?,"wait a bit, maybe it will kick in 

Sometimes my pills takes 30 minutes to kick in, and sometimes it takes like 2 hours or even more before kicking in i have no idea why",opiates
dwsqlds,Why isn't my percocet kicking in?,"maybe it's because you ate before, when i eat a meal before taking my pills it takes usually a lot more times to kick in",opiates
dwwucbp,"Got my hands on these. I have NO idea how to use them, have only done oral and intranasal oxy. Would be so grateful if someone gave me a step by step. How do I get a needle?","holy shit

i've never shot anything in my veins but if i had those in my hand i wouldn't hesitate a second to inject it",opiates
dwwuz3r,Can i mix 150mg of tramadol with 100mg of morphine ?,"yeah my tolerance is usually 100 to 150mg of morphine in plug

i have know idea how i reached such a high tolerance, 4 months ago i used to get so fucked up just by plugging 30mg of morphine, now even 100mg barely get my high :(",opiates
