Submission_ID,Submission_Title,Submission_Text,Subreddit
7vy0uj,"When you had a tolerance, took a break then star using again",""" american invented modern life "" ? idk about that",opiates
7vzv8p,WTF Saint Laurent Western Jeans ???,""" american invented modern life "" ? idk about that",DesignerReps
7wdm31,New sub for us people tired of seeing how this sub is turning into and becoming full of hypebeasts ?,""" american invented modern life "" ? idk about that",DesignerReps
7wgihf,[W2C]This Berluti Bomber ?,""" american invented modern life "" ? idk about that",DesignerReps
7wt7eh,[W2C] This beautiful Haider Ackermann fw18 bomber,""" american invented modern life "" ? idk about that",DesignerReps
7x1qj0,"I received my boots from Story Et Fall, how do you guys think they are compared to the Reondistrict SLP boots in terms of shape and SLP style ?",""" american invented modern life "" ? idk about that",DesignerReps
7xiiwa,What do you do when you're high ?,""" american invented modern life "" ? idk about that",opiates
7xktsz,[W2C] Is there any decent reps of this Rick Owens T-Shirt please ?,""" american invented modern life "" ? idk about that",QualityReps
7ylzaq,Wrong sub to ask sorry but does weed mix well with kratom ?,""" american invented modern life "" ? idk about that",opiates
7yofcr,"[W2C] Any links to similar jacket, rep or non-rep ?",""" american invented modern life "" ? idk about that",DesignerReps
7yoh26,Taking too much promethazine block the effects of the opiates ??,""" american invented modern life "" ? idk about that",opiates
7z79gc,Any ideas of outfits to do with this pants ? I have a few jackets i could wear with this pants but i have no idea of what shoes could i buy to wear them with it,""" american invented modern life "" ? idk about that",QualityReps
7z8sps,[W2C] Do you guys have any links for this leather and denim SLP 5 zippers jeans please ?,""" american invented modern life "" ? idk about that",QualityReps
81erqo,[W2C] This Rick Owens Pants and SLP Boots seen on Sangiev's instagram ?,""" american invented modern life "" ? idk about that",DesignerReps
81q6wc,""" Borneo White Vein "" : very uplifting effect ?",""" american invented modern life "" ? idk about that",kratom
826g59,[W2C] This Balenciaga Coat ? I believe it's for women but looks good even on a guy IMO,""" american invented modern life "" ? idk about that",DesignerReps
85tp0l,"Took 100mg of tramadol this morning like 5 hours ago, will it blocl the effects of the morphine if i take 200mg of morphine ?",""" american invented modern life "" ? idk about that",opiates
85v686,"[W2C] This beautiful Chanel Coat ( it's for women i think, but still looks good on a guy IMO )",""" american invented modern life "" ? idk about that",DesignerReps
85wt9a,"Texture taking time to load in AC ORIGINS, can i fix it ?",""" american invented modern life "" ? idk about that",assassinscreed
85wz5r,Do you guys play video games when you're high ?,""" american invented modern life "" ? idk about that",opiates
86lsk5,[W2C] Carol Christian Poell Leather Jacket ?,""" american invented modern life "" ? idk about that",DesignerReps
87sp11,[W2C] Acne Sweater and Berluti boots ?,""" american invented modern life "" ? idk about that",DesignerReps
88zo9i,Staying at home when i'm high as fuck feel like a waste ?,""" american invented modern life "" ? idk about that",opiates
8a729c,Cold water extraction without coffee filter ?,""" american invented modern life "" ? idk about that",Drugs
8a9jyg,Can i mix 150mg of tramadol with 100mg of morphine ?,""" american invented modern life "" ? idk about that",opiates
