Comment_ID,Comment_Submission,Comment_Text,Subreddit
dva0m72,"Actavis, Xanax, methadone,Ecstasy (Blue Androids) Ketamine ,MDMA ,LSD ,Fentalyn patches ,Nembutal ,for sale",Hey bud post needs to be modified so it isnt sourcing or i will take it down.,pillhead
dvo4g7u,Variety pick up,"Pandas, bars, valium and what else do i see?",pillhead
dvo5g68,Watson 853,"Holy Shit!!! My dude/chick, how many per bottle?",pillhead
dvo5ler,"Love refill day , 90 Trammys 🙂🤙😋",You enjoy Trams and actually get buzzed off them? How many mg a month you get & if I may ask why? Trams were never my favourite at allllllllllllll.,pillhead
dvo5sml,"Hey, come check out our new discord server made for drug subs",Sounds like a damn fine idea to me!!!,pillhead
dvo62wh,90 1mg Ativan just picked up the script 🙂,Do you prefer Ativan over other Benzos?,pillhead
dvo66sn,HULK SMASH,Why don't those even look green?,pillhead
dvo6aew,90 1mg Ativan just picked up the script 🙂,"Gotcha, that is just what the Doc stuck you with?",pillhead
dvo6j8a,Anybody know what this is,Looks like a peppermint cough drop lolololol. Be careful might make  ur throat a lil' minty.,pillhead
dvo6r4d,90 1mg Ativan just picked up the script 🙂,What a nice doc u have must have.,pillhead
dvo6urn,90 1mg Ativan just picked up the script 🙂,I lost my insurance and lost mine who was giving me 3 bars a day ]:,pillhead
dvoaseo,HULK SMASH,I figured. Why did I get downvoted lol.,pillhead
dvta698,Opi variety Monday,I am EXTREMELY jealous. Lucky duck,pillhead
dvtakuu,Weird tolerance buildup and dosing (relatively new to benzos),You need to volumetrically dose it in propelyne glycol,pillhead
dvtap0w,C21h23no5,What a beautiful girl. (:,pillhead
dvtb09u,"Xans, morphine, and vyvanse. Miss this, miss him more though. Drugs took my love away from me, trying to stay sober. Pretty pills.",I never left sweetheart,pillhead
dwpird2,How long does opiate dependence take?,"Don't use on that ""Magic Third Day"" and you will be a-ok.",opiates
dwpkrrh,[Game Thread] #3 Michigan @ #1 Villanova (9:20 PM ET),Really? UofM cannot touch Nova and Nova can push our guys around like they are their fucking daddies,CollegeBasketball
dwpl6a7,[Game Thread] #3 Michigan @ #1 Villanova (9:20 PM ET),The refs did help a bit my mans. UofM couldn't touch Nova,CollegeBasketball
dwpl7hr,[Game Thread] #3 Michigan @ #1 Villanova (9:20 PM ET),What did we do to you?,CollegeBasketball
dwplhz4,[Post Game Thread] #1 Villanova defeats #3 Michigan 79-62 to win the National Championship,Please explain to me a better way to decide the best team in College Basketball,CollegeBasketball
dwpltva,[Game Thread] #3 Michigan @ #1 Villanova (9:20 PM ET),Why fuck us then my man.,CollegeBasketball
dwplype,[Game Thread] #3 Michigan @ #1 Villanova (9:20 PM ET),Wut,CollegeBasketball
dwpxd1d,[FRESH] Denzel Curry - SUMO,"Can't wait to see him in person, anyone here wanna testify to how dope his concerts are?",hiphopheads
dwpxevl,How long does opiate dependence take?,"I used like 2 days on, 1 day off, 2 days on, 1 day off, 2 on, 1 off. For about 9 months and when I stopped there was no physical dependence.",opiates
