Submission_ID,Submission_Title,Submission_Text,Subreddit
2ixtmk,Bought the ingredients to a speedball today and many other things. Also showing off my odd collection.,Hey bud post needs to be modified so it isnt sourcing or i will take it down.,opiates
2j6vmw,Be happy /r/opiates speedballs!,Hey bud post needs to be modified so it isnt sourcing or i will take it down.,opiates
2m4mur,Not physically dependent for 6 months just a question regarding tolerance.,Hey bud post needs to be modified so it isnt sourcing or i will take it down.,opiates
2n3rto,Does this look like an abscess?,Hey bud post needs to be modified so it isnt sourcing or i will take it down.,opiates
2ppk6x,Does this look like an abcess? it hurts and is very warm and swollen.,Hey bud post needs to be modified so it isnt sourcing or i will take it down.,opiates
2vcme6,Think I'm okay to do this shot?,Hey bud post needs to be modified so it isnt sourcing or i will take it down.,opiates
428kb9,Building coils for the first time.,Hey bud post needs to be modified so it isnt sourcing or i will take it down.,electronic_cigarette
4ekwmf,Hat questions.,Hey bud post needs to be modified so it isnt sourcing or i will take it down.,streetwear
4x1k80,Help with setup,Hey bud post needs to be modified so it isnt sourcing or i will take it down.,NewSkaters
6d3nkf,Too much methadone?,Hey bud post needs to be modified so it isnt sourcing or i will take it down.,opiates
6dm9yv,Payday pickup porn,Hey bud post needs to be modified so it isnt sourcing or i will take it down.,opiates
6gbzja,Check in with your scores and plans for tonight!,Hey bud post needs to be modified so it isnt sourcing or i will take it down.,opiates
6q39td,Little stash from a while ago.,Hey bud post needs to be modified so it isnt sourcing or i will take it down.,pillhead
6q3y7f,Street Opiates a.k.a. Heroin: Safety and w/d Information,Hey bud post needs to be modified so it isnt sourcing or i will take it down.,pillhead
6qgakv,Instruments for a good weekend,Hey bud post needs to be modified so it isnt sourcing or i will take it down.,pillhead
6qhf7k,"Good Morning! Tell me, how are you responsible adults planning on spending this lazy Sunday.",Hey bud post needs to be modified so it isnt sourcing or i will take it down.,pillhead
6qi01u,"Goofballs > Speedballs... NOW FIGHT. Also, what is everyone else doing on this fine day?",Hey bud post needs to be modified so it isnt sourcing or i will take it down.,opiates
6riksu,My sexy girl with plenty of fun to be had.,Hey bud post needs to be modified so it isnt sourcing or i will take it down.,opiates
6ril59,Don't know much about the future except that she will always be there.,Hey bud post needs to be modified so it isnt sourcing or i will take it down.,pillhead
6rizjf,My sexy girl with plenty of fun to be had. X-post from /r/opiates & /r/pillhead,Hey bud post needs to be modified so it isnt sourcing or i will take it down.,opiates_gonewild
76j7xu,Gettin' faded... spooky style. What y'all been up to this weekend?,Hey bud post needs to be modified so it isnt sourcing or i will take it down.,pillhead
78fgdd,Anyone down to chat? Don't know what is up with a lot of the mod-team and don't want this place to become a ghost town. Interaction my friends!,Hey bud post needs to be modified so it isnt sourcing or i will take it down.,pillhead
7q9zjz,Some triple stacks and xannie presses.,Hey bud post needs to be modified so it isnt sourcing or i will take it down.,pillhead
7qakeu,Some triple stacks and xannie presses.,Hey bud post needs to be modified so it isnt sourcing or i will take it down.,benzodiazepines
7szeow,The whole benzo collection,Hey bud post needs to be modified so it isnt sourcing or i will take it down.,pillhead
