Comment_ID,Comment_Submission,Comment_Text,Subreddit
dwdpg7q,Spring break cocktail!,they're the best *swimmy*,opiates
dwdr8vv,Spring break cocktail!,"I noticed the color is kind of darker, however, I've just tried a half and it has the same feeling as other 30s",opiates
dwdszsh,Spring break cocktail!,Yay,opiates
dwdvv5g,Spring break cocktail!,have you tried them before?,opiates
dwdx48p,Spring break cocktail!,"I'm sure it's presses, and the high is different and more potent. Cause usually 30s make me active, but not with those.
I texted the dboy, and I could tell he knows.
 Any way I will return the remaining 3",opiates
dwdyux0,Spring break cocktail!,"I don't think it's fentanyl, my guess is H pressed precisely compared to 30s",opiates
dwe7ar0,munchies on benzos?,"If you can’t control your hunger, get fruit snacks :)",opiates
dwe7xby,munchies on benzos?,"when I buy quantity of food, I can’t satisfy till I eat everything like a horse",opiates
dwe94o6,Kratom not doing dick for anyone else?,"the red bali is most euphoric strain I found.
I usually drink it as soon as I wake up in the morning because it hit harder",opiates
dwe9r5b,A few norcos for a good little buzz!,is that wisdom tooth prize,opiates
dweaelu,Kratom not doing dick for anyone else?,"Kratom doesn’t make you a complete ass. 
Slightly euphoric, I compare it to 2.5 hydrocodone",opiates
dwm56ns,"40 oxy 10s, 12 perc 10s, 32 perc 5s, 21 50mg tramadol and 35 klonopin. I think I'm good for now!",sounds you got a nice grandma,opiates
dwm6q71,weekend’s cocktail,"dude the E8 got me swim *cloud9*, wish you best score",opiates
dwm6zci,weekend’s cocktail,I heard addy's is better swallowed. Isn't it?,opiates
dwm77v1,"One week cold turkey, or a methadone?",Cold turkey + Kratom,opiates
dwmo31u,weekend’s cocktail,"I never mix them together cause oxy's cancel the addy's.
I take oxy when I come off addy's, it calms me down and helps me to sleep",opiates
