Comment_ID,Comment_Submission,Comment_Text,Subreddit
dtqiqd5,Is it weird to wish...,I feel you bro none of my friends IRL use. It does get boring and lonely nodding off alone in ur bedroom every night ;(,opiates
dtsugeo,Sent home from work after doing this. Oops.,Story?!?!?!,opiates
dtths4h,But why,Bro this is fire what are u talking about id love to have this in the car,CrappyDesign
dtwp4uh,Creepy uncle tries his luck,No you interpreted what he said. He’s quoting the comment and saying it goes ever further. Re read it and then comment again,insanepeoplefacebook
dtwp5yb,Creepy uncle tries his luck,Also: you’re*,insanepeoplefacebook
dtwt9o5,Valentine's is coming.,"I feel this one, DEEP",indianpeoplefacebook
dtwv2uo,Waiting for the dboy like,Called him at 10am it’s 10pm now,opiates
dtwvrlm,the first video I ever made (2008),That was a great era for YouTube videos man,2007scape
dtwvssw,MOBILE ELY SH28SHEHWOWHFHR,Damn son congrats,2007scape
dtx1zyo,Waiting for the dboy like,Only on a perfect world haha. I just got my shit now !! What’s your situation looking like ??,opiates
dtx3vto,Stupid shitpost,Be honest now... did you boost these 😂 ?,opiates
dtybwqd,Stupid or junky logic?,It’ll set you right back and those 8 days will have been for nothing. If you absolutely can’t shake the cravings take a bit of Kratom to calm your nerves. Good luck homie you got this!!!  You don’t need it your mind is playing tricks on ya!!,opiates
du1znxp,Crossfit in a nutshell,Title lol,blackpeoplegifs
du989qo,When local banks suck..,Wow lol wtf I can get a new debit card (replacement) right away for free anytime I go to the bank... do I got it too easy or does this bank just suck?,opiates
dubod4t,Best Valentine's day present. Two of these for a Benjamin,My fav 😍,opiates
dud4d85,Anyone know how easy it will be to find cannabis in Florida.,I went there in January grabbed some Cali bud off a guy from Craigslist in Orlando,CanadianMOMs
dw356v3,"Do you gotta be 19 for medical, or is 18 good enough?",I got mmpr at 18 for 6g a day,canadients
dwm24qx,Anyone know where I can get a small butane can like in the video.,Rabba,canadients
dwnogau,When people say building a rail line between your highway lanes isn't realistic,Allen expy in Toronto is another example,CitiesSkylines
dww34iy,"Anyone ever find little white ""stones"" in their buds?",Yeah man this is common don’t trip. Well shouldn’t be common common but I’ve run into it before and I’ve done it before by accident lol. But u get what I mean right just apart of the game. It’s from the soil mix or whatever,CanadianMOMs
dww3y3d,"Did half of each already , but .4 of hard and .3 of Canadian brown Fent. I smoke both on tin foil, weird hey?",How do u smoke hard on foil doesn’t it run up the sides and not stay put??,opiates
dww438v,Help ? Need input on these.,They’re retard but there not like OP u can fuckin crush em and swallow for IR. But sniffing is a little diff cuz the outer layer is diff from internals and IIRC these gel in water so it’d duck ur nose up,opiates
dwwtpk5,"Did half of each already , but .4 of hard and .3 of Canadian brown Fent. I smoke both on tin foil, weird hey?",Proper bro thx for the explanation! N yeah man I feel you on that I hardly smoke hard now so I’ll put it in a weed pipe and hit it; only half effective but who cares lol just a once and while thing,opiates
dwxk07n,Help ? Need input on these.,Ya man crush and take oral is only good way for these (for IR). Don’t listen to people about coke method that’s for OPs. These are diff.,opiates
dwxkq9b,"Florida woman substitute teacher unbuttoned pants, danced to rap, said she smokes pot to students who turned her in",She old as hell wtf,FloridaMan
