Comment_ID,Comment_Submission,Comment_Text,Subreddit
dwxdwh7,Can you also do a *click* instead of a rumble?,Yes that is the equalizer button for underwater decompression,earrumblersassemble
dwxg04j,HMF while I relive my days a majorette,I will hold nothing i wanna learn this shit!!,holdmyfries
dwxg72o,Every damn morning these freeloaders expect me to feed them breakfast .,We have the same looters by our pond every morning.,aww
dwxr8vn,HMF while I relive my days a majorette,Whack !! grabs nose...,holdmyfries
dwxrf58,How old were you when you got diagnosed?,I was 34 now 39.  I take humira and was denied my pain medication now sice beginning of february.  Gotta love the “opiate crisis”.,rheumatoid
dwyitqo,HMF while I relive my days a majorette,I dunno i have a pretty sweet glitter in water baton from when I was in grad school...,holdmyfries
dwyiupf,HMF while I relive my days a majorette,When he spins i would have hit the telephone pole.,holdmyfries
dwyivqy,What's the best 2 player games to play with a significant other?,Contra mario kart,AskReddit
dwyiy48,WCGW littering,So set up.,Whatcouldgowrong
dwyiz0o,Tattoo I got of my dad who recently passed away. I got it on my ribs so that I can always have him by my side.,I would def add the cigarette,pics
dwyizjz,Tattoo I got of my dad who recently passed away. I got it on my ribs so that I can always have him by my side.,He looks like don johnson❤️😜,pics
dwyj0vc,"Some days are just not that good, pascal campion, Digital, 2018",I relate mine died of leukemia in ‘01 and now my other brother has been diagnosed w exact same leukemia.  Hugs to all,Art
dwyj4k5,Mosquito finding a blood vessel,Jesus GOD why did u share this?!,woahdude
dwyj5n0,No one can help me and I just wanna rant,Look up low fodmap diet. I admin for 35k on fb w ibs.,ibs
dwyj7y9,< 3.5 of some eggshell colored #4. Nice and pure stuff!,How much is on that subway gift card?,opiates
dwyjabt,Does anyone else wake up with extreme regret/embarrassment over normal things you did the night before when drinking?,Nope.  Dont drink,Drugs
dwyjaxz,The real reason people like to work from home.,Is that sprocket feom fraggle rock?!,gifs
dwyjd2y,Friend died of a heroin overdose today.,Mine passed 3 years ago. Left two kids to her pos ex.,opiates
dwyjga2,"The Berry Brothers, making a stunning entrance in the 1942 film 'Panama Hattie'",I bet they regretted each landing.,gifs
dwyjiod,Pretty sure my kid's daycare teacher is former mafia,You can stay home and help me shave myyy armpits!!,funny
dwyjpgr,"TIL the top flying ace for the United States during World War II was Dick Bong, who shot down 40 Japanese aircraft.",Poor dude his mom must have hated him feom birth.  Theres a guy named richard pounder i saw on tv during a political bas run.,todayilearned
dwyjry3,"I took a half day off vacation and decided to learn tunisian crochet. It's not perfect, but for a first attempt I'm satisfied.",I have allthe tiols for this- is it better than crochet?,crochet
dwyjtot,The struggle...,Whats this stitch?!,crochet
dwykf2e,I never loved pink so much 💕 she took off one of my doses a day but at least I still get 90. She told me I'm too young to need that much 😂.,Same here except i got the boot for taking one anxiety med i was honest about up front after finding out my 2nd brother was dagnosed w cancer like my first bro who died of it- i had a fkn panic attack and was honest and got a letter if dismissal.,opiates
dwykknz,Kid rock looking like he’s waiting for lafawnduh at the airport.,Its a time machine,funny
