Submission_ID,Submission_Title,Submission_Text,Subreddit
6dygcn,intro from a 7 year lurker,"lmao agreed. i wouldn't be too worried about weighing up shit in front of dboy. there have been countless times that i've weighed my drugs (k, coke, h, etc.) at home after picking up and the bag's been light. often significantly light.",opiates
7icx1o,have i had sex?,"lmao agreed. i wouldn't be too worried about weighing up shit in front of dboy. there have been countless times that i've weighed my drugs (k, coke, h, etc.) at home after picking up and the bag's been light. often significantly light.",SoapboxBanhammer
7ogn8d,XXXTENTACION - Revenge (acoustic/folky?),"lmao agreed. i wouldn't be too worried about weighing up shit in front of dboy. there have been countless times that i've weighed my drugs (k, coke, h, etc.) at home after picking up and the bag's been light. often significantly light.",WNOD
7roq3j,quick story about my dog and heroin,"lmao agreed. i wouldn't be too worried about weighing up shit in front of dboy. there have been countless times that i've weighed my drugs (k, coke, h, etc.) at home after picking up and the bag's been light. often significantly light.",opiates
