Comment_ID,Comment_Submission,Comment_Text,Subreddit
dwmando,"Last month we spent $2,000 on food...","Not sure why you got down-voted. legumes (lentils/beans) and whole grains are dirt cheap and much cheaper per gram of protein. Also don't have to worry about antibiotics etc. Although you should always eat legumes/beans/peas, and whole grains together to supplement for the low-levels of certain amino acids in them. You can have a completely healthy diet by eating only fruits, vegetables, legumes, nuts, whole grains, etc. Just make sure you eat a wide variety, and in compliance with the nutritional recommended dietary allowance, in order to meet your vitamin and mineral needs such as b12.",EatCheapAndHealthy
dwmha5w,This sub has really really really slowed down since the new rules,*you've been banned for saying the word vendor*,kratom
dwmhh11,This sub has really really really slowed down since the new rules,"Strains vary so much from vendor to vendor, one vendors green Maeng Da might be great, while another's is horrible. You're better off finding old posts or posts from different websites that talk about specific vendors. This sub is nearly useless now. We'd be better off if all the subscribers focused our attention to a new platform.",kratom
dwmhilj,This sub has really really really slowed down since the new rules,"Lmao ""society of the green dust"" But it says only about 1,000 subscribers? That's not even a fraction of what we have here.",kratom
dwmhmsl,Just made some homemade crystallized ginger.,"I started to make 3-ingredient organic ginger chews and they are great. I can make them in bulk at a fraction at the cost of normal ginger chews. I was actually thinking about posting pictures on the sub of the candy and asking people on here if they would be interested in buying them if I started making them in bulk, yet I am not sure of the legal implications that come with selling candy online.",kratom
dwmht52,Just made some homemade crystallized ginger.,"If you have nausea, but can't get ahold of ginger, try a product called ""Nauzene"" They are chewable circle tablets that coat your stomach and work within 5-10 minutes to stop nausea and almost any stomach-related issue. I love them because they cause absolutely no drowsiness, yet work just as good, or better, than other nausua medicine. You can get them at Walgreens or almost any drug store I believe. I carry them around with me everywhere and never have to worry about stomach issues from kratom",kratom
dwmi31a,Made my first water based kratom extract,How much did it improve the strain? And can you weigh your extract dose to compare its strength to your normal powdered kratom dose?,kratom
dwmiaqv,tips on maintaining testosterone levels while on kratom,"Get a lab test now and then later down the road to see if your levels are in a normal range before taking supplements to ""increase test""",kratom
dwnfqyw,My uncle upped his battle with the squirrels raiding the feed birder to the next level using...olive oil,Just like the squirrel baffle my auntie Jen had back in 1998 when...,gifs
dwnfur1,[Shelfie] Finally😤have the confidence🙈to post my first shelfie📱(lemon🍋and baking soda mask not pictured📸) tell me what you guys think 🤔,I prefer the black tea one. Gets my day started.,SkincareAddiction
dwo4ybz,Turmeric Opioid Tolerance and Dependence,"Would this work for kratom as well? Because a year and a half ago I used to take about two capsules (750mg each) of Turmeric extract (70-80% curcumin) with black papper extract before every kratom dose (2 times a day) every single day, for about 4-5 months straight, yet still built a tolerance to kratom within that 4-5 month period. I eventually stopped taking it due to a high heavy metal scare in multiple turmeric extract brands. I didn't notice a difference in the effectiveness of kratom since stopping the curcumin and it's now a year and a half since the time of the 4-5month stretch of 2 curcumin/black pepper extract capsules (an hour before every kratom dose) and yet my dosage of kratom is the same (4g) that it was back then, and yet still just as effective.",DrugNerds
dwo63l9,"Do amino acid ratios matter, or is an imbalance fine if you consume enough of each amino acid?","I recently started getting back into lifting weights and I had this same question. I spent a few days researching different protein sources because whey protein makes me break out, and I can't afford to get all of my protein from meat. (At least meat that isn't pumped with antibiotics and salt water) 
Anyway, I saw a few articles that claimed that animal based protein were the ""best"" due to the high amino acid profile when compared to most non-animal protein sources. Although sources claim soy-beans, buckwheat, and quinoa are ""complete"" proteins due to not lacking certain amino acids like other vege protein sources. 

From what I could find online, It seems that the *only* reason other non-animal proteins such as beans, legumes, peas, oats, rice, other grains, etc., are *not* considered complete proteins, is because for the recommended *single* serving of each food listed, you do not meet the RDA for certain amino acids (like you would with animal protein). Nowhere online did I find information against my hypothesis that eating more than a single serving of these non-animal proteins (in order to meet the RDA for the amino acids that they are low in)  would make them ""complete proteins"" since you would be consuming your RDA for each essential amino acid. 

That being said, I decided that my protein would come from 180-240 grams of oats a day in the form of a weight-gain shake consumed between 2/3 meals. Oats (and most grains) are relatively low in lysine, methionine, threonine, leucine, and histidine. Yet when I bump the serving size up to 180-240g, all of my RDA for amino acids are met. Just incase though, I will be adding a scoop of pea protein isolate which helps supplement the low amino acids in grains and because It makes it easier to meet my daily protein goal without consuming another 120 grams of damn oats.",nutrition
dwpgarj,"Spilt water on laptop keyboard last night, and now keys aren't working!",spilled*,techsupport
dwqrxw7,"Hi, my name is Ryan Germick. I'm the chief designer at Google Doodle. I'll go out of my way to make sure the only religious holiday that doesn't have a commemorative doodle is also one of the largest, and longest running holidays, Easter.",Beta AF,The_Donald
dwqseyo,The Quitting Cannabis Stack,"I enjoy the life extension liquid melatonin since it is taken under the tongue and absorbed in about 15 min, rather than 30-45 for oral administration. Also, since it's drop by drop you can manipulate the dosage to your liking. 20 drops = 3mg so you can easily do a little division to get whatever dosage you like. Stuff lasts me forever.

Life Extension Fast-Acting Liquid Melatonin, Natural Citrus-Vanilla Flavor 3mg, 2 fl oz https://www.amazon.com/dp/B00DBYI7F2/ref=cm_sw_r_cp_api_Em8WAbKX9MR32",StackAdvice
dws0fk1,"Update: I just discovered that I owe the IRS $50k that I don't have, because I traded in cryptos.","what if I purchased a small amount of bitcoin, and never withdrew my coins into funds until it went down in price (meaning I lost money) I don't have to report this correct?",personalfinance
dwt1aie,What's your best piece of NSFW advice?,I love Chris Delia's segment on this topic,AskReddit
dwtxfhr,"LPT: If you like one song by an artist, but don't dig the rest of their stuff. find out who the producer is and see what other work they've done. The producer can play a big role in how the final song turns out.",BEAUTIFUL MORNIN,LifeProTips
dwubw1o,"What foods increase cognitive energy, and what foods decrease cognitive performance?","I'm always confused by this. Wheat *is* a complex carbohydrate. So is brown rice. Whole grains include wheat (if it's made entirely from the whole grain kernel) and brown rice. 

Edit: Not being sarcastic, or an asshole, just generally confused as to why you lumped rice and wheat in with sugar, pasta, and bread.",nutrition
dwubxe4,"What foods increase cognitive energy, and what foods decrease cognitive performance?","Only if it's brown, whole grain bleach. None of this refined, *bleached* bleach.",nutrition
dwuvg2l,"What foods increase cognitive energy, and what foods decrease cognitive performance?",Interesting. Thanks!,nutrition
dwuvqy5,"Scientists in Antarctica have harvested their first crop of vegetables grown without earth, daylight or pesticides as part of a project designed to help astronauts cultivate fresh food on other planets.",You can have so much fun by setting up different hydroponic rigs around your house.,space
dwyrocm,ELI5: why does boiling water before making it an ice cube make it clear whereas normal tap water is just cloudy?,"Do bartenders enjoy it if customers make appreciative comments about the appearance of a cocktail? Or do they not care either way? I wouldn't mind throwing some ""ooh!'s"" and ""ahhs"" around just to make their day.",explainlikeimfive
dwysf86,Gym Story Saturday,"My entire life growing up i've been a skater. Since I could form memories, I remember skateboarding outside my house for 8-13 hours a day every day that I possibly could up until high school. I joined the football team in high school as I was naturally athletic and had great hands. Anyway, I was 5'7"" and weighed exactly 120pounds. The football team, and I, were astonished when we found out that I could squat roughly 170 pounds for first time ever touching a weight bar, and within a few months I could squat 295 for my 1RM. I still never grew higher than 5'7"" or weighed more than 120 that entire year. Even got my bench up to 195lbs. I used to love the look on the water polo guys faces when they would come share the weight room in the summer to do 4x10 squats, could only do 135, and this little twig of a kid would be busting out 225 for 4x10 like it was nothing. 
TL;DR skateboarding for every second of leisure time for 10 straight years helped tremendously with squats.",Fitness
dwz6lpw,Photo of Conor McGregor in the middle of throwing a dolly through a bus carrying UFC fighters and Khabib.,why would you wear a suit to the track? Seems like you'd overheat pretty quickly.,sports
