Submission_ID,Submission_Title,Submission_Text,Subreddit
7enovf,Can we please figure out the truth about this Net Neutrality issue? I'm hearing two completely contradicting sides on the topic.,"Not sure why you got down-voted. legumes (lentils/beans) and whole grains are dirt cheap and much cheaper per gram of protein. Also don't have to worry about antibiotics etc. Although you should always eat legumes/beans/peas, and whole grains together to supplement for the low-levels of certain amino acids in them. You can have a completely healthy diet by eating only fruits, vegetables, legumes, nuts, whole grains, etc. Just make sure you eat a wide variety, and in compliance with the nutritional recommended dietary allowance, in order to meet your vitamin and mineral needs such as b12.",The_Donald
7fpwz4,What's the most interesting or shocking thing someone from your high school turned out to be?,"Not sure why you got down-voted. legumes (lentils/beans) and whole grains are dirt cheap and much cheaper per gram of protein. Also don't have to worry about antibiotics etc. Although you should always eat legumes/beans/peas, and whole grains together to supplement for the low-levels of certain amino acids in them. You can have a completely healthy diet by eating only fruits, vegetables, legumes, nuts, whole grains, etc. Just make sure you eat a wide variety, and in compliance with the nutritional recommended dietary allowance, in order to meet your vitamin and mineral needs such as b12.",AskReddit
7fq1kl,My uncle's doctor put him on Buprenorphine to get off morphine and he feels sick and lethargic. Any tips from a veteran Bupre user?,"Not sure why you got down-voted. legumes (lentils/beans) and whole grains are dirt cheap and much cheaper per gram of protein. Also don't have to worry about antibiotics etc. Although you should always eat legumes/beans/peas, and whole grains together to supplement for the low-levels of certain amino acids in them. You can have a completely healthy diet by eating only fruits, vegetables, legumes, nuts, whole grains, etc. Just make sure you eat a wide variety, and in compliance with the nutritional recommended dietary allowance, in order to meet your vitamin and mineral needs such as b12.",opiates
7fzygy,"If I could go back in time, i'd fight myself for not investing in bitcoin.","Not sure why you got down-voted. legumes (lentils/beans) and whole grains are dirt cheap and much cheaper per gram of protein. Also don't have to worry about antibiotics etc. Although you should always eat legumes/beans/peas, and whole grains together to supplement for the low-levels of certain amino acids in them. You can have a completely healthy diet by eating only fruits, vegetables, legumes, nuts, whole grains, etc. Just make sure you eat a wide variety, and in compliance with the nutritional recommended dietary allowance, in order to meet your vitamin and mineral needs such as b12.",Bitcoin
7gghzz,Im not waiting any longer. Is it safer to purchase bitcoin on my iphone or my university library computer?,"Not sure why you got down-voted. legumes (lentils/beans) and whole grains are dirt cheap and much cheaper per gram of protein. Also don't have to worry about antibiotics etc. Although you should always eat legumes/beans/peas, and whole grains together to supplement for the low-levels of certain amino acids in them. You can have a completely healthy diet by eating only fruits, vegetables, legumes, nuts, whole grains, etc. Just make sure you eat a wide variety, and in compliance with the nutritional recommended dietary allowance, in order to meet your vitamin and mineral needs such as b12.",Bitcoin
7ggkwk,I can't wait any longer. Is it safer to purchase Bitcoin on my smartphone or a university library computer?,"Not sure why you got down-voted. legumes (lentils/beans) and whole grains are dirt cheap and much cheaper per gram of protein. Also don't have to worry about antibiotics etc. Although you should always eat legumes/beans/peas, and whole grains together to supplement for the low-levels of certain amino acids in them. You can have a completely healthy diet by eating only fruits, vegetables, legumes, nuts, whole grains, etc. Just make sure you eat a wide variety, and in compliance with the nutritional recommended dietary allowance, in order to meet your vitamin and mineral needs such as b12.",Bitcoin
7gsicv,"Do I have to report anything Bitcoin related on my taxes if I haven't sold any, but only purchased coins?","Not sure why you got down-voted. legumes (lentils/beans) and whole grains are dirt cheap and much cheaper per gram of protein. Also don't have to worry about antibiotics etc. Although you should always eat legumes/beans/peas, and whole grains together to supplement for the low-levels of certain amino acids in them. You can have a completely healthy diet by eating only fruits, vegetables, legumes, nuts, whole grains, etc. Just make sure you eat a wide variety, and in compliance with the nutritional recommended dietary allowance, in order to meet your vitamin and mineral needs such as b12.",Bitcoin
7k2tmv,Controversial/Spicy,"Not sure why you got down-voted. legumes (lentils/beans) and whole grains are dirt cheap and much cheaper per gram of protein. Also don't have to worry about antibiotics etc. Although you should always eat legumes/beans/peas, and whole grains together to supplement for the low-levels of certain amino acids in them. You can have a completely healthy diet by eating only fruits, vegetables, legumes, nuts, whole grains, etc. Just make sure you eat a wide variety, and in compliance with the nutritional recommended dietary allowance, in order to meet your vitamin and mineral needs such as b12.",ConspiracyMemes
7nap0r,Anyone ever taken a class with only a few people in it? How did it go?,"Not sure why you got down-voted. legumes (lentils/beans) and whole grains are dirt cheap and much cheaper per gram of protein. Also don't have to worry about antibiotics etc. Although you should always eat legumes/beans/peas, and whole grains together to supplement for the low-levels of certain amino acids in them. You can have a completely healthy diet by eating only fruits, vegetables, legumes, nuts, whole grains, etc. Just make sure you eat a wide variety, and in compliance with the nutritional recommended dietary allowance, in order to meet your vitamin and mineral needs such as b12.",csusm
7nbf1v,"The yolk differences between a store bought egg (top), versus 2 eggs from my neighbors personal farm.","Not sure why you got down-voted. legumes (lentils/beans) and whole grains are dirt cheap and much cheaper per gram of protein. Also don't have to worry about antibiotics etc. Although you should always eat legumes/beans/peas, and whole grains together to supplement for the low-levels of certain amino acids in them. You can have a completely healthy diet by eating only fruits, vegetables, legumes, nuts, whole grains, etc. Just make sure you eat a wide variety, and in compliance with the nutritional recommended dietary allowance, in order to meet your vitamin and mineral needs such as b12.",mildlyinteresting
7qip2z,Could I have a Grade-Three Ankle Sprain?,"Not sure why you got down-voted. legumes (lentils/beans) and whole grains are dirt cheap and much cheaper per gram of protein. Also don't have to worry about antibiotics etc. Although you should always eat legumes/beans/peas, and whole grains together to supplement for the low-levels of certain amino acids in them. You can have a completely healthy diet by eating only fruits, vegetables, legumes, nuts, whole grains, etc. Just make sure you eat a wide variety, and in compliance with the nutritional recommended dietary allowance, in order to meet your vitamin and mineral needs such as b12.",AskDocs
7sm0jc,Cheap bulk food to gain weight?,"Not sure why you got down-voted. legumes (lentils/beans) and whole grains are dirt cheap and much cheaper per gram of protein. Also don't have to worry about antibiotics etc. Although you should always eat legumes/beans/peas, and whole grains together to supplement for the low-levels of certain amino acids in them. You can have a completely healthy diet by eating only fruits, vegetables, legumes, nuts, whole grains, etc. Just make sure you eat a wide variety, and in compliance with the nutritional recommended dietary allowance, in order to meet your vitamin and mineral needs such as b12.",Fitness
7zge0k,"Why has it taken other countries so long to form coded constitutions and establish basic human rights and civilization, compared to countries like European countries and the Unites States?","Not sure why you got down-voted. legumes (lentils/beans) and whole grains are dirt cheap and much cheaper per gram of protein. Also don't have to worry about antibiotics etc. Although you should always eat legumes/beans/peas, and whole grains together to supplement for the low-levels of certain amino acids in them. You can have a completely healthy diet by eating only fruits, vegetables, legumes, nuts, whole grains, etc. Just make sure you eat a wide variety, and in compliance with the nutritional recommended dietary allowance, in order to meet your vitamin and mineral needs such as b12.",AskReddit
7zhept,"Why has it taken other countries so long to form coded constitutions and establish basic human rights and civilization, compared to countries like European countries and the Unites States?","Not sure why you got down-voted. legumes (lentils/beans) and whole grains are dirt cheap and much cheaper per gram of protein. Also don't have to worry about antibiotics etc. Although you should always eat legumes/beans/peas, and whole grains together to supplement for the low-levels of certain amino acids in them. You can have a completely healthy diet by eating only fruits, vegetables, legumes, nuts, whole grains, etc. Just make sure you eat a wide variety, and in compliance with the nutritional recommended dietary allowance, in order to meet your vitamin and mineral needs such as b12.",askscience
848i50,What are signs that P.O.S people go to your school?,"Not sure why you got down-voted. legumes (lentils/beans) and whole grains are dirt cheap and much cheaper per gram of protein. Also don't have to worry about antibiotics etc. Although you should always eat legumes/beans/peas, and whole grains together to supplement for the low-levels of certain amino acids in them. You can have a completely healthy diet by eating only fruits, vegetables, legumes, nuts, whole grains, etc. Just make sure you eat a wide variety, and in compliance with the nutritional recommended dietary allowance, in order to meet your vitamin and mineral needs such as b12.",AskReddit
86g2iu,"When reading a users comment, what's their voice like?","Not sure why you got down-voted. legumes (lentils/beans) and whole grains are dirt cheap and much cheaper per gram of protein. Also don't have to worry about antibiotics etc. Although you should always eat legumes/beans/peas, and whole grains together to supplement for the low-levels of certain amino acids in them. You can have a completely healthy diet by eating only fruits, vegetables, legumes, nuts, whole grains, etc. Just make sure you eat a wide variety, and in compliance with the nutritional recommended dietary allowance, in order to meet your vitamin and mineral needs such as b12.",AskReddit
86vkjl,"Searching for the perfect video to watch while eating, is the PG version of searching for the perfect porn video.","Not sure why you got down-voted. legumes (lentils/beans) and whole grains are dirt cheap and much cheaper per gram of protein. Also don't have to worry about antibiotics etc. Although you should always eat legumes/beans/peas, and whole grains together to supplement for the low-levels of certain amino acids in them. You can have a completely healthy diet by eating only fruits, vegetables, legumes, nuts, whole grains, etc. Just make sure you eat a wide variety, and in compliance with the nutritional recommended dietary allowance, in order to meet your vitamin and mineral needs such as b12.",Showerthoughts
87frj9,"Herbal Salvation website glitch, or new change?","Not sure why you got down-voted. legumes (lentils/beans) and whole grains are dirt cheap and much cheaper per gram of protein. Also don't have to worry about antibiotics etc. Although you should always eat legumes/beans/peas, and whole grains together to supplement for the low-levels of certain amino acids in them. You can have a completely healthy diet by eating only fruits, vegetables, legumes, nuts, whole grains, etc. Just make sure you eat a wide variety, and in compliance with the nutritional recommended dietary allowance, in order to meet your vitamin and mineral needs such as b12.",kratom
87veve,Can quick oats be eaten without cooking?,"Not sure why you got down-voted. legumes (lentils/beans) and whole grains are dirt cheap and much cheaper per gram of protein. Also don't have to worry about antibiotics etc. Although you should always eat legumes/beans/peas, and whole grains together to supplement for the low-levels of certain amino acids in them. You can have a completely healthy diet by eating only fruits, vegetables, legumes, nuts, whole grains, etc. Just make sure you eat a wide variety, and in compliance with the nutritional recommended dietary allowance, in order to meet your vitamin and mineral needs such as b12.",Baking
887d9h,"Came across this old gem earlier today, filled with nostalgic references.","Not sure why you got down-voted. legumes (lentils/beans) and whole grains are dirt cheap and much cheaper per gram of protein. Also don't have to worry about antibiotics etc. Although you should always eat legumes/beans/peas, and whole grains together to supplement for the low-levels of certain amino acids in them. You can have a completely healthy diet by eating only fruits, vegetables, legumes, nuts, whole grains, etc. Just make sure you eat a wide variety, and in compliance with the nutritional recommended dietary allowance, in order to meet your vitamin and mineral needs such as b12.",videos
887j43,"Came across this old gem earlier today, filled with nostalgic references.","Not sure why you got down-voted. legumes (lentils/beans) and whole grains are dirt cheap and much cheaper per gram of protein. Also don't have to worry about antibiotics etc. Although you should always eat legumes/beans/peas, and whole grains together to supplement for the low-levels of certain amino acids in them. You can have a completely healthy diet by eating only fruits, vegetables, legumes, nuts, whole grains, etc. Just make sure you eat a wide variety, and in compliance with the nutritional recommended dietary allowance, in order to meet your vitamin and mineral needs such as b12.",PoliticalVideo
88e9t0,Moisturizer that doesn't clog pores?,"Not sure why you got down-voted. legumes (lentils/beans) and whole grains are dirt cheap and much cheaper per gram of protein. Also don't have to worry about antibiotics etc. Although you should always eat legumes/beans/peas, and whole grains together to supplement for the low-levels of certain amino acids in them. You can have a completely healthy diet by eating only fruits, vegetables, legumes, nuts, whole grains, etc. Just make sure you eat a wide variety, and in compliance with the nutritional recommended dietary allowance, in order to meet your vitamin and mineral needs such as b12.",SkincareAddiction
88f5no,Has anyone noticed a reduction in acne when using ashwagandha?,"Not sure why you got down-voted. legumes (lentils/beans) and whole grains are dirt cheap and much cheaper per gram of protein. Also don't have to worry about antibiotics etc. Although you should always eat legumes/beans/peas, and whole grains together to supplement for the low-levels of certain amino acids in them. You can have a completely healthy diet by eating only fruits, vegetables, legumes, nuts, whole grains, etc. Just make sure you eat a wide variety, and in compliance with the nutritional recommended dietary allowance, in order to meet your vitamin and mineral needs such as b12.",Nootropics
893tz7,"Spilt water on laptop keyboard last night, and now keys aren't working!","Not sure why you got down-voted. legumes (lentils/beans) and whole grains are dirt cheap and much cheaper per gram of protein. Also don't have to worry about antibiotics etc. Although you should always eat legumes/beans/peas, and whole grains together to supplement for the low-levels of certain amino acids in them. You can have a completely healthy diet by eating only fruits, vegetables, legumes, nuts, whole grains, etc. Just make sure you eat a wide variety, and in compliance with the nutritional recommended dietary allowance, in order to meet your vitamin and mineral needs such as b12.",techsupport
8a5tfy,This easy-open blister pack,"Not sure why you got down-voted. legumes (lentils/beans) and whole grains are dirt cheap and much cheaper per gram of protein. Also don't have to worry about antibiotics etc. Although you should always eat legumes/beans/peas, and whole grains together to supplement for the low-levels of certain amino acids in them. You can have a completely healthy diet by eating only fruits, vegetables, legumes, nuts, whole grains, etc. Just make sure you eat a wide variety, and in compliance with the nutritional recommended dietary allowance, in order to meet your vitamin and mineral needs such as b12.",mildlyinteresting
