Comment_ID,Comment_Submission,Comment_Text,Subreddit
dpz79a5,I was supposed to stop opiates and i just took some,"I used to do drugs, I still do, but I used to too.",opiates
dq078nu,I was supposed to stop opiates and i just took some,R.I.P.,opiates
drlwf4d,Looking for a new alternative,Phenibut,researchchemicals
drrhh5l,CJ is going to do an AMA right here!,Stoked!!!!,ramones
ds46hdy,"Yo Denton, Texas! Are you super bored and need stuff to do this month? Check out our shows!",Does anyone here know innards?,Emo
ds47l4h,"Yo Denton, Texas! Are you super bored and need stuff to do this month? Check out our shows!",Sick! Yeah I know tommy is doing some other shit right now pretty sure. My old band did a split with them. Didn't know people knew,Emo
ds48l7h,"Yo Denton, Texas! Are you super bored and need stuff to do this month? Check out our shows!",Probly the one you can't spell lol mnwa,Emo
dsco75e,Erik and Pat playing a show together. Really awe inspiring,Awwwwwe,FolkPunk
dsr6c3m,Looking for old Plan-it-X digital downloads.,rosa!!!!,FolkPunk
dsz4rip,Going to treatment today.,You must be new,opiates
dt00y7x,Nice lil chunk from my favorite mailman ;),Are u talking about phelps?,opiates
dt011ws,"Lol saw this board at the skate shop and it made me think of you guys...Heroin Skateboards hahaha what a name for a brand, don’t ya think??",The team is fucking sick though. I think it's more how skating is addictive not like pro drug,opiates
dt04a60,Nice lil chunk from my favorite mailman ;),Yeah so was I..... Phelps started thrasher....,opiates
dt05o3l,Nice lil chunk from my favorite mailman ;),Jake phelps is chief editor at thrasher. Pretty much the face of it.,opiates
dt0hfal,Nice lil chunk from my favorite mailman ;),I made a simple mistake. I don't watch Viceland.,opiates
dtef2il,WDs are kicking my ass and these have been my best friends today. Last two.,Last one out of liberty city BURN IT TO THE GROUND,opiates
dtnznq0,HEY KIDS I’M CJ RAMONE AMA!!,"TAKE IT CJ!!

Who was your favorite drummer ? What's your favorite album that you didn't play on? Love you my life wouldn't be the same with out your music! Thanks for everything",ramones
duh61k9,Whats your favourite local folkpunk artist/band?,Drug money from maryland,FolkPunk
duorpa4,Post your favorite patches,Had this one for over 10 years now.been on like 4 different shirts/hoodies.and that's just when it was in my possession.,sludge
duw80ps,As requested here are some more pages from the Ramones notebook,So amazing.,punk
duy7sbe,Twenty Years of Recovery,So amazing woot woot,opiates
dv3xh7c,Who loves Emma?!,"Let my gravestone read ""rest in p funk"" cause no pulse is no excuse not to dance""",Anarchism
dvzvlu2,Swapped barrel off my Dam to my Omen cause it is better than stock Omen barrell. Will use first time this year this weekend.,Only ever saw one of those in the wild. My friend had one like 15 years ago lol. Do u like it ?,paintball
dwj9y6t,"Some people asked for my fav songs(except for the album ghost stories bc that’s amazing also) to get high to, I couldn’t fit every single song in this screen shot so if you know how to make a long screen shot let me know. Sorry don’t kno how lol",+1 for placebo!!,opiates
dwsm6xo,Sleep Vogue Theater 04.03.2018,Pls respond,stonermetal
