Submission_ID,Submission_Title,Submission_Text,Subreddit
3dg7q7,im so sorry,"I used to do drugs, I still do, but I used to too.",opiates
3epskr,just a reminder!,"I used to do drugs, I still do, but I used to too.",opiates
3fy4u4,tapering off subs with dope,"I used to do drugs, I still do, but I used to too.",opiates
3g9a0s,awesome doc,"I used to do drugs, I still do, but I used to too.",opiates
3gw1mh,I thought you cool cats might like one of my favorite shirts...,"I used to do drugs, I still do, but I used to too.",opiates
3mdlfn,Where u at,"I used to do drugs, I still do, but I used to too.",opiates
3mf608,I feel like this should be here,"I used to do drugs, I still do, but I used to too.",trashy
3qvvug,HAPPY HALLOWEEN,"I used to do drugs, I still do, but I used to too.",opiates
3uqg5t,question for the older heads (been skating 10yrs or more),"I used to do drugs, I still do, but I used to too.",skateboarding
3xek7g,"Ok, let's try this again","I used to do drugs, I still do, but I used to too.",opiates
3xxiti,Junkie Jesus,"I used to do drugs, I still do, but I used to too.",opiates
3y6abz,I hope,"I used to do drugs, I still do, but I used to too.",opiates
3yuvqa,dee dee ramone doc,"I used to do drugs, I still do, but I used to too.",opiates
4mo87l,ok well i guess this is it,"I used to do drugs, I still do, but I used to too.",opiates
4q5mxa,Boss gave me some socks at work,"I used to do drugs, I still do, but I used to too.",opiates
4t4v6l,Socal GHK/RHK,"I used to do drugs, I still do, but I used to too.",kratom
5h4bi4,gifts,"I used to do drugs, I still do, but I used to too.",randomactsofspeciosa
5j6yh2,i havent shit in a week.,"I used to do drugs, I still do, but I used to too.",kratom
5jnu13,MOTARK! (and a question),"I used to do drugs, I still do, but I used to too.",kratom
5qg0dq,Baltimore is known for its rare breed of horse,"I used to do drugs, I still do, but I used to too.",opiates
5qrk9j,some people killed their dealer and did his dope for 2 weeks while he laid there in their house,"I used to do drugs, I still do, but I used to too.",opiates
66s08o,TJJIF,"I used to do drugs, I still do, but I used to too.",opiates
73eltp,100,"I used to do drugs, I still do, but I used to too.",dopeypodcast
7zktmk,Post your favorite patches,"I used to do drugs, I still do, but I used to too.",sludge
80gncz,Friend just sits like this all the time,"I used to do drugs, I still do, but I used to too.",u_needlesandpinnedeyes
