Comment_ID,Comment_Submission,Comment_Text,Subreddit
d7a1mm6,Girls,"Iam on the same page , crazy is fun from my experience.",funny
d7la4u2,Time To Wake Up!,"I used to have a cat that would lick my eye lids to wake me up , needless to say it was no fun.",funny
d87774q,I-75 downtown Detroit this morning,"I live right off of I-75 and I can tell you it's no fun , almost everything is closed as if right now.",pics
d8a1kgm,fogo na bomba,Same thing I thought...,StonerEngineering
d8abkgv,This dog knows what's good for him,"This is really impressive , but the way he shows his teeth made me think he was going to bite the hand or worse.",gifs
d8telrf,My jam [x-post from r/gifsthatendtoosoon],Ahhhhh,gifs
d9adq0x,My spray insulation can had a slight leak.,"When I was around 12 years old I found a can of this stuff , being the 12 year old boy I was I wanted to screaw with it , I proceeded to break the top off which made the can completely empty in my basement. I spent the next 3 days cleaning it up and clogged 2 sinks trying to get it off my hands and put tiny handprints on everything.",mildlyinteresting
dd6g802,Best friends for life,Thought the same thing...,aww
dn45jg8,My best friend found this tag when they were cleaning out her grandmas house on some old BERENSTEIN Bears.,Why the hell is this interesting,mildlyinteresting
dn45m7c,"About 40% of ""worker"" ants, just hang around, doing nothing",Error,science
doxmm4l,2meirl4meirl,I cant be the only one that gets happier for fall then summer ...,2meirl4meirl
doxn051,I build a modular PC Desk,"That is got dang impressive , good for you man .",DIY
doxnhq1,I build a modular PC Desk,"I honestly would pay very, VERY good money for even just the desk with no guts . I hope you make something else cool.",DIY
drrgtsr,5th Christmas together. I’m so thankful to have such a supportive and caring guy by my side. Me(right) him(left),Fags,gaybros
drrhvh6,5th Christmas together. I’m so thankful to have such a supportive and caring guy by my side. Me(right) him(left),Shut up faggot,gaybros
drrk7x5,My husband and I on Christmas Day. Celebrating our 12th wedding anniversary next year!,"I hope you and you're kind are the target of the next holocaust , everytime I try to enjoy a nice Christian holiday , you faggots try to act like you are people or have rights.",gaybrosgonemild
drrliuj,My husband and I on Christmas Day. Celebrating our 12th wedding anniversary next year!,"The POTUS knows you people are a sub species , go shove a dick in you're mouth and shut the fuck up faggot.",gaybrosgonemild
duwmjuo,A B/W Monday morning,"Please , I want to know more about that bed , looks amazing!",malelivingspace
duxc6vh,The amount of drug meme twitter accounts are insane.,Do it please :),opiates
dv4phwp,The money saved is the motivation! Love you all,What app do you use?,opiates
dvdbzj6,'Bout to have the time of my life,💯 That is a thing of pure beauty 💯,DrugStashes
dvsoqj9,Not opiate related,This was nice to wake up and see :),opiates
dvua2nw,"GHB - Experience advice: I only did it Once on a techno party, anyone used it on r&b hiphop parties ? Experience on that kind of music ?",I also would like to know .,DrugStashes
dwlmo0s,"Take a look at my NA tag, and also this baby shot",You must be fun at parties .,opiates
dwogg0l,When someone new starts at work,I laughed way to hard at this,KitchenConfidential
