Comment_ID,Comment_Submission,Comment_Text,Subreddit
dvl0gm3,Xfinity offers streaming TV to internet customers in a nod to cord cutters,"Spectrum offers this for 21$ in Ohio, but the add said $21/2yr, so I think you need a contract with them.",cordcutters
dvl1ize,What an illiterate piece of shit. Sylvester Stallone’s brother.,That was implied in the title of the post.,trashy
dvl1pb9,What an illiterate piece of shit. Sylvester Stallone’s brother.,"I think it's the bragging that is trashy, acting like he's changed someone's life with his 5$.",trashy
dvm9agj,Why does Donald a Trump’s affair with Stormy Daniels matter?,"It's a big deal because the media is bought, and Democrats are teaming up with Republicans to deregulate banks, so it gives the media something else to focus on.",NoStupidQuestions
dvvtzs1,Found on r/Cigarettes. This place is a goldmine,This would be so much better with one of those packs that has a cancerous lung or an aborted fetus on it.,trashy
dvvuc3i,how to hide smoking from parents ??,"You could say your friend's mom smokes at their house, or that some of your friends smoke, you can't really hide it. I would say that you should just try vaping instead.",Cigarettes
dvvw84l,"When toss and wash fails and you have to improvise. #Beatsbeingsick Kratom is a godsend, those who have suffered through withdrawals but never tried this wonderfully effective and amazingly disgusting plant are in for a surprise","I bought on of those peg boards with the holes to organize tools and shit, and drilled all the holes to the appropriate diameter, then place the caps in the holes and dump a bag on there and smooth it out. Compact it with a pencil and repeat. With the medium caps you shouldn't even need to redrill the holes, they fit right in but hold way less. After all that, I just toss and was now.",opiates
dw4kx0j,[US-OH] [H] brand new istick pico [W] PayPal,"Pico Mega doesn't, and it has the same type of battery cap.",ecigclassifieds
dwhg5j0,"I'm a Retired Judge, Constitutional Law Scholar, and Florida Senate Candidate Looking to Bring Democratic Values Back to Florida. I'm Bob Doyel, AMA","What about drugs like cocaine and heroin, would you like to see those decriminalized and controlled in a safer manner?",politics
dwjuir6,Drug scene in USA amongst middle class “old people”,"This is why I wish it was all just legal and controlled. I would love to boil up some poppy tea for pain. As of now, if shit gets bad, my only choice would be 80mg oxy, and I wouldn't want to take it all, so I'd split it into eight peices to stretch it out, and at the end of the week I would have myself a new habit. I've been down that road before, and now I have too much to lose,  so I just take Tylenol and wait for the day that I can get some legit, affordable, sustainable opiates that are good for pain.",Drugs
dwk80eg,Drug scene in USA amongst middle class “old people”,"I've been using it to get off of subs and I'm 6 days in so far, it's been a life saver. I'm not sure if kratom will be sustainable either in the long term, unless the problems I'm having now are due to strains and dosage, and I hope that is the case. 

I think I was taking the wrong strains at the wrong times, and switching between strains to test them too often, because I was waking up in the middle of the night and early mornings in a panic, like I was detoxing from heroin or something. At first  I thought it was sub WD since I was 4 days in, so I took 2mg and it didn't help at all, so it must have been kratom causing it. You're right, this shit is very fickle, but it is amazing. I hope I can figure it out because it really helps.",Drugs
dwk8uil,Drug scene in USA amongst middle class “old people”,"What if you found out your kid was giving away their adhd meds to friends, stealing pain pills and Xanax to give to friends, and smoking bud, all by taking their phone from them and reading texts? Does consent really matter at that point? Kids aren't always honest with their parents,  and the parent is just at much at risk in  this situation as the kid is, plus other people's children are in danger. 

I always make my daughter give me the phone,  a nd she knows I'm looking through it, and I only take it if she's given me a very good reason, but I wouldn't blame someone for sneaking in either. I got my daughter out of a really fucked up situation by checking her texts, and she was glad I did, but too terrified to come to me about it. You shouldn't ever judge another person for how they might have to parent their kids, you might have little angels, or enough money to lawyer up a 14 year old to avoid a felony,  but we don't all have that luxury.",Drugs
dwncy26,What would you do?,"My brother's dog used to smoke crack and eat Xanax when he was on that stuff. I say used to because he's dead now, and you sound a lot like him.  Is suboxone an option for you, that might help more than that bullshit you are on right now.",opiates
dwnwesy,What would you do?,"Just be careful after that shot, a lot of my friends and family's pet dogs have died from using after it wore off. My brother said it made him feel mentally dope sick, but not physically, which sounded worse than being actually dope sick, is that true in your case? Do you feel anything at all? Have you considered kratom for your pet dog, Jeff?",opiates
dwofi3c,What would you do?,"There is a podcast called On Drugs that did an episode on vivitrol, and they said it doesn't just block opiates, it also blocks natural body chems that play on those same receptors, which is really scary. What is the point of blocking opiates if you are extremely unhappy?

 Subs helped me out a lot, but my pet dog is using kratom to get off of that and it's pretty shitty! Kratom is great, but the WD starts after like 3hours, so I can't even get a good night's sleep",opiates
dwst7sm,Just watched Annihilation. Talk about a trippy movie.,"Try Titan, that's another good one. Netflix is really killing it right now.",shrooms
dwstd4v,Just watched Annihilation. Talk about a trippy movie.,"Stephen King? I'll have to check that out. I tried to read the book when I was a teenager, but it was long and confusing.",shrooms
dwtod3z,"Just a reminder, sourcing shrooms is against the rules and posts attempting to do so will result in a permanent ban.",">Also, who the fuck buys shrooms? The shit practically grows itself.

People with kids?",shrooms
dwtyf31,"Just a reminder, sourcing shrooms is against the rules and posts attempting to do so will result in a permanent ban.","14 more years and I'll be able to grow my own, I can't wait! Other than kids, I have the occasional grand parent or family member that comes over trying to force me to clean up the basement, do some sort of repair, or just snoop around. I imagine if you grow your own goods, you have to be a jack of all trades, because I've had countless plumbers,  electricians, HVAC techs etc. in my house, which is stressfull even without a grow operation in the house.",shrooms
dwtytut,"I'm Eric Hafner, I'm running for U.S. Congress in Portland, Oregon (OR-3). I want to legalize all drugs, including opiates, but offer ibogaine therapy too, and free drugs for addicts via prescription.","Suboxone is about the same price per day from a pharmacy as a heroin habit is on the street, they will even sell it to you on a daily basis like dealers do, this idea isn't as crazy as people think. I think I read in the book Narconomics, it was stated that heroin costs about he same price as coffee to produce, it's just the black market that causes it to inflate,  much like suboxone inflates because of the greedy pharm companies.",opiates
dwvqdmv,"Just a reminder, sourcing shrooms is against the rules and posts attempting to do so will result in a permanent ban.","That really sucks how they treat vets, these people are fucked in the head. 

>
Drugs will ruin your life, because the government will make sure to ruin your life.


Tell me about it, I have three felonies that all stem from being caught with $5 worth of cocaine, I still deal with it when looking for a decent job,  because who wants to hire a dangerous 3 time felon? I've never commited an actual crime, meaning you could never produce a victim or anyone who was hurt due to my drug use. I've never even ripped off another drug user lol.",shrooms
dwvr4ut,"I'm Eric Hafner, I'm running for U.S. Congress in Portland, Oregon (OR-3). I want to legalize all drugs, including opiates, but offer ibogaine therapy too, and free drugs for addicts via prescription.","I see I wasnt very clear, and that was supposed to be me pointing out the absurdity of the price of Suboxone treatment, not me  advocating for big pharma to run the Heroin program as well. Suboxone costs around 1.5 million per kilo at a pharmacy, and amphetamines cost even more, why would they charge any less for heroin?

 Ideally this stuff would be run by people who actually wasn't too help, not just make profit.",opiates
dww3r4v,"I'm Eric Hafner, I'm running for U.S. Congress in Portland, Oregon (OR-3). I want to legalize all drugs, including opiates, but offer ibogaine therapy too, and free drugs for addicts via prescription.","We would only have to look to the Netherlands and see how they do it, they already have something like this, but I won't hold my breath.",opiates
dwxeftb,First time cocaine,This story is just like that movie Basketball Diaries.,Drugs
dwxep09,AITA: For changing the Netflix password,"Not the asshole, just tell them your account was canceled because of sharing, or you're unable to pay the $150 late bill. If you choose the latter, they will either break you off some cash, or never call you again.",AmItheAsshole
