Submission_ID,Submission_Title,Submission_Text,Subreddit
6i0okz,"[US-OH] [H] PayPal, Avocado 24, Limitless XL [W] SS Limitless Plus and or Limitless Classic RDTA.","Spectrum offers this for 21$ in Ohio, but the add said $21/2yr, so I think you need a contract with them.",ecigclassifieds
6pauha,[H]Cartel Rev 160 and OBS 25mm RTA [W] PayPal,"Spectrum offers this for 21$ in Ohio, but the add said $21/2yr, so I think you need a contract with them.",ecigclassifieds
6pb1gy,[US-OH][H] Cartel 160 and OBS 25mm [W] PayPal,"Spectrum offers this for 21$ in Ohio, but the add said $21/2yr, so I think you need a contract with them.",ecigclassifieds
6plynj,Break Them Early So They Will Be Afraid To Resist Their Master's Demands.,"Spectrum offers this for 21$ in Ohio, but the add said $21/2yr, so I think you need a contract with them.",LateStageCapitalism
6pxa1r,[OS-OH][H]Cartel 160 mod and Ammit Dual RTA w/ married VCT5 [W] PayPal,"Spectrum offers this for 21$ in Ohio, but the add said $21/2yr, so I think you need a contract with them.",ecigclassifieds
6pxcso,[US-OH][H]Cartel 160 Mod And Ammit Dual RTA W/ Married VCT5 [W] PayPal,"Spectrum offers this for 21$ in Ohio, but the add said $21/2yr, so I think you need a contract with them.",ecigclassifieds
6pxfna,[US-OH][H]Cartel 160 Mod And Ammit Dual RTA W/ Married VCT5 [W] PayPal • r/ecigclassifieds,"Spectrum offers this for 21$ in Ohio, but the add said $21/2yr, so I think you need a contract with them.",electronic_cigarette
6qd4a8,2005 Jetta 2.5 Intermittent AC Problem,"Spectrum offers this for 21$ in Ohio, but the add said $21/2yr, so I think you need a contract with them.",jetta
6rau2t,"Lost Vape Drone, Check Battery Message","Spectrum offers this for 21$ in Ohio, but the add said $21/2yr, so I think you need a contract with them.",electronic_cigarette
6s8acs,"[US-OH] [H] OBS Engine, OG Sig150, Ammit Dual, Troll RTA, Limitless XL 32gx3/40 clapton wire [W] PayPal","Spectrum offers this for 21$ in Ohio, but the add said $21/2yr, so I think you need a contract with them.",ecigclassifieds
6s8ls5,"[US-OH] [H] OBS Engine, OG Sig150, Ammit Dual, Troll RTA, Limitless XL 32gx3/40 clapton wire [W] PayPal • r/ecigclassifieds","Spectrum offers this for 21$ in Ohio, but the add said $21/2yr, so I think you need a contract with them.",electronic_cigarette
71dq3x,A few questions about Therion 75c and Therion 75c BF.,"Spectrum offers this for 21$ in Ohio, but the add said $21/2yr, so I think you need a contract with them.",electronic_cigarette
71eb4m,"Purchased S7 Active that was rooted unknowingly, now WIFI doesn't work and Samsung won't fix it.","Spectrum offers this for 21$ in Ohio, but the add said $21/2yr, so I think you need a contract with them.",AndroidQuestions
7do122,[US-OH][H]Therion 75c and Limitless Gold RDTA [W] PayPal,"Spectrum offers this for 21$ in Ohio, but the add said $21/2yr, so I think you need a contract with them.",ecigclassifieds
7dob0z,[US-OH][H]Therion 75c and Limitless Gold RDTA [W] PayPal (x-post),"Spectrum offers this for 21$ in Ohio, but the add said $21/2yr, so I think you need a contract with them.",electronic_cigarette
7g72bz,GMC Envoy XL SLT 2004,"Spectrum offers this for 21$ in Ohio, but the add said $21/2yr, so I think you need a contract with them.",CheckthisVin
7gf6ep,[US-OH] [H]Therion 75c Limitless Gold RDTA Efeat Soda charger 2 Sony VCT6[W] $110 PayPal,"Spectrum offers this for 21$ in Ohio, but the add said $21/2yr, so I think you need a contract with them.",ecigclassifieds
7gf7hp,[US-OH] [H]Therion 75c Limitless Gold RDTA Efeat Soda charger 2 Sony VCT6[W] $110 PayPal,"Spectrum offers this for 21$ in Ohio, but the add said $21/2yr, so I think you need a contract with them.",electronic_cigarette
7h41vy,[US-OH] [H] PayPal [W]Nautilus/Nautilus Mini BVC Coils,"Spectrum offers this for 21$ in Ohio, but the add said $21/2yr, so I think you need a contract with them.",ecigclassifieds
7h41yr,[US-OH] [H] PayPal [W]Nautilus/Nautilus Mini BVC Coils,"Spectrum offers this for 21$ in Ohio, but the add said $21/2yr, so I think you need a contract with them.",electronic_cigarette
7hb52c,"[US-OH][H] Limitless Gold, Aspire Triton, Limitless XL [W] PayPal","Spectrum offers this for 21$ in Ohio, but the add said $21/2yr, so I think you need a contract with them.",ecigclassifieds
7hbcua,"[US-OH][H] Limitless Gold, Aspire Triton, Limitless XL [W] PayPal (x-post /r/ecigclassifieds)","Spectrum offers this for 21$ in Ohio, but the add said $21/2yr, so I think you need a contract with them.",electronic_cigarette
7mwmjf,"If you have diarrhea, bank a few extra wipes at home! This way you don't have to worry about wiping at work while you're on the clock!","Spectrum offers this for 21$ in Ohio, but the add said $21/2yr, so I think you need a contract with them.",ShittyLifeProTips
7o5hc2,[US-OH] [H] PayPal [W] Used HDD or SSD for iMac 27in mid 2011 model,"Spectrum offers this for 21$ in Ohio, but the add said $21/2yr, so I think you need a contract with them.",hardwareswap
7o5ll7,[USA-OH] [H] PayPal [W] SSD or HDD that will fit iMac27 mid 2011,"Spectrum offers this for 21$ in Ohio, but the add said $21/2yr, so I think you need a contract with them.",hardwareswap
